<?xml version="1.0" encoding="utf-8" ?>
<dwsync>
<file name="Application.cfm" server="gregoryalexander.com/wwwroot/" local="131874301610133598" remote="131892501000000000" Dst="1" />
<file name="category.cfm" server="gregoryalexander.com/wwwroot/" local="131874301611453908" remote="131892501000000000" Dst="1" />
<file name="categories.cfm" server="gregoryalexander.com/wwwroot/" local="131874301608310914" remote="131892501000000000" Dst="1" />
<file name="comment.cfm" server="gregoryalexander.com/wwwroot/" local="131874301608210986" remote="131892501000000000" Dst="1" />
<file name="entries.cfm" server="gregoryalexander.com/wwwroot/" local="131874301611643931" remote="131892501000000000" Dst="1" />
<file name="comments.cfm" server="gregoryalexander.com/wwwroot/" local="131874301611133959" remote="131892501000000000" Dst="1" />
<file name="entry.cfm" server="gregoryalexander.com/wwwroot/" local="131874301611253859" remote="131892501000000000" Dst="1" />
<file name="entry_comments.cfm" server="gregoryalexander.com/wwwroot/" local="131874301610043570" remote="131892501000000000" Dst="1" />
<file name="filemanager.cfm" server="gregoryalexander.com/wwwroot/" local="131874301611543918" remote="131892501000000000" Dst="1" />
<file name="imgbrowse.cfm" server="gregoryalexander.com/wwwroot/" local="131874301610863763" remote="131892501000000000" Dst="1" />
<file name="imgwin.cfm" server="gregoryalexander.com/wwwroot/" local="131874301610223620" remote="131892501000000000" Dst="1" />
<file name="index.cfm" server="gregoryalexander.com/wwwroot/" local="131874301609673586" remote="131892501000000000" Dst="1" />
<file name="login.cfm" server="gregoryalexander.com/wwwroot/" local="131874301610593701" remote="131892501000000000" Dst="1" />
<file name="latestversioncheck.cfm" server="gregoryalexander.com/wwwroot/" local="131874301609773514" remote="131892501000000000" Dst="1" />
<file name="mailsubscribers.cfm" server="gregoryalexander.com/wwwroot/" local="131874301611743952" remote="131892501000000000" Dst="1" />
<file name="notify.cfm" server="gregoryalexander.com/wwwroot/" local="131874301610963782" remote="131892501000000000" Dst="1" />
<file name="moderate.cfm" server="gregoryalexander.com/wwwroot/" local="131874301612024026" remote="131892501000000000" Dst="1" />
<file name="page.cfm" server="gregoryalexander.com/wwwroot/" local="131874301612124051" remote="131892501000000000" Dst="1" />
<file name="pages.cfm" server="gregoryalexander.com/wwwroot/" local="131874301611053807" remote="131892501000000000" Dst="1" />
<file name="pod.cfm" server="gregoryalexander.com/wwwroot/" local="131874301609573474" remote="131892501000000000" Dst="1" />
<file name="podform.cfm" server="gregoryalexander.com/wwwroot/" local="131874301611344032" remote="131892501000000000" Dst="1" />
<file name="pods.cfm" server="gregoryalexander.com/wwwroot/" local="131874301610413654" remote="131892501000000000" Dst="1" />
<file name="proxy.cfm" server="gregoryalexander.com/wwwroot/" local="131874301609953551" remote="131892501000000000" Dst="1" />
<file name="settings.cfm" server="gregoryalexander.com/wwwroot/" local="132034133196378474" remote="132034204800000000" Dst="2" />
<file name="slideshow.cfm" server="gregoryalexander.com/wwwroot/" local="131874301608030846" remote="131892501000000000" Dst="1" />
<file name="slideshows.cfm" server="gregoryalexander.com/wwwroot/" local="131874301609853623" remote="131892501000000000" Dst="1" />
<file name="showpods.cfm" server="gregoryalexander.com/wwwroot/" local="131874301610783744" remote="131892501000000000" Dst="1" />
<file name="subscribers.cfm" server="gregoryalexander.com/wwwroot/" local="131874301610683741" remote="131892501000000000" Dst="1" />
<file name="textblock.cfm" server="gregoryalexander.com/wwwroot/" local="131874301610503685" remote="131892501000000000" Dst="1" />
<file name="stats.cfm" server="gregoryalexander.com/wwwroot/" local="131874301612214076" remote="131892501000000000" Dst="1" />
<file name="textblocks.cfm" server="gregoryalexander.com/wwwroot/" local="131874301612314082" remote="131892501000000000" Dst="1" />
<file name="updatepassword.cfm" server="gregoryalexander.com/wwwroot/" local="131874301608120874" remote="131892501000000000" Dst="1" />
<file name="user.cfm" server="gregoryalexander.com/wwwroot/" local="131874301610323642" remote="131892501000000000" Dst="1" />
<file name="users.cfm" server="gregoryalexander.com/wwwroot/" local="131874301611833983" remote="131892501000000000" Dst="1" />
<file name="categories.cfm" server="ntc6-p2stl.ezhostingserver.com/wwwroot/" local="131874301608310914" remote="132034732800000000" Dst="2" />
<file name="category.cfm" server="ntc6-p2stl.ezhostingserver.com/wwwroot/" local="131874301611453908" remote="132034732800000000" Dst="2" />
<file name="comment.cfm" server="ntc6-p2stl.ezhostingserver.com/wwwroot/" local="131874301608210986" remote="132034732800000000" Dst="2" />
<file name="entries.cfm" server="ntc6-p2stl.ezhostingserver.com/wwwroot/" local="131874301611643931" remote="132034732800000000" Dst="2" />
<file name="comments.cfm" server="ntc6-p2stl.ezhostingserver.com/wwwroot/" local="131874301611133959" remote="132034732800000000" Dst="2" />
<file name="entry.cfm" server="ntc6-p2stl.ezhostingserver.com/wwwroot/" local="132039268823846248" remote="132039340800000000" Dst="2" />
<file name="entry_comments.cfm" server="ntc6-p2stl.ezhostingserver.com/wwwroot/" local="131874301610043570" remote="132034732800000000" Dst="2" />
<file name="filemanager.cfm" server="ntc6-p2stl.ezhostingserver.com/wwwroot/" local="132040159504650245" remote="132040231200000000" Dst="2" />
<file name="imgbrowse.cfm" server="ntc6-p2stl.ezhostingserver.com/wwwroot/" local="131874301610863763" remote="132034732800000000" Dst="2" />
<file name="imgwin.cfm" server="ntc6-p2stl.ezhostingserver.com/wwwroot/" local="131874301610223620" remote="132034732800000000" Dst="2" />
<file name="index.cfm" server="ntc6-p2stl.ezhostingserver.com/wwwroot/" local="132040148603854096" remote="132040220400000000" Dst="2" />
<file name="latestversioncheck.cfm" server="ntc6-p2stl.ezhostingserver.com/wwwroot/" local="131874301609773514" remote="132034732800000000" Dst="2" />
<file name="login.cfm" server="ntc6-p2stl.ezhostingserver.com/wwwroot/" local="131874301610593701" remote="132034732800000000" Dst="2" />
<file name="mailsubscribers.cfm" server="ntc6-p2stl.ezhostingserver.com/wwwroot/" local="131874301611743952" remote="132034732800000000" Dst="2" />
<file name="notify.cfm" server="ntc6-p2stl.ezhostingserver.com/wwwroot/" local="131874301610963782" remote="132034732800000000" Dst="2" />
<file name="moderate.cfm" server="ntc6-p2stl.ezhostingserver.com/wwwroot/" local="132039956952139973" remote="132040028400000000" Dst="2" />
<file name="page.cfm" server="ntc6-p2stl.ezhostingserver.com/wwwroot/" local="131874301612124051" remote="132034732800000000" Dst="2" />
<file name="pages.cfm" server="ntc6-p2stl.ezhostingserver.com/wwwroot/" local="131874301611053807" remote="132034732800000000" Dst="2" />
<file name="pod.cfm" server="ntc6-p2stl.ezhostingserver.com/wwwroot/" local="131874301609573474" remote="132034732800000000" Dst="2" />
<file name="podform.cfm" server="ntc6-p2stl.ezhostingserver.com/wwwroot/" local="131874301611344032" remote="132034732800000000" Dst="2" />
<file name="pods.cfm" server="ntc6-p2stl.ezhostingserver.com/wwwroot/" local="131874301610413654" remote="132034732800000000" Dst="2" />
<file name="proxy.cfm" server="ntc6-p2stl.ezhostingserver.com/wwwroot/" local="131874301609953551" remote="132034732800000000" Dst="2" />
<file name="settings.cfm" server="ntc6-p2stl.ezhostingserver.com/wwwroot/" local="132039836292751124" remote="132039907800000000" Dst="2" />
<file name="showpods.cfm" server="ntc6-p2stl.ezhostingserver.com/wwwroot/" local="131874301610783744" remote="132034732800000000" Dst="2" />
<file name="slideshow.cfm" server="ntc6-p2stl.ezhostingserver.com/wwwroot/" local="131874301608030846" remote="132034732800000000" Dst="2" />
<file name="slideshows.cfm" server="ntc6-p2stl.ezhostingserver.com/wwwroot/" local="131874301609853623" remote="132034732800000000" Dst="2" />
<file name="stats.cfm" server="ntc6-p2stl.ezhostingserver.com/wwwroot/" local="132039264343392262" remote="132039336000000000" Dst="2" />
<file name="textblock.cfm" server="ntc6-p2stl.ezhostingserver.com/wwwroot/" local="131874301610503685" remote="132034732800000000" Dst="2" />
<file name="subscribers.cfm" server="ntc6-p2stl.ezhostingserver.com/wwwroot/" local="131874301610683741" remote="132034732800000000" Dst="2" />
<file name="textblocks.cfm" server="ntc6-p2stl.ezhostingserver.com/wwwroot/" local="131874301612314082" remote="132034732800000000" Dst="2" />
<file name="updatepassword.cfm" server="ntc6-p2stl.ezhostingserver.com/wwwroot/" local="131874301608120874" remote="132034732800000000" Dst="2" />
<file name="user.cfm" server="ntc6-p2stl.ezhostingserver.com/wwwroot/" local="131874301610323642" remote="132034732800000000" Dst="2" />
<file name="users.cfm" server="ntc6-p2stl.ezhostingserver.com/wwwroot/" local="131874301611833983" remote="132034732800000000" Dst="2" />
<file name="application.cfm" server="ntc6-p2stl.ezhostingserver.com/wwwroot/" local="132039289634067596" remote="132039361800000000" Dst="2" />
<file name="categories.cfm" server="ftp.gregorysblog.org/wwwroot/" local="132046799892305244" remote="132047068200000000" Dst="2" />
<file name="comment.cfm" server="ftp.gregorysblog.org/wwwroot/" local="132046799892485287" remote="132047068200000000" Dst="2" />
<file name="comments.cfm" server="ftp.gregorysblog.org/wwwroot/" local="132046799892585306" remote="132047068200000000" Dst="2" />
<file name="category.cfm" server="ftp.gregorysblog.org/wwwroot/" local="132046799892395265" remote="132047068200000000" Dst="2" />
<file name="entry.cfm" server="ftp.gregorysblog.org/wwwroot/" local="132046799892765343" remote="132047068200000000" Dst="2" />
<file name="entries.cfm" server="ftp.gregorysblog.org/wwwroot/" local="132046799892675330" remote="132047068200000000" Dst="2" />
<file name="entry_comments.cfm" server="ftp.gregorysblog.org/wwwroot/" local="132046799892855455" remote="132047068200000000" Dst="2" />
<file name="imgbrowse.cfm" server="ftp.gregorysblog.org/wwwroot/" local="132046799893045414" remote="132047068200000000" Dst="2" />
<file name="imgwin.cfm" server="ftp.gregorysblog.org/wwwroot/" local="132046799893135442" remote="132047068200000000" Dst="2" />
<file name="filemanager.cfm" server="ftp.gregorysblog.org/wwwroot/" local="132048837495526028" remote="132048909000000000" Dst="2" />
<file name="index.cfm" server="ftp.gregorysblog.org/wwwroot/" local="132046799893235445" remote="132047068200000000" Dst="2" />
<file name="latestversioncheck.cfm" server="ftp.gregorysblog.org/wwwroot/" local="132046799893335563" remote="132047068200000000" Dst="2" />
<file name="login.cfm" server="ftp.gregorysblog.org/wwwroot/" local="132046799893535522" remote="132047068200000000" Dst="2" />
<file name="mailsubscribers.cfm" server="ftp.gregorysblog.org/wwwroot/" local="132046799893665543" remote="132047068200000000" Dst="2" />
<file name="moderate.cfm" server="ftp.gregorysblog.org/wwwroot/" local="132046799893755570" remote="132047068200000000" Dst="2" />
<file name="notify.cfm" server="ftp.gregorysblog.org/wwwroot/" local="132046799893845680" remote="132047068200000000" Dst="2" />
<file name="page.cfm" server="ftp.gregorysblog.org/wwwroot/" local="132046799893935605" remote="132047068200000000" Dst="2" />
<file name="pages.cfm" server="ftp.gregorysblog.org/wwwroot/" local="132046799894025630" remote="132047068200000000" Dst="2" />
<file name="podform.cfm" server="ftp.gregorysblog.org/wwwroot/" local="132046799894215682" remote="132047068200000000" Dst="2" />
<file name="pod.cfm" server="ftp.gregorysblog.org/wwwroot/" local="132046799894116955" remote="132047068200000000" Dst="2" />
<file name="pods.cfm" server="ftp.gregorysblog.org/wwwroot/" local="132046799894305694" remote="132047068200000000" Dst="2" />
<file name="proxy.cfm" server="ftp.gregorysblog.org/wwwroot/" local="132046799894395719" remote="132047068200000000" Dst="2" />
<file name="settings.cfm" server="ftp.gregorysblog.org/wwwroot/" local="132048835072037066" remote="132048906600000000" Dst="2" />
<file name="showpods.cfm" server="ftp.gregorysblog.org/wwwroot/" local="132046799894575841" remote="132047068200000000" Dst="2" />
<file name="slideshow.cfm" server="ftp.gregorysblog.org/wwwroot/" local="132046799894665863" remote="132047068200000000" Dst="2" />
<file name="slideshows.cfm" server="ftp.gregorysblog.org/wwwroot/" local="132046799894757801" remote="132047068200000000" Dst="2" />
<file name="stats.cfm" server="ftp.gregorysblog.org/wwwroot/" local="132046799894845816" remote="132047068200000000" Dst="2" />
<file name="textblock.cfm" server="ftp.gregorysblog.org/wwwroot/" local="132046799895035856" remote="132047068200000000" Dst="2" />
<file name="subscribers.cfm" server="ftp.gregorysblog.org/wwwroot/" local="132046799894945849" remote="132047068200000000" Dst="2" />
<file name="textblocks.cfm" server="ftp.gregorysblog.org/wwwroot/" local="132046799895126014" remote="132047068200000000" Dst="2" />
<file name="user.cfm" server="ftp.gregorysblog.org/wwwroot/" local="132046799895315921" remote="132047068200000000" Dst="2" />
<file name="users.cfm" server="ftp.gregorysblog.org/wwwroot/" local="132046799895415937" remote="132047068200000000" Dst="2" />
<file name="updatepassword.cfm" server="ftp.gregorysblog.org/wwwroot/" local="132046799895215897" remote="132047068200000000" Dst="2" />
<file name="Application.cfm" server="ftp.gregorysblog.org/wwwroot/" local="132044532284324526" remote="132044604000000000" Dst="2" />
<file name="application.cfm" server="ftp.gregorysblog.org/wwwroot/" local="132048793376854491" remote="132048865800000000" Dst="2" />
</dwsync>