<?xml version="1.0" encoding="utf-8" ?>
<dwsync>
<file name="actionsheet.css" server="gregoryalexander.com/wwwroot/" local="132034610376501740" remote="132034690800000000" Dst="2" />
<file name="actionsheet.less" server="gregoryalexander.com/wwwroot/" local="132034609728984766" remote="132034690800000000" Dst="2" />
<file name="all.less" server="gregoryalexander.com/wwwroot/" local="132034609730004998" remote="132034691400000000" Dst="2" />
<file name="base.less" server="gregoryalexander.com/wwwroot/" local="132034609729264744" remote="132034691400000000" Dst="2" />
<file name="button.less" server="gregoryalexander.com/wwwroot/" local="132034609729564806" remote="132034691400000000" Dst="2" />
<file name="button.css" server="gregoryalexander.com/wwwroot/" local="132034610376511749" remote="132034691400000000" Dst="2" />
<file name="buttongroup.less" server="gregoryalexander.com/wwwroot/" local="132034609729194809" remote="132034691400000000" Dst="2" />
<file name="buttongroup.css" server="gregoryalexander.com/wwwroot/" local="132034610376501740" remote="132034691400000000" Dst="2" />
<file name="drawer.css" server="gregoryalexander.com/wwwroot/" local="132034610376511749" remote="132034691400000000" Dst="2" />
<file name="drawer.less" server="gregoryalexander.com/wwwroot/" local="132034609729414771" remote="132034691400000000" Dst="2" />
<file name="forms.less" server="gregoryalexander.com/wwwroot/" local="132034609730084920" remote="132034691400000000" Dst="2" />
<file name="listview.css" server="gregoryalexander.com/wwwroot/" local="132034610376511749" remote="132034691400000000" Dst="2" />
<file name="listview.less" server="gregoryalexander.com/wwwroot/" local="132034609729854866" remote="132034691400000000" Dst="2" />
<file name="modalview.less" server="gregoryalexander.com/wwwroot/" local="132034609729714839" remote="132034691400000000" Dst="2" />
<file name="navbar.css" server="gregoryalexander.com/wwwroot/" local="132034610376501740" remote="132034691400000000" Dst="2" />
<file name="modalview.css" server="gregoryalexander.com/wwwroot/" local="132034610376511749" remote="132034691400000000" Dst="2" />
<file name="navbar.less" server="gregoryalexander.com/wwwroot/" local="132034609729784852" remote="132034691400000000" Dst="2" />
<file name="popover.css" server="gregoryalexander.com/wwwroot/" local="132034610376471831" remote="132034691400000000" Dst="2" />
<file name="popover.less" server="gregoryalexander.com/wwwroot/" local="132034609729124706" remote="132034691400000000" Dst="2" />
<file name="scroller.css" server="gregoryalexander.com/wwwroot/" local="132034610376491743" remote="132034691400000000" Dst="2" />
<file name="scroller.less" server="gregoryalexander.com/wwwroot/" local="132034609729344755" remote="132034691400000000" Dst="2" />
<file name="scrollview.css" server="gregoryalexander.com/wwwroot/" local="132034610376491743" remote="132034691400000000" Dst="2" />
<file name="scrollview.less" server="gregoryalexander.com/wwwroot/" local="132034609729634913" remote="132034691400000000" Dst="2" />
<file name="splitview.css" server="gregoryalexander.com/wwwroot/" local="132034610376501740" remote="132034691400000000" Dst="2" />
<file name="switch.less" server="gregoryalexander.com/wwwroot/" local="132034609730155030" remote="132034691400000000" Dst="2" />
<file name="splitview.less" server="gregoryalexander.com/wwwroot/" local="132034609729494784" remote="132034691400000000" Dst="2" />
<file name="tabstrip.css" server="gregoryalexander.com/wwwroot/" local="132034610376501740" remote="132034691400000000" Dst="2" />
<file name="tabstrip.less" server="gregoryalexander.com/wwwroot/" local="132034609728914656" remote="132034691400000000" Dst="2" />
<file name="template.less" server="gregoryalexander.com/wwwroot/" local="132034609729934894" remote="132034691400000000" Dst="2" />
<file name="toolbar.css" server="gregoryalexander.com/wwwroot/" local="132034610376511749" remote="132034691400000000" Dst="2" />
<file name="toolbar.less" server="gregoryalexander.com/wwwroot/" local="132034609729054783" remote="132034691400000000" Dst="2" />
<file name="actionsheet.css" server="ntc6-p2stl.ezhostingserver.com/wwwroot/" local="132034610376501740" remote="132034744200000000" Dst="2" />
<file name="actionsheet.less" server="ntc6-p2stl.ezhostingserver.com/wwwroot/" local="132034609728984766" remote="132034744200000000" Dst="2" />
<file name="all.less" server="ntc6-p2stl.ezhostingserver.com/wwwroot/" local="132034609730004998" remote="132034744200000000" Dst="2" />
<file name="base.less" server="ntc6-p2stl.ezhostingserver.com/wwwroot/" local="132034609729264744" remote="132034744200000000" Dst="2" />
<file name="button.less" server="ntc6-p2stl.ezhostingserver.com/wwwroot/" local="132034609729564806" remote="132034744200000000" Dst="2" />
<file name="button.css" server="ntc6-p2stl.ezhostingserver.com/wwwroot/" local="132034610376511749" remote="132034744200000000" Dst="2" />
<file name="buttongroup.css" server="ntc6-p2stl.ezhostingserver.com/wwwroot/" local="132034610376501740" remote="132034744200000000" Dst="2" />
<file name="buttongroup.less" server="ntc6-p2stl.ezhostingserver.com/wwwroot/" local="132034609729194809" remote="132034744200000000" Dst="2" />
<file name="drawer.css" server="ntc6-p2stl.ezhostingserver.com/wwwroot/" local="132034610376511749" remote="132034744200000000" Dst="2" />
<file name="forms.less" server="ntc6-p2stl.ezhostingserver.com/wwwroot/" local="132034609730084920" remote="132034744200000000" Dst="2" />
<file name="drawer.less" server="ntc6-p2stl.ezhostingserver.com/wwwroot/" local="132034609729414771" remote="132034744200000000" Dst="2" />
<file name="listview.css" server="ntc6-p2stl.ezhostingserver.com/wwwroot/" local="132034610376511749" remote="132034744200000000" Dst="2" />
<file name="listview.less" server="ntc6-p2stl.ezhostingserver.com/wwwroot/" local="132034609729854866" remote="132034744200000000" Dst="2" />
<file name="modalview.css" server="ntc6-p2stl.ezhostingserver.com/wwwroot/" local="132034610376511749" remote="132034744200000000" Dst="2" />
<file name="modalview.less" server="ntc6-p2stl.ezhostingserver.com/wwwroot/" local="132034609729714839" remote="132034744200000000" Dst="2" />
<file name="navbar.css" server="ntc6-p2stl.ezhostingserver.com/wwwroot/" local="132034610376501740" remote="132034744200000000" Dst="2" />
<file name="navbar.less" server="ntc6-p2stl.ezhostingserver.com/wwwroot/" local="132034609729784852" remote="132034744200000000" Dst="2" />
<file name="popover.css" server="ntc6-p2stl.ezhostingserver.com/wwwroot/" local="132034610376471831" remote="132034744200000000" Dst="2" />
<file name="popover.less" server="ntc6-p2stl.ezhostingserver.com/wwwroot/" local="132034609729124706" remote="132034744200000000" Dst="2" />
<file name="scroller.css" server="ntc6-p2stl.ezhostingserver.com/wwwroot/" local="132034610376491743" remote="132034744200000000" Dst="2" />
<file name="scroller.less" server="ntc6-p2stl.ezhostingserver.com/wwwroot/" local="132034609729344755" remote="132034744200000000" Dst="2" />
<file name="scrollview.css" server="ntc6-p2stl.ezhostingserver.com/wwwroot/" local="132034610376491743" remote="132034744200000000" Dst="2" />
<file name="scrollview.less" server="ntc6-p2stl.ezhostingserver.com/wwwroot/" local="132034609729634913" remote="132034744200000000" Dst="2" />
<file name="splitview.css" server="ntc6-p2stl.ezhostingserver.com/wwwroot/" local="132034610376501740" remote="132034744200000000" Dst="2" />
<file name="splitview.less" server="ntc6-p2stl.ezhostingserver.com/wwwroot/" local="132034609729494784" remote="132034744200000000" Dst="2" />
<file name="switch.less" server="ntc6-p2stl.ezhostingserver.com/wwwroot/" local="132034609730155030" remote="132034744200000000" Dst="2" />
<file name="tabstrip.less" server="ntc6-p2stl.ezhostingserver.com/wwwroot/" local="132034609728914656" remote="132034744200000000" Dst="2" />
<file name="template.less" server="ntc6-p2stl.ezhostingserver.com/wwwroot/" local="132034609729934894" remote="132034744200000000" Dst="2" />
<file name="tabstrip.css" server="ntc6-p2stl.ezhostingserver.com/wwwroot/" local="132034610376501740" remote="132034744200000000" Dst="2" />
<file name="toolbar.css" server="ntc6-p2stl.ezhostingserver.com/wwwroot/" local="132034610376511749" remote="132034744200000000" Dst="2" />
<file name="toolbar.less" server="ntc6-p2stl.ezhostingserver.com/wwwroot/" local="132034609729054783" remote="132034744200000000" Dst="2" />
<file name="actionsheet.less" server="ftp.gregorysblog.org/wwwroot/" local="132046800294633749" remote="132047074200000000" Dst="2" />
<file name="all.less" server="ftp.gregorysblog.org/wwwroot/" local="132046800294713762" remote="132047074200000000" Dst="2" />
<file name="actionsheet.css" server="ftp.gregorysblog.org/wwwroot/" local="132046800294553739" remote="132047074200000000" Dst="2" />
<file name="base.less" server="ftp.gregorysblog.org/wwwroot/" local="132046800294783775" remote="132047074200000000" Dst="2" />
<file name="button.less" server="ftp.gregorysblog.org/wwwroot/" local="132046800294963830" remote="132047074200000000" Dst="2" />
<file name="button.css" server="ftp.gregorysblog.org/wwwroot/" local="132046800294883965" remote="132047074200000000" Dst="2" />
<file name="buttongroup.less" server="ftp.gregorysblog.org/wwwroot/" local="132046800295153858" remote="132047074200000000" Dst="2" />
<file name="buttongroup.css" server="ftp.gregorysblog.org/wwwroot/" local="132046800295073836" remote="132047074200000000" Dst="2" />
<file name="drawer.css" server="ftp.gregorysblog.org/wwwroot/" local="132046800295253889" remote="132047074200000000" Dst="2" />
<file name="drawer.less" server="ftp.gregorysblog.org/wwwroot/" local="132046800295343896" remote="132047074200000000" Dst="2" />
<file name="forms.less" server="ftp.gregorysblog.org/wwwroot/" local="132046800295413915" remote="132047074200000000" Dst="2" />
<file name="listview.less" server="ftp.gregorysblog.org/wwwroot/" local="132046800295603955" remote="132047074200000000" Dst="2" />
<file name="listview.css" server="ftp.gregorysblog.org/wwwroot/" local="132046800295514027" remote="132047074200000000" Dst="2" />
<file name="modalview.css" server="ftp.gregorysblog.org/wwwroot/" local="132046800295704070" remote="132047074200000000" Dst="2" />
<file name="modalview.less" server="ftp.gregorysblog.org/wwwroot/" local="132046800295783999" remote="132047074200000000" Dst="2" />
<file name="navbar.css" server="ftp.gregorysblog.org/wwwroot/" local="132046800295884020" remote="132047074200000000" Dst="2" />
<file name="navbar.less" server="ftp.gregorysblog.org/wwwroot/" local="132046800295964039" remote="132047074200000000" Dst="2" />
<file name="popover.css" server="ftp.gregorysblog.org/wwwroot/" local="132046800296064196" remote="132047074200000000" Dst="2" />
<file name="popover.less" server="ftp.gregorysblog.org/wwwroot/" local="132046800296144080" remote="132047074200000000" Dst="2" />
<file name="scroller.css" server="ftp.gregorysblog.org/wwwroot/" local="132046800296254246" remote="132047074200000000" Dst="2" />
<file name="scroller.less" server="ftp.gregorysblog.org/wwwroot/" local="132046800296344129" remote="132047074200000000" Dst="2" />
<file name="scrollview.css" server="ftp.gregorysblog.org/wwwroot/" local="132046800296444150" remote="132047074200000000" Dst="2" />
<file name="scrollview.less" server="ftp.gregorysblog.org/wwwroot/" local="132046800296514181" remote="132047074200000000" Dst="2" />
<file name="splitview.css" server="ftp.gregorysblog.org/wwwroot/" local="132046800296614348" remote="132047074200000000" Dst="2" />
<file name="splitview.less" server="ftp.gregorysblog.org/wwwroot/" local="132046800296694201" remote="132047074200000000" Dst="2" />
<file name="switch.less" server="ftp.gregorysblog.org/wwwroot/" local="132046800296784226" remote="132047074200000000" Dst="2" />
<file name="tabstrip.less" server="ftp.gregorysblog.org/wwwroot/" local="132046800296964269" remote="132047074200000000" Dst="2" />
<file name="template.less" server="ftp.gregorysblog.org/wwwroot/" local="132046800297036099" remote="132047074200000000" Dst="2" />
<file name="tabstrip.css" server="ftp.gregorysblog.org/wwwroot/" local="132046800296894422" remote="132047074200000000" Dst="2" />
<file name="toolbar.css" server="ftp.gregorysblog.org/wwwroot/" local="132046800298304574" remote="132047074200000000" Dst="2" />
<file name="toolbar.less" server="ftp.gregorysblog.org/wwwroot/" local="132046800298384590" remote="132047074200000000" Dst="2" />
</dwsync>