<?xml version="1.0" encoding="utf-8" ?>
<dwsync>
<file name="editor.png" server="gregoryalexander.com/wwwroot/" local="132034609753720287" remote="132034691400000000" Dst="2" />
<file name="imagebrowser.png" server="gregoryalexander.com/wwwroot/" local="132034609753450321" remote="132034691400000000" Dst="2" />
<file name="indeterminate.gif" server="gregoryalexander.com/wwwroot/" local="132034609753130151" remote="132034691400000000" Dst="2" />
<file name="loading-image.gif" server="gregoryalexander.com/wwwroot/" local="132034609753620269" remote="132034691400000000" Dst="2" />
<file name="loading.gif" server="gregoryalexander.com/wwwroot/" local="132034609753040135" remote="132034691400000000" Dst="2" />
<file name="loading_2x.gif" server="gregoryalexander.com/wwwroot/" local="132034609752720058" remote="132034691400000000" Dst="2" />
<file name="markers.png" server="gregoryalexander.com/wwwroot/" local="132034609752940113" remote="132034691400000000" Dst="2" />
<file name="markers_2x.png" server="gregoryalexander.com/wwwroot/" local="132034609752820086" remote="132034691400000000" Dst="2" />
<file name="slider-h.gif" server="gregoryalexander.com/wwwroot/" local="132034609752620040" remote="132034691400000000" Dst="2" />
<file name="slider-v.gif" server="gregoryalexander.com/wwwroot/" local="132034609753540307" remote="132034691400000000" Dst="2" />
<file name="sprite.png" server="gregoryalexander.com/wwwroot/" local="132034609753940433" remote="132034691400000000" Dst="2" />
<file name="sprite_2x.png" server="gregoryalexander.com/wwwroot/" local="132034609753830318" remote="132034691400000000" Dst="2" />
<file name="sprite_kpi.png" server="gregoryalexander.com/wwwroot/" local="132034609753230182" remote="132034691400000000" Dst="2" />
<file name="sprite_kpi_2x.png" server="gregoryalexander.com/wwwroot/" local="132034609753340303" remote="132034691400000000" Dst="2" />
<file name="editor.png" server="ntc6-p2stl.ezhostingserver.com/wwwroot/" local="132034609753720287" remote="132034744800000000" Dst="2" />
<file name="imagebrowser.png" server="ntc6-p2stl.ezhostingserver.com/wwwroot/" local="132034609753450321" remote="132034744800000000" Dst="2" />
<file name="indeterminate.gif" server="ntc6-p2stl.ezhostingserver.com/wwwroot/" local="132034609753130151" remote="132034744800000000" Dst="2" />
<file name="loading-image.gif" server="ntc6-p2stl.ezhostingserver.com/wwwroot/" local="132034609753620269" remote="132034744800000000" Dst="2" />
<file name="loading.gif" server="ntc6-p2stl.ezhostingserver.com/wwwroot/" local="132034609753040135" remote="132034744800000000" Dst="2" />
<file name="loading_2x.gif" server="ntc6-p2stl.ezhostingserver.com/wwwroot/" local="132034609752720058" remote="132034744800000000" Dst="2" />
<file name="markers.png" server="ntc6-p2stl.ezhostingserver.com/wwwroot/" local="132034609752940113" remote="132034744800000000" Dst="2" />
<file name="markers_2x.png" server="ntc6-p2stl.ezhostingserver.com/wwwroot/" local="132034609752820086" remote="132034744800000000" Dst="2" />
<file name="slider-h.gif" server="ntc6-p2stl.ezhostingserver.com/wwwroot/" local="132034609752620040" remote="132034744800000000" Dst="2" />
<file name="slider-v.gif" server="ntc6-p2stl.ezhostingserver.com/wwwroot/" local="132034609753540307" remote="132034744800000000" Dst="2" />
<file name="sprite_2x.png" server="ntc6-p2stl.ezhostingserver.com/wwwroot/" local="132034609753830318" remote="132034744800000000" Dst="2" />
<file name="sprite_kpi.png" server="ntc6-p2stl.ezhostingserver.com/wwwroot/" local="132034609753230182" remote="132034744800000000" Dst="2" />
<file name="sprite.png" server="ntc6-p2stl.ezhostingserver.com/wwwroot/" local="132034609753940433" remote="132034744800000000" Dst="2" />
<file name="sprite_kpi_2x.png" server="ntc6-p2stl.ezhostingserver.com/wwwroot/" local="132034609753340303" remote="132034744800000000" Dst="2" />
<file name="editor.png" server="ftp.gregorysblog.org/wwwroot/" local="132046800321829858" remote="132047074800000000" Dst="2" />
<file name="imagebrowser.png" server="ftp.gregorysblog.org/wwwroot/" local="132046800321939888" remote="132047074800000000" Dst="2" />
<file name="loading-image.gif" server="ftp.gregorysblog.org/wwwroot/" local="132046800322299954" remote="132047074800000000" Dst="2" />
<file name="indeterminate.gif" server="ftp.gregorysblog.org/wwwroot/" local="132046800322030004" remote="132047074800000000" Dst="2" />
<file name="loading.gif" server="ftp.gregorysblog.org/wwwroot/" local="132046800322119917" remote="132047074800000000" Dst="2" />
<file name="markers.png" server="ftp.gregorysblog.org/wwwroot/" local="132046800322399988" remote="132047074800000000" Dst="2" />
<file name="loading_2x.gif" server="ftp.gregorysblog.org/wwwroot/" local="132046800322209941" remote="132047074800000000" Dst="2" />
<file name="markers_2x.png" server="ftp.gregorysblog.org/wwwroot/" local="132046800322500100" remote="132047074800000000" Dst="2" />
<file name="slider-h.gif" server="ftp.gregorysblog.org/wwwroot/" local="132046800322580116" remote="132047074800000000" Dst="2" />
<file name="slider-v.gif" server="ftp.gregorysblog.org/wwwroot/" local="132046800322670035" remote="132047074800000000" Dst="2" />
<file name="sprite.png" server="ftp.gregorysblog.org/wwwroot/" local="132046800322790080" remote="132047074800000000" Dst="2" />
<file name="sprite_2x.png" server="ftp.gregorysblog.org/wwwroot/" local="132046800322910098" remote="132047074800000000" Dst="2" />
<file name="sprite_kpi.png" server="ftp.gregorysblog.org/wwwroot/" local="132046800323010140" remote="132047074800000000" Dst="2" />
<file name="sprite_kpi_2x.png" server="ftp.gregorysblog.org/wwwroot/" local="132046800323120144" remote="132047074800000000" Dst="2" />
</dwsync>