<?xml version="1.0" encoding="utf-8" ?>
<dwsync>
<file name="ui-bg_flat_0_aaaaaa_40x100.png" server="gregoryalexander.com/wwwroot/" local="130674042298557994" remote="131979710400000000" Dst="2" />
<file name="ui-bg_flat_55_fafafa_40x100.png" server="gregoryalexander.com/wwwroot/" local="130674042294969994" remote="131979710400000000" Dst="2" />
<file name="ui-bg_flat_55_994d53_40x100.png" server="gregoryalexander.com/wwwroot/" local="130674042292473994" remote="131979710400000000" Dst="2" />
<file name="ui-bg_flat_0_eeeeee_40x100.png" server="gregoryalexander.com/wwwroot/" local="130674042297309994" remote="131979710400000000" Dst="2" />
<file name="ui-bg_gloss-wave_30_3d3644_500x100.png" server="gregoryalexander.com/wwwroot/" local="130674042290133994" remote="131979710400000000" Dst="2" />
<file name="ui-bg_highlight-soft_100_dcd9de_1x100.png" server="gregoryalexander.com/wwwroot/" local="130674042291381994" remote="131979710400000000" Dst="2" />
<file name="ui-bg_highlight-soft_100_eae6ea_1x100.png" server="gregoryalexander.com/wwwroot/" local="130674042296217994" remote="131979710400000000" Dst="2" />
<file name="ui-bg_highlight-soft_25_30273a_1x100.png" server="gregoryalexander.com/wwwroot/" local="130674042293877994" remote="131979710400000000" Dst="2" />
<file name="ui-bg_highlight-soft_45_5f5964_1x100.png" server="gregoryalexander.com/wwwroot/" local="130674042289041994" remote="131979710400000000" Dst="2" />
<file name="ui-icons_734d99_256x240.png" server="gregoryalexander.com/wwwroot/" local="130674042305889994" remote="131979710400000000" Dst="2" />
<file name="ui-icons_454545_256x240.png" server="gregoryalexander.com/wwwroot/" local="130674042299961994" remote="131979710400000000" Dst="2" />
<file name="ui-icons_8d78a5_256x240.png" server="gregoryalexander.com/wwwroot/" local="130674042302457994" remote="131979710400000000" Dst="2" />
<file name="ui-icons_a8a3ae_256x240.png" server="gregoryalexander.com/wwwroot/" local="130674042304797994" remote="131979710400000000" Dst="2" />
<file name="ui-icons_ebccce_256x240.png" server="gregoryalexander.com/wwwroot/" local="130674042303549994" remote="131979710400000000" Dst="2" />
<file name="ui-icons_ffffff_256x240.png" server="gregoryalexander.com/wwwroot/" local="130674042301209994" remote="131979710400000000" Dst="2" />
<file name="ui-bg_flat_0_aaaaaa_40x100.png" server="ntc6-p2stl.ezhostingserver.com/wwwroot/" local="130674042298557994" remote="132034733400000000" Dst="2" />
<file name="ui-bg_flat_0_eeeeee_40x100.png" server="ntc6-p2stl.ezhostingserver.com/wwwroot/" local="130674042297309994" remote="132034733400000000" Dst="2" />
<file name="ui-bg_flat_55_994d53_40x100.png" server="ntc6-p2stl.ezhostingserver.com/wwwroot/" local="130674042292473994" remote="132034733400000000" Dst="2" />
<file name="ui-bg_flat_55_fafafa_40x100.png" server="ntc6-p2stl.ezhostingserver.com/wwwroot/" local="130674042294969994" remote="132034733400000000" Dst="2" />
<file name="ui-bg_gloss-wave_30_3d3644_500x100.png" server="ntc6-p2stl.ezhostingserver.com/wwwroot/" local="130674042290133994" remote="132034733400000000" Dst="2" />
<file name="ui-bg_highlight-soft_100_dcd9de_1x100.png" server="ntc6-p2stl.ezhostingserver.com/wwwroot/" local="130674042291381994" remote="132034733400000000" Dst="2" />
<file name="ui-bg_highlight-soft_100_eae6ea_1x100.png" server="ntc6-p2stl.ezhostingserver.com/wwwroot/" local="130674042296217994" remote="132034733400000000" Dst="2" />
<file name="ui-bg_highlight-soft_25_30273a_1x100.png" server="ntc6-p2stl.ezhostingserver.com/wwwroot/" local="130674042293877994" remote="132034733400000000" Dst="2" />
<file name="ui-bg_highlight-soft_45_5f5964_1x100.png" server="ntc6-p2stl.ezhostingserver.com/wwwroot/" local="130674042289041994" remote="132034733400000000" Dst="2" />
<file name="ui-icons_734d99_256x240.png" server="ntc6-p2stl.ezhostingserver.com/wwwroot/" local="130674042305889994" remote="132034733400000000" Dst="2" />
<file name="ui-icons_454545_256x240.png" server="ntc6-p2stl.ezhostingserver.com/wwwroot/" local="130674042299961994" remote="132034733400000000" Dst="2" />
<file name="ui-icons_8d78a5_256x240.png" server="ntc6-p2stl.ezhostingserver.com/wwwroot/" local="130674042302457994" remote="132034733400000000" Dst="2" />
<file name="ui-icons_a8a3ae_256x240.png" server="ntc6-p2stl.ezhostingserver.com/wwwroot/" local="130674042304797994" remote="132034733400000000" Dst="2" />
<file name="ui-icons_ebccce_256x240.png" server="ntc6-p2stl.ezhostingserver.com/wwwroot/" local="130674042303549994" remote="132034733400000000" Dst="2" />
<file name="ui-icons_ffffff_256x240.png" server="ntc6-p2stl.ezhostingserver.com/wwwroot/" local="130674042301209994" remote="132034733400000000" Dst="2" />
<file name="ui-bg_flat_0_aaaaaa_40x100.png" server="ftp.gregorysblog.org/wwwroot/" local="132046799908270770" remote="132047068800000000" Dst="2" />
<file name="ui-bg_flat_0_eeeeee_40x100.png" server="ftp.gregorysblog.org/wwwroot/" local="132046799908380794" remote="132047068800000000" Dst="2" />
<file name="ui-bg_flat_55_994d53_40x100.png" server="ftp.gregorysblog.org/wwwroot/" local="132046799908480822" remote="132047068800000000" Dst="2" />
<file name="ui-bg_flat_55_fafafa_40x100.png" server="ftp.gregorysblog.org/wwwroot/" local="132046799908570934" remote="132047068800000000" Dst="2" />
<file name="ui-bg_gloss-wave_30_3d3644_500x100.png" server="ftp.gregorysblog.org/wwwroot/" local="132046799908670862" remote="132047068800000000" Dst="2" />
<file name="ui-bg_highlight-soft_100_dcd9de_1x100.png" server="ftp.gregorysblog.org/wwwroot/" local="132046799908763316" remote="132047068800000000" Dst="2" />
<file name="ui-bg_highlight-soft_100_eae6ea_1x100.png" server="ftp.gregorysblog.org/wwwroot/" local="132046799908850903" remote="132047068800000000" Dst="2" />
<file name="ui-bg_highlight-soft_25_30273a_1x100.png" server="ftp.gregorysblog.org/wwwroot/" local="132046799908950936" remote="132047068800000000" Dst="2" />
<file name="ui-bg_highlight-soft_45_5f5964_1x100.png" server="ftp.gregorysblog.org/wwwroot/" local="132046799909041091" remote="132047068800000000" Dst="2" />
<file name="ui-icons_454545_256x240.png" server="ftp.gregorysblog.org/wwwroot/" local="132046799909160988" remote="132047068800000000" Dst="2" />
<file name="ui-icons_734d99_256x240.png" server="ftp.gregorysblog.org/wwwroot/" local="132046799909260997" remote="132047068800000000" Dst="2" />
<file name="ui-icons_8d78a5_256x240.png" server="ftp.gregorysblog.org/wwwroot/" local="132046799909361022" remote="132047068800000000" Dst="2" />
<file name="ui-icons_a8a3ae_256x240.png" server="ftp.gregorysblog.org/wwwroot/" local="132046799909451134" remote="132047068800000000" Dst="2" />
<file name="ui-icons_ebccce_256x240.png" server="ftp.gregorysblog.org/wwwroot/" local="132046799909551059" remote="132047068800000000" Dst="2" />
<file name="ui-icons_ffffff_256x240.png" server="ftp.gregorysblog.org/wwwroot/" local="132046799909641081" remote="132047068800000000" Dst="2" />
</dwsync>