<?xml version="1.0" encoding="utf-8" ?>
<dwsync>
<file name="actionsheet.less" server="gregoryalexander.com/wwwroot/" local="132034609735776221" remote="132034690800000000" Dst="2" />
<file name="base.less" server="gregoryalexander.com/wwwroot/" local="132034609734936033" remote="132034690800000000" Dst="2" />
<file name="all.less" server="gregoryalexander.com/wwwroot/" local="132034609735166082" remote="132034690800000000" Dst="2" />
<file name="button.less" server="gregoryalexander.com/wwwroot/" local="132034609735396269" remote="132034690800000000" Dst="2" />
<file name="buttongroup.less" server="gregoryalexander.com/wwwroot/" local="132034609735546462" remote="132034690800000000" Dst="2" />
<file name="drawer.less" server="gregoryalexander.com/wwwroot/" local="132034609735626185" remote="132034690800000000" Dst="2" />
<file name="forms.less" server="gregoryalexander.com/wwwroot/" local="132034609735246098" remote="132034690800000000" Dst="2" />
<file name="listview.css" server="gregoryalexander.com/wwwroot/" local="132034610247842519" remote="132034690800000000" Dst="2" />
<file name="listview.less" server="gregoryalexander.com/wwwroot/" local="132034609735086063" remote="132034690800000000" Dst="2" />
<file name="modalview.css" server="gregoryalexander.com/wwwroot/" local="132034610376591856" remote="132034690800000000" Dst="2" />
<file name="modalview.less" server="gregoryalexander.com/wwwroot/" local="132034609734636052" remote="132034690800000000" Dst="2" />
<file name="navbar.css" server="gregoryalexander.com/wwwroot/" local="132034610376511749" remote="132034690800000000" Dst="2" />
<file name="navbar.less" server="gregoryalexander.com/wwwroot/" local="132034609734575942" remote="132034690800000000" Dst="2" />
<file name="popover.css" server="gregoryalexander.com/wwwroot/" local="132034610376511749" remote="132034690800000000" Dst="2" />
<file name="popover.less" server="gregoryalexander.com/wwwroot/" local="132034609734715978" remote="132034690800000000" Dst="2" />
<file name="scroller.less" server="gregoryalexander.com/wwwroot/" local="132034609735856243" remote="132034690800000000" Dst="2" />
<file name="scrollview.less" server="gregoryalexander.com/wwwroot/" local="132034609735466147" remote="132034690800000000" Dst="2" />
<file name="splitview.less" server="gregoryalexander.com/wwwroot/" local="132034609735696208" remote="132034690800000000" Dst="2" />
<file name="switch.css" server="gregoryalexander.com/wwwroot/" local="132034610376521746" remote="132034690800000000" Dst="2" />
<file name="switch.less" server="gregoryalexander.com/wwwroot/" local="132034609734856150" remote="132034690800000000" Dst="2" />
<file name="tabstrip.less" server="gregoryalexander.com/wwwroot/" local="132034609735326123" remote="132034690800000000" Dst="2" />
<file name="template.less" server="gregoryalexander.com/wwwroot/" local="132034609735016046" remote="132034690800000000" Dst="2" />
<file name="toolbar.less" server="gregoryalexander.com/wwwroot/" local="132034609734785994" remote="132034690800000000" Dst="2" />
<file name="toolbar.css" server="gregoryalexander.com/wwwroot/" local="132034610376461826" remote="132034690800000000" Dst="2" />
<file name="actionsheet.less" server="ntc6-p2stl.ezhostingserver.com/wwwroot/" local="132034609735776221" remote="132034744200000000" Dst="2" />
<file name="all.less" server="ntc6-p2stl.ezhostingserver.com/wwwroot/" local="132034609735166082" remote="132034744200000000" Dst="2" />
<file name="base.less" server="ntc6-p2stl.ezhostingserver.com/wwwroot/" local="132034609734936033" remote="132034744200000000" Dst="2" />
<file name="button.less" server="ntc6-p2stl.ezhostingserver.com/wwwroot/" local="132034609735396269" remote="132034744200000000" Dst="2" />
<file name="buttongroup.less" server="ntc6-p2stl.ezhostingserver.com/wwwroot/" local="132034609735546462" remote="132034744200000000" Dst="2" />
<file name="drawer.less" server="ntc6-p2stl.ezhostingserver.com/wwwroot/" local="132034609735626185" remote="132034744200000000" Dst="2" />
<file name="forms.less" server="ntc6-p2stl.ezhostingserver.com/wwwroot/" local="132034609735246098" remote="132034744200000000" Dst="2" />
<file name="listview.css" server="ntc6-p2stl.ezhostingserver.com/wwwroot/" local="132034610247842519" remote="132034744200000000" Dst="2" />
<file name="listview.less" server="ntc6-p2stl.ezhostingserver.com/wwwroot/" local="132034609735086063" remote="132034744200000000" Dst="2" />
<file name="modalview.css" server="ntc6-p2stl.ezhostingserver.com/wwwroot/" local="132034610376591856" remote="132034744200000000" Dst="2" />
<file name="modalview.less" server="ntc6-p2stl.ezhostingserver.com/wwwroot/" local="132034609734636052" remote="132034744200000000" Dst="2" />
<file name="navbar.css" server="ntc6-p2stl.ezhostingserver.com/wwwroot/" local="132034610376511749" remote="132034744200000000" Dst="2" />
<file name="navbar.less" server="ntc6-p2stl.ezhostingserver.com/wwwroot/" local="132034609734575942" remote="132034744200000000" Dst="2" />
<file name="popover.css" server="ntc6-p2stl.ezhostingserver.com/wwwroot/" local="132034610376511749" remote="132034744200000000" Dst="2" />
<file name="scroller.less" server="ntc6-p2stl.ezhostingserver.com/wwwroot/" local="132034609735856243" remote="132034744200000000" Dst="2" />
<file name="popover.less" server="ntc6-p2stl.ezhostingserver.com/wwwroot/" local="132034609734715978" remote="132034744200000000" Dst="2" />
<file name="scrollview.less" server="ntc6-p2stl.ezhostingserver.com/wwwroot/" local="132034609735466147" remote="132034744200000000" Dst="2" />
<file name="switch.css" server="ntc6-p2stl.ezhostingserver.com/wwwroot/" local="132034610376521746" remote="132034744200000000" Dst="2" />
<file name="splitview.less" server="ntc6-p2stl.ezhostingserver.com/wwwroot/" local="132034609735696208" remote="132034744200000000" Dst="2" />
<file name="switch.less" server="ntc6-p2stl.ezhostingserver.com/wwwroot/" local="132034609734856150" remote="132034744200000000" Dst="2" />
<file name="tabstrip.less" server="ntc6-p2stl.ezhostingserver.com/wwwroot/" local="132034609735326123" remote="132034744200000000" Dst="2" />
<file name="template.less" server="ntc6-p2stl.ezhostingserver.com/wwwroot/" local="132034609735016046" remote="132034744200000000" Dst="2" />
<file name="toolbar.css" server="ntc6-p2stl.ezhostingserver.com/wwwroot/" local="132034610376461826" remote="132034744200000000" Dst="2" />
<file name="toolbar.less" server="ntc6-p2stl.ezhostingserver.com/wwwroot/" local="132034609734785994" remote="132034744200000000" Dst="2" />
<file name="actionsheet.less" server="ftp.gregorysblog.org/wwwroot/" local="132046800282340970" remote="132047074200000000" Dst="2" />
<file name="all.less" server="ftp.gregorysblog.org/wwwroot/" local="132046800282410995" remote="132047074200000000" Dst="2" />
<file name="base.less" server="ftp.gregorysblog.org/wwwroot/" local="132046800282491096" remote="132047074200000000" Dst="2" />
<file name="button.less" server="ftp.gregorysblog.org/wwwroot/" local="132046800282571012" remote="132047074200000000" Dst="2" />
<file name="buttongroup.less" server="ftp.gregorysblog.org/wwwroot/" local="132046800282651034" remote="132047074200000000" Dst="2" />
<file name="drawer.less" server="ftp.gregorysblog.org/wwwroot/" local="132046800282741056" remote="132047074200000000" Dst="2" />
<file name="forms.less" server="ftp.gregorysblog.org/wwwroot/" local="132046800282821069" remote="132047074200000000" Dst="2" />
<file name="listview.less" server="ftp.gregorysblog.org/wwwroot/" local="132046800282991119" remote="132047074200000000" Dst="2" />
<file name="listview.css" server="ftp.gregorysblog.org/wwwroot/" local="132046800282921096" remote="132047074200000000" Dst="2" />
<file name="modalview.css" server="ftp.gregorysblog.org/wwwroot/" local="132046800283091134" remote="132047074200000000" Dst="2" />
<file name="navbar.css" server="ftp.gregorysblog.org/wwwroot/" local="132046800283261268" remote="132047074200000000" Dst="2" />
<file name="modalview.less" server="ftp.gregorysblog.org/wwwroot/" local="132046800283161150" remote="132047074200000000" Dst="2" />
<file name="navbar.less" server="ftp.gregorysblog.org/wwwroot/" local="132046800283331194" remote="132047074200000000" Dst="2" />
<file name="popover.css" server="ftp.gregorysblog.org/wwwroot/" local="132046800283441218" remote="132047074200000000" Dst="2" />
<file name="popover.less" server="ftp.gregorysblog.org/wwwroot/" local="132046800283511229" remote="132047074200000000" Dst="2" />
<file name="scroller.less" server="ftp.gregorysblog.org/wwwroot/" local="132046800283591251" remote="132047074200000000" Dst="2" />
<file name="scrollview.less" server="ftp.gregorysblog.org/wwwroot/" local="132046800283671273" remote="132047074200000000" Dst="2" />
<file name="splitview.less" server="ftp.gregorysblog.org/wwwroot/" local="132046800283751301" remote="132047074200000000" Dst="2" />
<file name="switch.css" server="ftp.gregorysblog.org/wwwroot/" local="132046800283861319" remote="132047074200000000" Dst="2" />
<file name="tabstrip.less" server="ftp.gregorysblog.org/wwwroot/" local="132046800284011339" remote="132047074200000000" Dst="2" />
<file name="switch.less" server="ftp.gregorysblog.org/wwwroot/" local="132046800283941332" remote="132047074200000000" Dst="2" />
<file name="template.less" server="ftp.gregorysblog.org/wwwroot/" local="132046800284081355" remote="132047074200000000" Dst="2" />
<file name="toolbar.less" server="ftp.gregorysblog.org/wwwroot/" local="132046800284251435" remote="132047074200000000" Dst="2" />
<file name="toolbar.css" server="ftp.gregorysblog.org/wwwroot/" local="132046800284181380" remote="132047074200000000" Dst="2" />
<file name="actionsheet.css" server="ftp.gregorysblog.org/wwwroot/" local="132046800433965082" remote="132047074200000000" Dst="2" />
</dwsync>