<?xml version="1.0" encoding="utf-8" ?>
<dwsync>
<file name="actionsheet.less" server="gregoryalexander.com/wwwroot/" local="132034609782096745" remote="132034691400000000" Dst="2" />
<file name="base.less" server="gregoryalexander.com/wwwroot/" local="132034609784417265" remote="132034691400000000" Dst="2" />
<file name="all.less" server="gregoryalexander.com/wwwroot/" local="132034609784237224" remote="132034691400000000" Dst="2" />
<file name="button.less" server="gregoryalexander.com/wwwroot/" local="132034609783687117" remote="132034691400000000" Dst="2" />
<file name="drawer.less" server="gregoryalexander.com/wwwroot/" local="132034609782316788" remote="132034691400000000" Dst="2" />
<file name="buttongroup.less" server="gregoryalexander.com/wwwroot/" local="132034609782166852" remote="132034691400000000" Dst="2" />
<file name="listview.less" server="gregoryalexander.com/wwwroot/" local="132034609784607305" remote="132034691400000000" Dst="2" />
<file name="mobile-template.less" server="gregoryalexander.com/wwwroot/" local="132034609782016723" remote="132034691400000000" Dst="2" />
<file name="forms.less" server="gregoryalexander.com/wwwroot/" local="132034609784327249" remote="132034691400000000" Dst="2" />
<file name="navbar.less" server="gregoryalexander.com/wwwroot/" local="132034609784137293" remote="132034691400000000" Dst="2" />
<file name="popover.less" server="gregoryalexander.com/wwwroot/" local="132034609783577098" remote="132034691400000000" Dst="2" />
<file name="modalview.less" server="gregoryalexander.com/wwwroot/" local="132034609783867142" remote="132034691400000000" Dst="2" />
<file name="scroller.less" server="gregoryalexander.com/wwwroot/" local="132034609783777121" remote="132034691400000000" Dst="2" />
<file name="scrollview.less" server="gregoryalexander.com/wwwroot/" local="132034609783957158" remote="132034691400000000" Dst="2" />
<file name="splitview.less" server="gregoryalexander.com/wwwroot/" local="132034609784047183" remote="132034691400000000" Dst="2" />
<file name="switch.less" server="gregoryalexander.com/wwwroot/" local="132034609784507377" remote="132034691400000000" Dst="2" />
<file name="tabstrip.less" server="gregoryalexander.com/wwwroot/" local="132034609782236772" remote="132034691400000000" Dst="2" />
<file name="all.less" server="ntc6-p2stl.ezhostingserver.com/wwwroot/" local="132034609784237224" remote="132034744800000000" Dst="2" />
<file name="base.less" server="ntc6-p2stl.ezhostingserver.com/wwwroot/" local="132034609784417265" remote="132034744800000000" Dst="2" />
<file name="actionsheet.less" server="ntc6-p2stl.ezhostingserver.com/wwwroot/" local="132034609782096745" remote="132034744800000000" Dst="2" />
<file name="button.less" server="ntc6-p2stl.ezhostingserver.com/wwwroot/" local="132034609783687117" remote="132034744800000000" Dst="2" />
<file name="buttongroup.less" server="ntc6-p2stl.ezhostingserver.com/wwwroot/" local="132034609782166852" remote="132034744800000000" Dst="2" />
<file name="drawer.less" server="ntc6-p2stl.ezhostingserver.com/wwwroot/" local="132034609782316788" remote="132034744800000000" Dst="2" />
<file name="forms.less" server="ntc6-p2stl.ezhostingserver.com/wwwroot/" local="132034609784327249" remote="132034744800000000" Dst="2" />
<file name="listview.less" server="ntc6-p2stl.ezhostingserver.com/wwwroot/" local="132034609784607305" remote="132034744800000000" Dst="2" />
<file name="mobile-template.less" server="ntc6-p2stl.ezhostingserver.com/wwwroot/" local="132034609782016723" remote="132034744800000000" Dst="2" />
<file name="modalview.less" server="ntc6-p2stl.ezhostingserver.com/wwwroot/" local="132034609783867142" remote="132034744800000000" Dst="2" />
<file name="navbar.less" server="ntc6-p2stl.ezhostingserver.com/wwwroot/" local="132034609784137293" remote="132034744800000000" Dst="2" />
<file name="popover.less" server="ntc6-p2stl.ezhostingserver.com/wwwroot/" local="132034609783577098" remote="132034744800000000" Dst="2" />
<file name="scroller.less" server="ntc6-p2stl.ezhostingserver.com/wwwroot/" local="132034609783777121" remote="132034744800000000" Dst="2" />
<file name="scrollview.less" server="ntc6-p2stl.ezhostingserver.com/wwwroot/" local="132034609783957158" remote="132034744800000000" Dst="2" />
<file name="splitview.less" server="ntc6-p2stl.ezhostingserver.com/wwwroot/" local="132034609784047183" remote="132034744800000000" Dst="2" />
<file name="switch.less" server="ntc6-p2stl.ezhostingserver.com/wwwroot/" local="132034609784507377" remote="132034744800000000" Dst="2" />
<file name="tabstrip.less" server="ntc6-p2stl.ezhostingserver.com/wwwroot/" local="132034609782236772" remote="132034744800000000" Dst="2" />
<file name="actionsheet.less" server="ftp.gregorysblog.org/wwwroot/" local="132046800329611598" remote="132047074800000000" Dst="2" />
<file name="all.less" server="ftp.gregorysblog.org/wwwroot/" local="132046800329701619" remote="132047074800000000" Dst="2" />
<file name="base.less" server="ftp.gregorysblog.org/wwwroot/" local="132046800329781638" remote="132047074800000000" Dst="2" />
<file name="buttongroup.less" server="ftp.gregorysblog.org/wwwroot/" local="132046800329961676" remote="132047074800000000" Dst="2" />
<file name="button.less" server="ftp.gregorysblog.org/wwwroot/" local="132046800329871663" remote="132047074800000000" Dst="2" />
<file name="drawer.less" server="ftp.gregorysblog.org/wwwroot/" local="132046800330051698" remote="132047074800000000" Dst="2" />
<file name="listview.less" server="ftp.gregorysblog.org/wwwroot/" local="132046800330211736" remote="132047074800000000" Dst="2" />
<file name="forms.less" server="ftp.gregorysblog.org/wwwroot/" local="132046800330131717" remote="132047074800000000" Dst="2" />
<file name="mobile-template.less" server="ftp.gregorysblog.org/wwwroot/" local="132046800330301754" remote="132047074800000000" Dst="2" />
<file name="modalview.less" server="ftp.gregorysblog.org/wwwroot/" local="132046800330401776" remote="132047074800000000" Dst="2" />
<file name="navbar.less" server="ftp.gregorysblog.org/wwwroot/" local="132046800330481801" remote="132047074800000000" Dst="2" />
<file name="popover.less" server="ftp.gregorysblog.org/wwwroot/" local="132046800330561817" remote="132047074800000000" Dst="2" />
<file name="scroller.less" server="ftp.gregorysblog.org/wwwroot/" local="132046800330651836" remote="132047074800000000" Dst="2" />
<file name="scrollview.less" server="ftp.gregorysblog.org/wwwroot/" local="132046800330731852" remote="132047074800000000" Dst="2" />
<file name="splitview.less" server="ftp.gregorysblog.org/wwwroot/" local="132046800330821882" remote="132047074800000000" Dst="2" />
<file name="switch.less" server="ftp.gregorysblog.org/wwwroot/" local="132046800330911898" remote="132047074800000000" Dst="2" />
<file name="tabstrip.less" server="ftp.gregorysblog.org/wwwroot/" local="132046800330991911" remote="132047074800000000" Dst="2" />
</dwsync>