<?xml version="1.0" encoding="utf-8" ?>
<dwsync>
<file name="kendo.dataviz.mobile.less" server="gregoryalexander.com/wwwroot/" local="132034609706552213" remote="132034691400000000" Dst="2" />
<file name="kendo.mobile.all.less" server="gregoryalexander.com/wwwroot/" local="132034609707052228" remote="132034691400000000" Dst="2" />
<file name="kendo.dataviz.mobile.css" server="gregoryalexander.com/wwwroot/" local="132034609706322079" remote="132034691400000000" Dst="2" />
<file name="kendo.mobile.android.dark.less" server="gregoryalexander.com/wwwroot/" local="132034609707452323" remote="132034691400000000" Dst="2" />
<file name="kendo.mobile.all.css" server="gregoryalexander.com/wwwroot/" local="132034609706692158" remote="132034691400000000" Dst="2" />
<file name="kendo.mobile.android.dark.css" server="gregoryalexander.com/wwwroot/" local="132034609705891978" remote="132034691400000000" Dst="2" />
<file name="kendo.mobile.android.light.less" server="gregoryalexander.com/wwwroot/" local="132034609707752398" remote="132034691400000000" Dst="2" />
<file name="kendo.mobile.android.light.css" server="gregoryalexander.com/wwwroot/" local="132034609707942435" remote="132034691400000000" Dst="2" />
<file name="kendo.mobile.blackberry.less" server="gregoryalexander.com/wwwroot/" local="132034609706402093" remote="132034691400000000" Dst="2" />
<file name="kendo.mobile.blackberry.css" server="gregoryalexander.com/wwwroot/" local="132034609707662364" remote="132034691400000000" Dst="2" />
<file name="kendo.mobile.common.less" server="gregoryalexander.com/wwwroot/" local="132034609720582772" remote="132034691400000000" Dst="2" />
<file name="kendo.mobile.common.css" server="gregoryalexander.com/wwwroot/" local="132034609707372398" remote="132034691400000000" Dst="2" />
<file name="kendo.mobile.fiori.less" server="gregoryalexander.com/wwwroot/" local="132034609720182685" remote="132034691400000000" Dst="2" />
<file name="kendo.mobile.fiori.css" server="gregoryalexander.com/wwwroot/" local="132034609720502756" remote="132034691400000000" Dst="2" />
<file name="kendo.mobile.flat.less" server="gregoryalexander.com/wwwroot/" local="132034609707832411" remote="132034691400000000" Dst="2" />
<file name="kendo.mobile.flat.css" server="gregoryalexander.com/wwwroot/" local="132034609720692796" remote="132034691400000000" Dst="2" />
<file name="kendo.mobile.ios.less" server="gregoryalexander.com/wwwroot/" local="132034609706872202" remote="132034691400000000" Dst="2" />
<file name="kendo.mobile.ios.css" server="gregoryalexander.com/wwwroot/" local="132034609707272373" remote="132034691400000000" Dst="2" />
<file name="kendo.mobile.material.less" server="gregoryalexander.com/wwwroot/" local="132034609706472193" remote="132034691400000000" Dst="2" />
<file name="kendo.mobile.material.css" server="gregoryalexander.com/wwwroot/" local="132034609720102657" remote="132034691400000000" Dst="2" />
<file name="kendo.mobile.meego.less" server="gregoryalexander.com/wwwroot/" local="132034609706772174" remote="132034691400000000" Dst="2" />
<file name="kendo.mobile.meego.css" server="gregoryalexander.com/wwwroot/" local="132034609706002139" remote="132034691400000000" Dst="2" />
<file name="kendo.mobile.nova.less" server="gregoryalexander.com/wwwroot/" local="132034609706972311" remote="132034691400000000" Dst="2" />
<file name="kendo.mobile.office365.less" server="gregoryalexander.com/wwwroot/" local="132034609720382722" remote="132034691400000000" Dst="2" />
<file name="kendo.mobile.nova.css" server="gregoryalexander.com/wwwroot/" local="132034609720302709" remote="132034691400000000" Dst="2" />
<file name="kendo.mobile.office365.css" server="gregoryalexander.com/wwwroot/" local="132034609707162258" remote="132034691400000000" Dst="2" />
<file name="kendo.mobile.wp8.less" server="gregoryalexander.com/wwwroot/" local="132034609707522361" remote="132034691400000000" Dst="2" />
<file name="kendo.mobile.wp8.css" server="gregoryalexander.com/wwwroot/" local="132034609706122030" remote="132034691400000000" Dst="2" />
<file name="meego.less" server="gregoryalexander.com/wwwroot/" local="132034609706192179" remote="132034691400000000" Dst="2" />
<file name="nova-theme.less" server="gregoryalexander.com/wwwroot/" local="132034609705781948" remote="132034691400000000" Dst="2" />
<file name="nova-theme.css" server="gregoryalexander.com/wwwroot/" local="132034610376571850" remote="132034691400000000" Dst="2" />
<file name="kendo.dataviz.mobile.less" server="ntc6-p2stl.ezhostingserver.com/wwwroot/" local="132034609706552213" remote="132034744200000000" Dst="2" />
<file name="kendo.mobile.all.less" server="ntc6-p2stl.ezhostingserver.com/wwwroot/" local="132034609707052228" remote="132034744200000000" Dst="2" />
<file name="kendo.dataviz.mobile.css" server="ntc6-p2stl.ezhostingserver.com/wwwroot/" local="132034609706322079" remote="132034744200000000" Dst="2" />
<file name="kendo.mobile.android.dark.less" server="ntc6-p2stl.ezhostingserver.com/wwwroot/" local="132034609707452323" remote="132034744200000000" Dst="2" />
<file name="kendo.mobile.all.css" server="ntc6-p2stl.ezhostingserver.com/wwwroot/" local="132034609706692158" remote="132034744200000000" Dst="2" />
<file name="kendo.mobile.android.dark.css" server="ntc6-p2stl.ezhostingserver.com/wwwroot/" local="132034609705891978" remote="132034744200000000" Dst="2" />
<file name="kendo.mobile.android.light.less" server="ntc6-p2stl.ezhostingserver.com/wwwroot/" local="132034609707752398" remote="132034744200000000" Dst="2" />
<file name="kendo.mobile.android.light.css" server="ntc6-p2stl.ezhostingserver.com/wwwroot/" local="132034609707942435" remote="132034744200000000" Dst="2" />
<file name="kendo.mobile.blackberry.less" server="ntc6-p2stl.ezhostingserver.com/wwwroot/" local="132034609706402093" remote="132034744200000000" Dst="2" />
<file name="kendo.mobile.common.less" server="ntc6-p2stl.ezhostingserver.com/wwwroot/" local="132034609720582772" remote="132034744800000000" Dst="2" />
<file name="kendo.mobile.blackberry.css" server="ntc6-p2stl.ezhostingserver.com/wwwroot/" local="132034609707662364" remote="132034744800000000" Dst="2" />
<file name="kendo.mobile.common.css" server="ntc6-p2stl.ezhostingserver.com/wwwroot/" local="132034609707372398" remote="132034744800000000" Dst="2" />
<file name="kendo.mobile.fiori.less" server="ntc6-p2stl.ezhostingserver.com/wwwroot/" local="132034609720182685" remote="132034744800000000" Dst="2" />
<file name="kendo.mobile.fiori.css" server="ntc6-p2stl.ezhostingserver.com/wwwroot/" local="132034609720502756" remote="132034744800000000" Dst="2" />
<file name="kendo.mobile.flat.less" server="ntc6-p2stl.ezhostingserver.com/wwwroot/" local="132034609707832411" remote="132034744800000000" Dst="2" />
<file name="kendo.mobile.flat.css" server="ntc6-p2stl.ezhostingserver.com/wwwroot/" local="132034609720692796" remote="132034744800000000" Dst="2" />
<file name="kendo.mobile.ios.less" server="ntc6-p2stl.ezhostingserver.com/wwwroot/" local="132034609706872202" remote="132034744800000000" Dst="2" />
<file name="kendo.mobile.material.less" server="ntc6-p2stl.ezhostingserver.com/wwwroot/" local="132034609706472193" remote="132034744800000000" Dst="2" />
<file name="kendo.mobile.ios.css" server="ntc6-p2stl.ezhostingserver.com/wwwroot/" local="132034609707272373" remote="132034744800000000" Dst="2" />
<file name="kendo.mobile.material.css" server="ntc6-p2stl.ezhostingserver.com/wwwroot/" local="132034609720102657" remote="132034744800000000" Dst="2" />
<file name="kendo.mobile.meego.less" server="ntc6-p2stl.ezhostingserver.com/wwwroot/" local="132034609706772174" remote="132034744800000000" Dst="2" />
<file name="kendo.mobile.meego.css" server="ntc6-p2stl.ezhostingserver.com/wwwroot/" local="132034609706002139" remote="132034744800000000" Dst="2" />
<file name="kendo.mobile.nova.less" server="ntc6-p2stl.ezhostingserver.com/wwwroot/" local="132034609706972311" remote="132034744800000000" Dst="2" />
<file name="kendo.mobile.nova.css" server="ntc6-p2stl.ezhostingserver.com/wwwroot/" local="132034609720302709" remote="132034744800000000" Dst="2" />
<file name="kendo.mobile.office365.less" server="ntc6-p2stl.ezhostingserver.com/wwwroot/" local="132034609720382722" remote="132034744800000000" Dst="2" />
<file name="kendo.mobile.office365.css" server="ntc6-p2stl.ezhostingserver.com/wwwroot/" local="132034609707162258" remote="132034744800000000" Dst="2" />
<file name="kendo.mobile.wp8.less" server="ntc6-p2stl.ezhostingserver.com/wwwroot/" local="132034609707522361" remote="132034744800000000" Dst="2" />
<file name="kendo.mobile.wp8.css" server="ntc6-p2stl.ezhostingserver.com/wwwroot/" local="132034609706122030" remote="132034744800000000" Dst="2" />
<file name="meego.less" server="ntc6-p2stl.ezhostingserver.com/wwwroot/" local="132034609706192179" remote="132034744800000000" Dst="2" />
<file name="nova-theme.less" server="ntc6-p2stl.ezhostingserver.com/wwwroot/" local="132034609705781948" remote="132034744800000000" Dst="2" />
<file name="nova-theme.css" server="ntc6-p2stl.ezhostingserver.com/wwwroot/" local="132034610376571850" remote="132034744800000000" Dst="2" />
<file name="kendo.dataviz.mobile.less" server="ftp.gregorysblog.org/wwwroot/" local="132046800276489650" remote="132047074200000000" Dst="2" />
<file name="kendo.mobile.all.less" server="ftp.gregorysblog.org/wwwroot/" local="132046800276699702" remote="132047074200000000" Dst="2" />
<file name="kendo.mobile.all.css" server="ftp.gregorysblog.org/wwwroot/" local="132046800276619680" remote="132047074200000000" Dst="2" />
<file name="kendo.mobile.android.dark.css" server="ftp.gregorysblog.org/wwwroot/" local="132046800276809726" remote="132047074200000000" Dst="2" />
<file name="kendo.dataviz.mobile.css" server="ftp.gregorysblog.org/wwwroot/" local="132046800276409640" remote="132047074200000000" Dst="2" />
<file name="kendo.mobile.android.dark.less" server="ftp.gregorysblog.org/wwwroot/" local="132046800276889754" remote="132047074200000000" Dst="2" />
<file name="kendo.mobile.android.light.less" server="ftp.gregorysblog.org/wwwroot/" local="132046800277079782" remote="132047074200000000" Dst="2" />
<file name="kendo.mobile.android.light.css" server="ftp.gregorysblog.org/wwwroot/" local="132046800276999772" remote="132047074200000000" Dst="2" />
<file name="kendo.mobile.blackberry.less" server="ftp.gregorysblog.org/wwwroot/" local="132046800277269825" remote="132047074200000000" Dst="2" />
<file name="kendo.mobile.blackberry.css" server="ftp.gregorysblog.org/wwwroot/" local="132046800277189809" remote="132047074200000000" Dst="2" />
<file name="kendo.mobile.common.css" server="ftp.gregorysblog.org/wwwroot/" local="132046800277369856" remote="132047074200000000" Dst="2" />
<file name="kendo.mobile.common.less" server="ftp.gregorysblog.org/wwwroot/" local="132046800277439863" remote="132047074200000000" Dst="2" />
<file name="kendo.mobile.fiori.less" server="ftp.gregorysblog.org/wwwroot/" local="132046800277639909" remote="132047074200000000" Dst="2" />
<file name="kendo.mobile.fiori.css" server="ftp.gregorysblog.org/wwwroot/" local="132046800277549987" remote="132047074200000000" Dst="2" />
<file name="kendo.mobile.flat.less" server="ftp.gregorysblog.org/wwwroot/" local="132046800277829964" remote="132047074200000000" Dst="2" />
<file name="kendo.mobile.flat.css" server="ftp.gregorysblog.org/wwwroot/" local="132046800277749933" remote="132047074200000000" Dst="2" />
<file name="kendo.mobile.ios.less" server="ftp.gregorysblog.org/wwwroot/" local="132046800278010011" remote="132047074200000000" Dst="2" />
<file name="kendo.mobile.ios.css" server="ftp.gregorysblog.org/wwwroot/" local="132046800277939979" remote="132047074200000000" Dst="2" />
<file name="kendo.mobile.material.less" server="ftp.gregorysblog.org/wwwroot/" local="132046800278200132" remote="132047074200000000" Dst="2" />
<file name="kendo.mobile.material.css" server="ftp.gregorysblog.org/wwwroot/" local="132046800278130023" remote="132047074200000000" Dst="2" />
<file name="kendo.mobile.meego.less" server="ftp.gregorysblog.org/wwwroot/" local="132046800278390082" remote="132047074200000000" Dst="2" />
<file name="kendo.mobile.meego.css" server="ftp.gregorysblog.org/wwwroot/" local="132046800278310063" remote="132047074200000000" Dst="2" />
<file name="kendo.mobile.nova.less" server="ftp.gregorysblog.org/wwwroot/" local="132046800278580122" remote="132047074200000000" Dst="2" />
<file name="kendo.mobile.nova.css" server="ftp.gregorysblog.org/wwwroot/" local="132046800278500109" remote="132047074200000000" Dst="2" />
<file name="kendo.mobile.office365.less" server="ftp.gregorysblog.org/wwwroot/" local="132046800278780174" remote="132047074200000000" Dst="2" />
<file name="kendo.mobile.office365.css" server="ftp.gregorysblog.org/wwwroot/" local="132046800278690171" remote="132047074200000000" Dst="2" />
<file name="kendo.mobile.wp8.less" server="ftp.gregorysblog.org/wwwroot/" local="132046800278980220" remote="132047074200000000" Dst="2" />
<file name="kendo.mobile.wp8.css" server="ftp.gregorysblog.org/wwwroot/" local="132046800278890193" remote="132047074200000000" Dst="2" />
<file name="meego.less" server="ftp.gregorysblog.org/wwwroot/" local="132046800279060236" remote="132047074200000000" Dst="2" />
<file name="nova-theme.less" server="ftp.gregorysblog.org/wwwroot/" local="132046800279241773" remote="132047074200000000" Dst="2" />
<file name="nova-theme.css" server="ftp.gregorysblog.org/wwwroot/" local="132046800279170261" remote="132047074200000000" Dst="2" />
</dwsync>