<?xml version="1.0" encoding="utf-8" ?>
<dwsync>
<file name="back.png" server="gregoryalexander.com/wwwroot/" local="132034609721192902" remote="132034690800000000" Dst="2" />
<file name="kendoui.ttf" server="gregoryalexander.com/wwwroot/" local="132034609721302935" remote="132034690800000000" Dst="2" />
<file name="kendoui.woff" server="gregoryalexander.com/wwwroot/" local="132034609721082880" remote="132034690800000000" Dst="2" />
<file name="kendoui.svg" server="gregoryalexander.com/wwwroot/" local="132034609720892834" remote="132034690800000000" Dst="2" />
<file name="wp8_inverseicons.png" server="gregoryalexander.com/wwwroot/" local="132034609721002870" remote="132034690800000000" Dst="2" />
<file name="wp8_icons.png" server="gregoryalexander.com/wwwroot/" local="132034609721402948" remote="132034690800000000" Dst="2" />
<file name="back.png" server="ntc6-p2stl.ezhostingserver.com/wwwroot/" local="132034609721192902" remote="132034744200000000" Dst="2" />
<file name="kendoui.ttf" server="ntc6-p2stl.ezhostingserver.com/wwwroot/" local="132034609721302935" remote="132034744200000000" Dst="2" />
<file name="kendoui.woff" server="ntc6-p2stl.ezhostingserver.com/wwwroot/" local="132034609721082880" remote="132034744200000000" Dst="2" />
<file name="kendoui.svg" server="ntc6-p2stl.ezhostingserver.com/wwwroot/" local="132034609720892834" remote="132034744200000000" Dst="2" />
<file name="wp8_icons.png" server="ntc6-p2stl.ezhostingserver.com/wwwroot/" local="132034609721402948" remote="132034744200000000" Dst="2" />
<file name="wp8_inverseicons.png" server="ntc6-p2stl.ezhostingserver.com/wwwroot/" local="132034609721002870" remote="132034744200000000" Dst="2" />
<file name="back.png" server="ftp.gregorysblog.org/wwwroot/" local="132046800291963131" remote="132047074200000000" Dst="2" />
<file name="kendoui.ttf" server="ftp.gregorysblog.org/wwwroot/" local="132046800292243202" remote="132047074200000000" Dst="2" />
<file name="kendoui.woff" server="ftp.gregorysblog.org/wwwroot/" local="132046800292323212" remote="132047074200000000" Dst="2" />
<file name="kendoui.svg" server="ftp.gregorysblog.org/wwwroot/" local="132046800292133217" remote="132047074200000000" Dst="2" />
<file name="wp8_icons.png" server="ftp.gregorysblog.org/wwwroot/" local="132046800292423243" remote="132047074200000000" Dst="2" />
<file name="wp8_inverseicons.png" server="ftp.gregorysblog.org/wwwroot/" local="132046800292523264" remote="132047074200000000" Dst="2" />
</dwsync>