<?xml version="1.0" encoding="utf-8" ?>
<dwsync>
<file name="editor.png" server="gregoryalexander.com/wwwroot/" local="132034609747799041" remote="132034692000000000" Dst="2" />
<file name="imagebrowser.png" server="gregoryalexander.com/wwwroot/" local="132034609747498876" remote="132034692000000000" Dst="2" />
<file name="indeterminate.gif" server="gregoryalexander.com/wwwroot/" local="132034609748129027" remote="132034692000000000" Dst="2" />
<file name="loading-image.gif" server="gregoryalexander.com/wwwroot/" local="132034609748759171" remote="132034692000000000" Dst="2" />
<file name="loading.gif" server="gregoryalexander.com/wwwroot/" local="132034609748669146" remote="132034692000000000" Dst="2" />
<file name="markers.png" server="gregoryalexander.com/wwwroot/" local="132034609748579124" remote="132034692000000000" Dst="2" />
<file name="markers_2x.png" server="gregoryalexander.com/wwwroot/" local="132034609748029090" remote="132034692000000000" Dst="2" />
<file name="loading_2x.gif" server="gregoryalexander.com/wwwroot/" local="132034609748219136" remote="132034692000000000" Dst="2" />
<file name="slider-v.gif" server="gregoryalexander.com/wwwroot/" local="132034609748949302" remote="132034692000000000" Dst="2" />
<file name="slider-h.gif" server="gregoryalexander.com/wwwroot/" local="132034609748459103" remote="132034692000000000" Dst="2" />
<file name="sprite.png" server="gregoryalexander.com/wwwroot/" local="132034609747618907" remote="132034692000000000" Dst="2" />
<file name="sprite_kpi.png" server="gregoryalexander.com/wwwroot/" local="132034609748359076" remote="132034692000000000" Dst="2" />
<file name="sprite_2x.png" server="gregoryalexander.com/wwwroot/" local="132034609748859281" remote="132034692000000000" Dst="2" />
<file name="sprite_kpi_2x.png" server="gregoryalexander.com/wwwroot/" local="132034609747908972" remote="132034692000000000" Dst="2" />
<file name="_variables.css" server="gregoryalexander.com/wwwroot/" local="132034610055408801" remote="132034692000000000" Dst="2" />
<file name="_variables.less" server="gregoryalexander.com/wwwroot/" local="132034609747698926" remote="132034692000000000" Dst="2" />
<file name="editor.png" server="ntc6-p2stl.ezhostingserver.com/wwwroot/" local="132034609747799041" remote="132034744800000000" Dst="2" />
<file name="imagebrowser.png" server="ntc6-p2stl.ezhostingserver.com/wwwroot/" local="132034609747498876" remote="132034744800000000" Dst="2" />
<file name="indeterminate.gif" server="ntc6-p2stl.ezhostingserver.com/wwwroot/" local="132034609748129027" remote="132034745400000000" Dst="2" />
<file name="loading-image.gif" server="ntc6-p2stl.ezhostingserver.com/wwwroot/" local="132034609748759171" remote="132034745400000000" Dst="2" />
<file name="loading.gif" server="ntc6-p2stl.ezhostingserver.com/wwwroot/" local="132034609748669146" remote="132034745400000000" Dst="2" />
<file name="loading_2x.gif" server="ntc6-p2stl.ezhostingserver.com/wwwroot/" local="132034609748219136" remote="132034745400000000" Dst="2" />
<file name="markers.png" server="ntc6-p2stl.ezhostingserver.com/wwwroot/" local="132034609748579124" remote="132034745400000000" Dst="2" />
<file name="markers_2x.png" server="ntc6-p2stl.ezhostingserver.com/wwwroot/" local="132034609748029090" remote="132034745400000000" Dst="2" />
<file name="slider-h.gif" server="ntc6-p2stl.ezhostingserver.com/wwwroot/" local="132034609748459103" remote="132034745400000000" Dst="2" />
<file name="slider-v.gif" server="ntc6-p2stl.ezhostingserver.com/wwwroot/" local="132034609748949302" remote="132034745400000000" Dst="2" />
<file name="sprite_2x.png" server="ntc6-p2stl.ezhostingserver.com/wwwroot/" local="132034609748859281" remote="132034745400000000" Dst="2" />
<file name="sprite.png" server="ntc6-p2stl.ezhostingserver.com/wwwroot/" local="132034609747618907" remote="132034745400000000" Dst="2" />
<file name="sprite_kpi.png" server="ntc6-p2stl.ezhostingserver.com/wwwroot/" local="132034609748359076" remote="132034745400000000" Dst="2" />
<file name="sprite_kpi_2x.png" server="ntc6-p2stl.ezhostingserver.com/wwwroot/" local="132034609747908972" remote="132034745400000000" Dst="2" />
<file name="_variables.css" server="ntc6-p2stl.ezhostingserver.com/wwwroot/" local="132034658782132981" remote="132034745400000000" Dst="2" />
<file name="_variables.less" server="ntc6-p2stl.ezhostingserver.com/wwwroot/" local="132034609747698926" remote="132034745400000000" Dst="2" />
<file name="editor.png" server="ftp.gregorysblog.org/wwwroot/" local="132046800344704999" remote="132047074800000000" Dst="2" />
<file name="imagebrowser.png" server="ftp.gregorysblog.org/wwwroot/" local="132046800344825029" remote="132047074800000000" Dst="2" />
<file name="indeterminate.gif" server="ftp.gregorysblog.org/wwwroot/" local="132046800344915042" remote="132047074800000000" Dst="2" />
<file name="loading-image.gif" server="ftp.gregorysblog.org/wwwroot/" local="132046800345195110" remote="132047074800000000" Dst="2" />
<file name="loading.gif" server="ftp.gregorysblog.org/wwwroot/" local="132046800345005078" remote="132047074800000000" Dst="2" />
<file name="loading_2x.gif" server="ftp.gregorysblog.org/wwwroot/" local="132046800345105088" remote="132047074800000000" Dst="2" />
<file name="markers.png" server="ftp.gregorysblog.org/wwwroot/" local="132046800345305143" remote="132047074800000000" Dst="2" />
<file name="markers_2x.png" server="ftp.gregorysblog.org/wwwroot/" local="132046800345415167" remote="132047074800000000" Dst="2" />
<file name="slider-h.gif" server="ftp.gregorysblog.org/wwwroot/" local="132046800345505195" remote="132047074800000000" Dst="2" />
<file name="sprite.png" server="ftp.gregorysblog.org/wwwroot/" local="132046800345695241" remote="132047074800000000" Dst="2" />
<file name="slider-v.gif" server="ftp.gregorysblog.org/wwwroot/" local="132046800345595202" remote="132047074800000000" Dst="2" />
<file name="sprite_2x.png" server="ftp.gregorysblog.org/wwwroot/" local="132046800345805344" remote="132047074800000000" Dst="2" />
<file name="sprite_kpi.png" server="ftp.gregorysblog.org/wwwroot/" local="132046800345915290" remote="132047074800000000" Dst="2" />
<file name="sprite_kpi_2x.png" server="ftp.gregorysblog.org/wwwroot/" local="132046800346025308" remote="132047074800000000" Dst="2" />
<file name="_variables.css" server="ftp.gregorysblog.org/wwwroot/" local="132046800344514953" remote="132047074800000000" Dst="2" />
<file name="_variables.less" server="ftp.gregorysblog.org/wwwroot/" local="132046800344594972" remote="132047074800000000" Dst="2" />
</dwsync>