<?xml version="1.0" encoding="utf-8" ?>
<dwsync>
<file name="proxyController.cfc" server="gregoryalexander.com/wwwroot/" local="132032904361436092" remote="132032977200000000" Dst="2" />
<file name="cfJson.cfc" server="gregoryalexander.com/wwwroot/" local="132024577552113208" remote="132024649200000000" Dst="2" />
<file name="cfJson.cfc" server="ntc6-p2stl.ezhostingserver.com/wwwroot/" local="132024577552113208" remote="132034732800000000" Dst="2" />
<file name="proxyController.cfc" server="ntc6-p2stl.ezhostingserver.com/wwwroot/" local="132041879552310783" remote="132041951400000000" Dst="2" />
<file name="Themes.cfc" server="ntc6-p2stl.ezhostingserver.com/wwwroot/" local="132040832928081393" remote="132040904400000000" Dst="2" />
<file name="cfJson.cfc" server="ftp.gregorysblog.org/wwwroot/" local="132046799898967137" remote="132047068200000000" Dst="2" />
<file name="proxyController.cfc" server="ftp.gregorysblog.org/wwwroot/" local="132046799899087076" remote="132047068200000000" Dst="2" />
<file name="Themes.cfc" server="ftp.gregorysblog.org/wwwroot/" local="132046799899337136" remote="132047068200000000" Dst="2" />
</dwsync>