<?xml version="1.0" encoding="utf-8" ?>
<dwsync>
<file name="akismetFailure.cfm" server="gregoryalexander.com/wwwroot/" local="131850032064199628" remote="131850104400000000" Dst="2" />
<file name="cffp.cfm" server="gregoryalexander.com/wwwroot/" local="131850913849356969" remote="131851003200000000" Dst="2" />
<file name="cffp.ini.cfm" server="gregoryalexander.com/wwwroot/" local="131850032064289568" remote="131850104400000000" Dst="2" />
<file name="cffpConfig.cfm" server="gregoryalexander.com/wwwroot/" local="131850032064559619" remote="131850104400000000" Dst="2" />
<file name="cffpVerify.cfc" server="gregoryalexander.com/wwwroot/" local="131850032064389584" remote="131850104400000000" Dst="2" />
<file name="akismetFailure.cfm" server="ntc6-p2stl.ezhostingserver.com/wwwroot/" local="131850032064199628" remote="132034732800000000" Dst="2" />
<file name="cffp.cfm" server="ntc6-p2stl.ezhostingserver.com/wwwroot/" local="131850913849356969" remote="132034732800000000" Dst="2" />
<file name="cffp.ini.cfm" server="ntc6-p2stl.ezhostingserver.com/wwwroot/" local="131850032064289568" remote="132034732800000000" Dst="2" />
<file name="cffpConfig.cfm" server="ntc6-p2stl.ezhostingserver.com/wwwroot/" local="131850032064559619" remote="132034732800000000" Dst="2" />
<file name="cffpVerify.cfc" server="ntc6-p2stl.ezhostingserver.com/wwwroot/" local="131850032064389584" remote="132034732800000000" Dst="2" />
<file name="akismetFailure.cfm" server="ftp.gregorysblog.org/wwwroot/" local="132046799897846783" remote="132047068200000000" Dst="2" />
<file name="cffp.cfm" server="ftp.gregorysblog.org/wwwroot/" local="132046799897946805" remote="132047068200000000" Dst="2" />
<file name="cffp.ini.cfm" server="ftp.gregorysblog.org/wwwroot/" local="132046799898046826" remote="132047068200000000" Dst="2" />
<file name="cffpConfig.cfm" server="ftp.gregorysblog.org/wwwroot/" local="132046799898156860" remote="132047068200000000" Dst="2" />
<file name="cffpVerify.cfc" server="ftp.gregorysblog.org/wwwroot/" local="132046799898246872" remote="132047068200000000" Dst="2" />
</dwsync>