<?xml version="1.0" encoding="utf-8" ?>
<dwsync>
<file name="KendoUIGlyphs.eot" server="gregoryalexander.com/wwwroot/" local="132034609757001130" remote="132034692000000000" Dst="2" />
<file name="KendoUIGlyphs.svg" server="gregoryalexander.com/wwwroot/" local="132034609757241182" remote="132034692000000000" Dst="2" />
<file name="KendoUIGlyphs.ttf" server="gregoryalexander.com/wwwroot/" local="132034609756840996" remote="132034692000000000" Dst="2" />
<file name="KendoUIGlyphs.woff" server="gregoryalexander.com/wwwroot/" local="132034609756921024" remote="132034692000000000" Dst="2" />
<file name="WebComponentsIcons.eot" server="gregoryalexander.com/wwwroot/" local="132034609756541024" remote="132034692000000000" Dst="2" />
<file name="WebComponentsIcons.ttf" server="gregoryalexander.com/wwwroot/" local="132034609757361125" remote="132034692000000000" Dst="2" />
<file name="WebComponentsIcons.woff" server="gregoryalexander.com/wwwroot/" local="132034609757091059" remote="132034692000000000" Dst="2" />
<file name="WebComponentsIcons.svg" server="gregoryalexander.com/wwwroot/" local="132034609756730968" remote="132034692000000000" Dst="2" />
<file name="KendoUIGlyphs.eot" server="ntc6-p2stl.ezhostingserver.com/wwwroot/" local="132034609757001130" remote="132034744800000000" Dst="2" />
<file name="KendoUIGlyphs.svg" server="ntc6-p2stl.ezhostingserver.com/wwwroot/" local="132034609757241182" remote="132034744800000000" Dst="2" />
<file name="KendoUIGlyphs.ttf" server="ntc6-p2stl.ezhostingserver.com/wwwroot/" local="132034609756840996" remote="132034744800000000" Dst="2" />
<file name="KendoUIGlyphs.woff" server="ntc6-p2stl.ezhostingserver.com/wwwroot/" local="132034609756921024" remote="132034744800000000" Dst="2" />
<file name="WebComponentsIcons.eot" server="ntc6-p2stl.ezhostingserver.com/wwwroot/" local="132034609756541024" remote="132034744800000000" Dst="2" />
<file name="WebComponentsIcons.ttf" server="ntc6-p2stl.ezhostingserver.com/wwwroot/" local="132034609757361125" remote="132034744800000000" Dst="2" />
<file name="WebComponentsIcons.woff" server="ntc6-p2stl.ezhostingserver.com/wwwroot/" local="132034609757091059" remote="132034744800000000" Dst="2" />
<file name="WebComponentsIcons.svg" server="ntc6-p2stl.ezhostingserver.com/wwwroot/" local="132034609756730968" remote="132034744800000000" Dst="2" />
<file name="KendoUIGlyphs.eot" server="ftp.gregorysblog.org/wwwroot/" local="132046800343264681" remote="132047074800000000" Dst="2" />
<file name="KendoUIGlyphs.svg" server="ftp.gregorysblog.org/wwwroot/" local="132046800343424716" remote="132047074800000000" Dst="2" />
<file name="KendoUIGlyphs.ttf" server="ftp.gregorysblog.org/wwwroot/" local="132046800343534831" remote="132047074800000000" Dst="2" />
<file name="KendoUIGlyphs.woff" server="ftp.gregorysblog.org/wwwroot/" local="132046800343624759" remote="132047074800000000" Dst="2" />
<file name="WebComponentsIcons.eot" server="ftp.gregorysblog.org/wwwroot/" local="132046800343714787" remote="132047074800000000" Dst="2" />
<file name="WebComponentsIcons.ttf" server="ftp.gregorysblog.org/wwwroot/" local="132046800344034845" remote="132047074800000000" Dst="2" />
<file name="WebComponentsIcons.woff" server="ftp.gregorysblog.org/wwwroot/" local="132046800344134863" remote="132047074800000000" Dst="2" />
<file name="WebComponentsIcons.svg" server="ftp.gregorysblog.org/wwwroot/" local="132046800343904815" remote="132047074800000000" Dst="2" />
</dwsync>