<?xml version="1.0" encoding="utf-8" ?>
<dwsync>
<file name="index.html" server="gregoryalexander.com/wwwroot/" local="130674042284361994" remote="131979710400000000" Dst="2" />
<file name="jquery-ui.css" server="gregoryalexander.com/wwwroot/" local="130674042281553994" remote="131979710400000000" Dst="2" />
<file name="jquery-ui.min.css" server="gregoryalexander.com/wwwroot/" local="130674042282801994" remote="131979710400000000" Dst="2" />
<file name="jquery-ui.structure.css" server="gregoryalexander.com/wwwroot/" local="130674042276405994" remote="131979710400000000" Dst="2" />
<file name="jquery-ui.js" server="gregoryalexander.com/wwwroot/" local="130674042272505994" remote="131979710400000000" Dst="2" />
<file name="jquery-ui.min.js" server="gregoryalexander.com/wwwroot/" local="130674042275001994" remote="131979710400000000" Dst="2" />
<file name="jquery-ui.structure.min.css" server="gregoryalexander.com/wwwroot/" local="130674042277653994" remote="131979710400000000" Dst="2" />
<file name="jquery-ui.theme.min.css" server="gregoryalexander.com/wwwroot/" local="130674042280305994" remote="131979710400000000" Dst="2" />
<file name="jquery-ui.theme.css" server="gregoryalexander.com/wwwroot/" local="130674042278901994" remote="131979710400000000" Dst="2" />
<file name="jquery.js" server="gregoryalexander.com/wwwroot/" local="130674042287637994" remote="131979710400000000" Dst="2" />
<file name="jquery-ui.css" server="ntc6-p2stl.ezhostingserver.com/wwwroot/" local="130674042281553994" remote="132034733400000000" Dst="2" />
<file name="index.html" server="ntc6-p2stl.ezhostingserver.com/wwwroot/" local="130674042284361994" remote="132034733400000000" Dst="2" />
<file name="jquery-ui.min.css" server="ntc6-p2stl.ezhostingserver.com/wwwroot/" local="130674042282801994" remote="132034733400000000" Dst="2" />
<file name="jquery-ui.structure.css" server="ntc6-p2stl.ezhostingserver.com/wwwroot/" local="130674042276405994" remote="132034733400000000" Dst="2" />
<file name="jquery-ui.min.js" server="ntc6-p2stl.ezhostingserver.com/wwwroot/" local="130674042275001994" remote="132034733400000000" Dst="2" />
<file name="jquery-ui.structure.min.css" server="ntc6-p2stl.ezhostingserver.com/wwwroot/" local="130674042277653994" remote="132034733400000000" Dst="2" />
<file name="jquery-ui.js" server="ntc6-p2stl.ezhostingserver.com/wwwroot/" local="130674042272505994" remote="132034733400000000" Dst="2" />
<file name="jquery-ui.theme.css" server="ntc6-p2stl.ezhostingserver.com/wwwroot/" local="130674042278901994" remote="132034733400000000" Dst="2" />
<file name="jquery-ui.theme.min.css" server="ntc6-p2stl.ezhostingserver.com/wwwroot/" local="130674042280305994" remote="132034733400000000" Dst="2" />
<file name="jquery.js" server="ntc6-p2stl.ezhostingserver.com/wwwroot/" local="130674042287637994" remote="132034733400000000" Dst="2" />
<file name="index.html" server="ftp.gregorysblog.org/wwwroot/" local="132046799906508735" remote="132047068800000000" Dst="2" />
<file name="jquery-ui.css" server="ftp.gregorysblog.org/wwwroot/" local="132046799906988849" remote="132047068800000000" Dst="2" />
<file name="jquery-ui.min.css" server="ftp.gregorysblog.org/wwwroot/" local="132046799907340563" remote="132047068800000000" Dst="2" />
<file name="jquery-ui.structure.css" server="ftp.gregorysblog.org/wwwroot/" local="132046799907610625" remote="132047068800000000" Dst="2" />
<file name="jquery-ui.structure.min.css" server="ftp.gregorysblog.org/wwwroot/" local="132046799907720746" remote="132047068800000000" Dst="2" />
<file name="jquery-ui.js" server="ftp.gregorysblog.org/wwwroot/" local="132046799907230523" remote="132047068800000000" Dst="2" />
<file name="jquery-ui.theme.css" server="ftp.gregorysblog.org/wwwroot/" local="132046799907830685" remote="132047068800000000" Dst="2" />
<file name="jquery-ui.min.js" server="ftp.gregorysblog.org/wwwroot/" local="132046799907510697" remote="132047068800000000" Dst="2" />
<file name="jquery-ui.theme.min.css" server="ftp.gregorysblog.org/wwwroot/" local="132046799907920789" remote="132047068800000000" Dst="2" />
<file name="jquery.js" server="ftp.gregorysblog.org/wwwroot/" local="132046799906880825" remote="132047068800000000" Dst="2" />
</dwsync>