<?xml version="1.0" encoding="utf-8" ?>
<dwsync>
<file name="all.less" server="gregoryalexander.com/wwwroot/" local="132034609763782576" remote="132034691400000000" Dst="2" />
<file name="base.less" server="gregoryalexander.com/wwwroot/" local="132034609763382486" remote="132034691400000000" Dst="2" />
<file name="button.less" server="gregoryalexander.com/wwwroot/" local="132034609762482279" remote="132034691400000000" Dst="2" />
<file name="calendar.less" server="gregoryalexander.com/wwwroot/" local="132034609764752797" remote="132034691400000000" Dst="2" />
<file name="colorpicker.less" server="gregoryalexander.com/wwwroot/" local="132034609764832822" remote="132034691400000000" Dst="2" />
<file name="dataviz.less" server="gregoryalexander.com/wwwroot/" local="132034609762172305" remote="132034691400000000" Dst="2" />
<file name="dialog.less" server="gregoryalexander.com/wwwroot/" local="132034609764322699" remote="132034691400000000" Dst="2" />
<file name="flex.css" server="gregoryalexander.com/wwwroot/" local="132034610055468811" remote="132034691400000000" Dst="2" />
<file name="font-icons.less" server="gregoryalexander.com/wwwroot/" local="132034609764662871" remote="132034691400000000" Dst="2" />
<file name="flex.less" server="gregoryalexander.com/wwwroot/" local="132034609762402263" remote="132034691400000000" Dst="2" />
<file name="forms.css" server="gregoryalexander.com/wwwroot/" local="132034610055468811" remote="132034691400000000" Dst="2" />
<file name="forms.less" server="gregoryalexander.com/wwwroot/" local="132034609763182467" remote="132034691400000000" Dst="2" />
<file name="inputs.less" server="gregoryalexander.com/wwwroot/" local="132034609762662323" remote="132034691400000000" Dst="2" />
<file name="mediaplayer.css" server="gregoryalexander.com/wwwroot/" local="132034610055458805" remote="132034691400000000" Dst="2" />
<file name="mediaplayer.less" server="gregoryalexander.com/wwwroot/" local="132034609762922380" remote="132034691400000000" Dst="2" />
<file name="menu.less" server="gregoryalexander.com/wwwroot/" local="132034609763282462" remote="132034691400000000" Dst="2" />
<file name="mixins.less" server="gregoryalexander.com/wwwroot/" local="132034609763682545" remote="132034691400000000" Dst="2" />
<file name="notification.css" server="gregoryalexander.com/wwwroot/" local="132034610055468811" remote="132034691400000000" Dst="2" />
<file name="notification.less" server="gregoryalexander.com/wwwroot/" local="132034609762742445" remote="132034691400000000" Dst="2" />
<file name="pager.less" server="gregoryalexander.com/wwwroot/" local="132034609763592532" remote="132034691400000000" Dst="2" />
<file name="panelbar.css" server="gregoryalexander.com/wwwroot/" local="132034610055468811" remote="132034691400000000" Dst="2" />
<file name="panelbar.less" server="gregoryalexander.com/wwwroot/" local="132034609762832361" remote="132034691400000000" Dst="2" />
<file name="progressbar.less" server="gregoryalexander.com/wwwroot/" local="132034609763872598" remote="132034691400000000" Dst="2" />
<file name="responsivepanel.css" server="gregoryalexander.com/wwwroot/" local="132034610055468811" remote="132034691400000000" Dst="2" />
<file name="responsivepanel.less" server="gregoryalexander.com/wwwroot/" local="132034609763092418" remote="132034691400000000" Dst="2" />
<file name="slider.less" server="gregoryalexander.com/wwwroot/" local="132034609764912832" remote="132034691400000000" Dst="2" />
<file name="splitter.less" server="gregoryalexander.com/wwwroot/" local="132034609762332246" remote="132034691400000000" Dst="2" />
<file name="tabstrip.less" server="gregoryalexander.com/wwwroot/" local="132034609764492749" remote="132034691400000000" Dst="2" />
<file name="spreadsheet.less" server="gregoryalexander.com/wwwroot/" local="132034609764582765" remote="132034691400000000" Dst="2" />
<file name="toolbar.less" server="gregoryalexander.com/wwwroot/" local="132034609762572301" remote="132034691400000000" Dst="2" />
<file name="toolbar.css" server="gregoryalexander.com/wwwroot/" local="132034610055458805" remote="132034691400000000" Dst="2" />
<file name="tooltip.less" server="gregoryalexander.com/wwwroot/" local="132034609764412724" remote="132034691400000000" Dst="2" />
<file name="treelist.css" server="gregoryalexander.com/wwwroot/" local="132034610055468811" remote="132034691400000000" Dst="2" />
<file name="virtuallist.css" server="gregoryalexander.com/wwwroot/" local="132034610055458805" remote="132034691400000000" Dst="2" />
<file name="treelist.less" server="gregoryalexander.com/wwwroot/" local="132034609763482508" remote="132034691400000000" Dst="2" />
<file name="virtuallist.less" server="gregoryalexander.com/wwwroot/" local="132034609762252230" remote="132034691400000000" Dst="2" />
<file name="window.less" server="gregoryalexander.com/wwwroot/" local="132034609763002396" remote="132034691400000000" Dst="2" />
<file name="all.less" server="ntc6-p2stl.ezhostingserver.com/wwwroot/" local="132034609763782576" remote="132034744800000000" Dst="2" />
<file name="base.less" server="ntc6-p2stl.ezhostingserver.com/wwwroot/" local="132034609763382486" remote="132034744800000000" Dst="2" />
<file name="button.less" server="ntc6-p2stl.ezhostingserver.com/wwwroot/" local="132034609762482279" remote="132034744800000000" Dst="2" />
<file name="calendar.less" server="ntc6-p2stl.ezhostingserver.com/wwwroot/" local="132034609764752797" remote="132034744800000000" Dst="2" />
<file name="colorpicker.less" server="ntc6-p2stl.ezhostingserver.com/wwwroot/" local="132034609764832822" remote="132034744800000000" Dst="2" />
<file name="dataviz.less" server="ntc6-p2stl.ezhostingserver.com/wwwroot/" local="132034609762172305" remote="132034744800000000" Dst="2" />
<file name="dialog.less" server="ntc6-p2stl.ezhostingserver.com/wwwroot/" local="132034609764322699" remote="132034744800000000" Dst="2" />
<file name="flex.css" server="ntc6-p2stl.ezhostingserver.com/wwwroot/" local="132034610055468811" remote="132034744800000000" Dst="2" />
<file name="flex.less" server="ntc6-p2stl.ezhostingserver.com/wwwroot/" local="132034609762402263" remote="132034744800000000" Dst="2" />
<file name="font-icons.less" server="ntc6-p2stl.ezhostingserver.com/wwwroot/" local="132034609764662871" remote="132034744800000000" Dst="2" />
<file name="forms.css" server="ntc6-p2stl.ezhostingserver.com/wwwroot/" local="132034610055468811" remote="132034744800000000" Dst="2" />
<file name="forms.less" server="ntc6-p2stl.ezhostingserver.com/wwwroot/" local="132034609763182467" remote="132034744800000000" Dst="2" />
<file name="inputs.less" server="ntc6-p2stl.ezhostingserver.com/wwwroot/" local="132034609762662323" remote="132034744800000000" Dst="2" />
<file name="mediaplayer.css" server="ntc6-p2stl.ezhostingserver.com/wwwroot/" local="132034610055458805" remote="132034744800000000" Dst="2" />
<file name="mediaplayer.less" server="ntc6-p2stl.ezhostingserver.com/wwwroot/" local="132034609762922380" remote="132034744800000000" Dst="2" />
<file name="menu.less" server="ntc6-p2stl.ezhostingserver.com/wwwroot/" local="132034609763282462" remote="132034744800000000" Dst="2" />
<file name="mixins.less" server="ntc6-p2stl.ezhostingserver.com/wwwroot/" local="132034609763682545" remote="132034744800000000" Dst="2" />
<file name="notification.less" server="ntc6-p2stl.ezhostingserver.com/wwwroot/" local="132034609762742445" remote="132034744800000000" Dst="2" />
<file name="notification.css" server="ntc6-p2stl.ezhostingserver.com/wwwroot/" local="132034610055468811" remote="132034744800000000" Dst="2" />
<file name="panelbar.css" server="ntc6-p2stl.ezhostingserver.com/wwwroot/" local="132034610055468811" remote="132034744800000000" Dst="2" />
<file name="panelbar.less" server="ntc6-p2stl.ezhostingserver.com/wwwroot/" local="132034609762832361" remote="132034744800000000" Dst="2" />
<file name="pager.less" server="ntc6-p2stl.ezhostingserver.com/wwwroot/" local="132034609763592532" remote="132034744800000000" Dst="2" />
<file name="responsivepanel.css" server="ntc6-p2stl.ezhostingserver.com/wwwroot/" local="132034610055468811" remote="132034744800000000" Dst="2" />
<file name="responsivepanel.less" server="ntc6-p2stl.ezhostingserver.com/wwwroot/" local="132034609763092418" remote="132034744800000000" Dst="2" />
<file name="progressbar.less" server="ntc6-p2stl.ezhostingserver.com/wwwroot/" local="132034609763872598" remote="132034744800000000" Dst="2" />
<file name="slider.less" server="ntc6-p2stl.ezhostingserver.com/wwwroot/" local="132034609764912832" remote="132034744800000000" Dst="2" />
<file name="splitter.less" server="ntc6-p2stl.ezhostingserver.com/wwwroot/" local="132034609762332246" remote="132034744800000000" Dst="2" />
<file name="spreadsheet.less" server="ntc6-p2stl.ezhostingserver.com/wwwroot/" local="132034609764582765" remote="132034744800000000" Dst="2" />
<file name="tabstrip.less" server="ntc6-p2stl.ezhostingserver.com/wwwroot/" local="132034609764492749" remote="132034744800000000" Dst="2" />
<file name="toolbar.css" server="ntc6-p2stl.ezhostingserver.com/wwwroot/" local="132034610055458805" remote="132034744800000000" Dst="2" />
<file name="toolbar.less" server="ntc6-p2stl.ezhostingserver.com/wwwroot/" local="132034609762572301" remote="132034744800000000" Dst="2" />
<file name="tooltip.less" server="ntc6-p2stl.ezhostingserver.com/wwwroot/" local="132034609764412724" remote="132034744800000000" Dst="2" />
<file name="treelist.css" server="ntc6-p2stl.ezhostingserver.com/wwwroot/" local="132034610055468811" remote="132034744800000000" Dst="2" />
<file name="treelist.less" server="ntc6-p2stl.ezhostingserver.com/wwwroot/" local="132034609763482508" remote="132034744800000000" Dst="2" />
<file name="virtuallist.less" server="ntc6-p2stl.ezhostingserver.com/wwwroot/" local="132034609762252230" remote="132034744800000000" Dst="2" />
<file name="window.less" server="ntc6-p2stl.ezhostingserver.com/wwwroot/" local="132034609763002396" remote="132034744800000000" Dst="2" />
<file name="virtuallist.css" server="ntc6-p2stl.ezhostingserver.com/wwwroot/" local="132034610055458805" remote="132034744800000000" Dst="2" />
<file name="all.less" server="ftp.gregorysblog.org/wwwroot/" local="132046800325540695" remote="132047074800000000" Dst="2" />
<file name="button.less" server="ftp.gregorysblog.org/wwwroot/" local="132046800325720766" remote="132047074800000000" Dst="2" />
<file name="base.less" server="ftp.gregorysblog.org/wwwroot/" local="132046800325630717" remote="132047074800000000" Dst="2" />
<file name="calendar.less" server="ftp.gregorysblog.org/wwwroot/" local="132046800325800751" remote="132047074800000000" Dst="2" />
<file name="colorpicker.less" server="ftp.gregorysblog.org/wwwroot/" local="132046800325900767" remote="132047074800000000" Dst="2" />
<file name="dataviz.less" server="ftp.gregorysblog.org/wwwroot/" local="132046800325990888" remote="132047074800000000" Dst="2" />
<file name="dialog.less" server="ftp.gregorysblog.org/wwwroot/" local="132046800326070829" remote="132047074800000000" Dst="2" />
<file name="flex.css" server="ftp.gregorysblog.org/wwwroot/" local="132046800326190832" remote="132047074800000000" Dst="2" />
<file name="flex.less" server="ftp.gregorysblog.org/wwwroot/" local="132046800326280859" remote="132047074800000000" Dst="2" />
<file name="font-icons.less" server="ftp.gregorysblog.org/wwwroot/" local="132046800326360869" remote="132047074800000000" Dst="2" />
<file name="forms.less" server="ftp.gregorysblog.org/wwwroot/" local="132046800326560933" remote="132047074800000000" Dst="2" />
<file name="forms.css" server="ftp.gregorysblog.org/wwwroot/" local="132046800326470915" remote="132047074800000000" Dst="2" />
<file name="inputs.less" server="ftp.gregorysblog.org/wwwroot/" local="132046800326650970" remote="132047074800000000" Dst="2" />
<file name="mediaplayer.less" server="ftp.gregorysblog.org/wwwroot/" local="132046800326840998" remote="132047074800000000" Dst="2" />
<file name="mediaplayer.css" server="ftp.gregorysblog.org/wwwroot/" local="132046800326750986" remote="132047074800000000" Dst="2" />
<file name="menu.less" server="ftp.gregorysblog.org/wwwroot/" local="132046800326921005" remote="132047074800000000" Dst="2" />
<file name="notification.css" server="ftp.gregorysblog.org/wwwroot/" local="132046800327111039" remote="132047074800000000" Dst="2" />
<file name="notification.less" server="ftp.gregorysblog.org/wwwroot/" local="132046800327191058" remote="132047074800000000" Dst="2" />
<file name="mixins.less" server="ftp.gregorysblog.org/wwwroot/" local="132046800327011018" remote="132047074800000000" Dst="2" />
<file name="pager.less" server="ftp.gregorysblog.org/wwwroot/" local="132046800327271086" remote="132047074800000000" Dst="2" />
<file name="panelbar.css" server="ftp.gregorysblog.org/wwwroot/" local="132046800327381114" remote="132047074800000000" Dst="2" />
<file name="panelbar.less" server="ftp.gregorysblog.org/wwwroot/" local="132046800327461121" remote="132047074800000000" Dst="2" />
<file name="progressbar.less" server="ftp.gregorysblog.org/wwwroot/" local="132046800327541137" remote="132047074800000000" Dst="2" />
<file name="responsivepanel.css" server="ftp.gregorysblog.org/wwwroot/" local="132046800327631267" remote="132047074800000000" Dst="2" />
<file name="responsivepanel.less" server="ftp.gregorysblog.org/wwwroot/" local="132046800327711177" remote="132047074800000000" Dst="2" />
<file name="slider.less" server="ftp.gregorysblog.org/wwwroot/" local="132046800327791193" remote="132047074800000000" Dst="2" />
<file name="splitter.less" server="ftp.gregorysblog.org/wwwroot/" local="132046800327891242" remote="132047074800000000" Dst="2" />
<file name="spreadsheet.less" server="ftp.gregorysblog.org/wwwroot/" local="132046800327991251" remote="132047074800000000" Dst="2" />
<file name="tabstrip.less" server="ftp.gregorysblog.org/wwwroot/" local="132046800328071270" remote="132047074800000000" Dst="2" />
<file name="toolbar.less" server="ftp.gregorysblog.org/wwwroot/" local="132046800328251302" remote="132047074800000000" Dst="2" />
<file name="toolbar.css" server="ftp.gregorysblog.org/wwwroot/" local="132046800328171289" remote="132047074800000000" Dst="2" />
<file name="tooltip.less" server="ftp.gregorysblog.org/wwwroot/" local="132046800328321324" remote="132047074800000000" Dst="2" />
<file name="treelist.css" server="ftp.gregorysblog.org/wwwroot/" local="132046800328431336" remote="132047074800000000" Dst="2" />
<file name="treelist.less" server="ftp.gregorysblog.org/wwwroot/" local="132046800328501350" remote="132047074800000000" Dst="2" />
<file name="virtuallist.css" server="ftp.gregorysblog.org/wwwroot/" local="132046800328611377" remote="132047074800000000" Dst="2" />
<file name="virtuallist.less" server="ftp.gregorysblog.org/wwwroot/" local="132046800328691396" remote="132047074800000000" Dst="2" />
<file name="window.less" server="ftp.gregorysblog.org/wwwroot/" local="132046800328771409" remote="132047074800000000" Dst="2" />
</dwsync>