<?xml version="1.0" encoding="utf-8" ?>
<dwsync>
<file name="all.less" server="gregoryalexander.com/wwwroot/" local="132034609731515242" remote="132034690800000000" Dst="2" />
<file name="actionsheet.less" server="gregoryalexander.com/wwwroot/" local="132034609730495107" remote="132034690800000000" Dst="2" />
<file name="actionsheet.css" server="gregoryalexander.com/wwwroot/" local="132034610376511749" remote="132034690800000000" Dst="2" />
<file name="base.less" server="gregoryalexander.com/wwwroot/" local="132034609730274964" remote="132034690800000000" Dst="2" />
<file name="base.css" server="gregoryalexander.com/wwwroot/" local="132034610134066670" remote="132034690800000000" Dst="2" />
<file name="button.less" server="gregoryalexander.com/wwwroot/" local="132034609731228037" remote="132034690800000000" Dst="2" />
<file name="button.css" server="gregoryalexander.com/wwwroot/" local="132034610376591856" remote="132034690800000000" Dst="2" />
<file name="buttongroup.less" server="gregoryalexander.com/wwwroot/" local="132034609730354983" remote="132034690800000000" Dst="2" />
<file name="drawer.css" server="gregoryalexander.com/wwwroot/" local="132034610376471831" remote="132034690800000000" Dst="2" />
<file name="buttongroup.css" server="gregoryalexander.com/wwwroot/" local="132034610376511749" remote="132034690800000000" Dst="2" />
<file name="drawer.less" server="gregoryalexander.com/wwwroot/" local="132034609731375224" remote="132034690800000000" Dst="2" />
<file name="forms.less" server="gregoryalexander.com/wwwroot/" local="132034609731155157" remote="132034690800000000" Dst="2" />
<file name="forms.css" server="gregoryalexander.com/wwwroot/" local="132034610376591856" remote="132034690800000000" Dst="2" />
<file name="listview.less" server="gregoryalexander.com/wwwroot/" local="132034609731305198" remote="132034690800000000" Dst="2" />
<file name="listview.css" server="gregoryalexander.com/wwwroot/" local="132034610376511749" remote="132034690800000000" Dst="2" />
<file name="modalview.less" server="gregoryalexander.com/wwwroot/" local="132034609730645046" remote="132034690800000000" Dst="2" />
<file name="modalview.css" server="gregoryalexander.com/wwwroot/" local="132034610376591856" remote="132034690800000000" Dst="2" />
<file name="navbar.css" server="gregoryalexander.com/wwwroot/" local="132034610376481738" remote="132034690800000000" Dst="2" />
<file name="navbar.less" server="gregoryalexander.com/wwwroot/" local="132034609730715159" remote="132034690800000000" Dst="2" />
<file name="popover.css" server="gregoryalexander.com/wwwroot/" local="132034610376491743" remote="132034690800000000" Dst="2" />
<file name="popover.less" server="gregoryalexander.com/wwwroot/" local="132034609730945213" remote="132034690800000000" Dst="2" />
<file name="scroller.css" server="gregoryalexander.com/wwwroot/" local="132034610376511749" remote="132034690800000000" Dst="2" />
<file name="scroller.less" server="gregoryalexander.com/wwwroot/" local="132034609730575035" remote="132034690800000000" Dst="2" />
<file name="scrollview.css" server="gregoryalexander.com/wwwroot/" local="132034610376511749" remote="132034690800000000" Dst="2" />
<file name="scrollview.less" server="gregoryalexander.com/wwwroot/" local="132034609730875203" remote="132034690800000000" Dst="2" />
<file name="splitview.css" server="gregoryalexander.com/wwwroot/" local="132034610376491743" remote="132034690800000000" Dst="2" />
<file name="splitview.less" server="gregoryalexander.com/wwwroot/" local="132034609731085146" remote="132034690800000000" Dst="2" />
<file name="switch.css" server="gregoryalexander.com/wwwroot/" local="132034610376491743" remote="132034690800000000" Dst="2" />
<file name="switch.less" server="gregoryalexander.com/wwwroot/" local="132034609730425003" remote="132034690800000000" Dst="2" />
<file name="tabstrip.less" server="gregoryalexander.com/wwwroot/" local="132034609730795078" remote="132034690800000000" Dst="2" />
<file name="tabstrip.css" server="gregoryalexander.com/wwwroot/" local="132034610376491743" remote="132034690800000000" Dst="2" />
<file name="template.less" server="gregoryalexander.com/wwwroot/" local="132034609731445231" remote="132034690800000000" Dst="2" />
<file name="toolbar.css" server="gregoryalexander.com/wwwroot/" local="132034610376501740" remote="132034690800000000" Dst="2" />
<file name="toolbar.less" server="gregoryalexander.com/wwwroot/" local="132034609731015133" remote="132034690800000000" Dst="2" />
<file name="actionsheet.css" server="ntc6-p2stl.ezhostingserver.com/wwwroot/" local="132034610376511749" remote="132034744200000000" Dst="2" />
<file name="actionsheet.less" server="ntc6-p2stl.ezhostingserver.com/wwwroot/" local="132034609730495107" remote="132034744200000000" Dst="2" />
<file name="all.less" server="ntc6-p2stl.ezhostingserver.com/wwwroot/" local="132034609731515242" remote="132034744200000000" Dst="2" />
<file name="base.css" server="ntc6-p2stl.ezhostingserver.com/wwwroot/" local="132034610134066670" remote="132034744200000000" Dst="2" />
<file name="base.less" server="ntc6-p2stl.ezhostingserver.com/wwwroot/" local="132034609730274964" remote="132034744200000000" Dst="2" />
<file name="button.less" server="ntc6-p2stl.ezhostingserver.com/wwwroot/" local="132034609731228037" remote="132034744200000000" Dst="2" />
<file name="button.css" server="ntc6-p2stl.ezhostingserver.com/wwwroot/" local="132034610376591856" remote="132034744200000000" Dst="2" />
<file name="buttongroup.less" server="ntc6-p2stl.ezhostingserver.com/wwwroot/" local="132034609730354983" remote="132034744200000000" Dst="2" />
<file name="buttongroup.css" server="ntc6-p2stl.ezhostingserver.com/wwwroot/" local="132034610376511749" remote="132034744200000000" Dst="2" />
<file name="drawer.css" server="ntc6-p2stl.ezhostingserver.com/wwwroot/" local="132034610376471831" remote="132034744200000000" Dst="2" />
<file name="drawer.less" server="ntc6-p2stl.ezhostingserver.com/wwwroot/" local="132034609731375224" remote="132034744200000000" Dst="2" />
<file name="forms.less" server="ntc6-p2stl.ezhostingserver.com/wwwroot/" local="132034609731155157" remote="132034744200000000" Dst="2" />
<file name="forms.css" server="ntc6-p2stl.ezhostingserver.com/wwwroot/" local="132034610376591856" remote="132034744200000000" Dst="2" />
<file name="listview.less" server="ntc6-p2stl.ezhostingserver.com/wwwroot/" local="132034609731305198" remote="132034744200000000" Dst="2" />
<file name="modalview.css" server="ntc6-p2stl.ezhostingserver.com/wwwroot/" local="132034610376591856" remote="132034744200000000" Dst="2" />
<file name="modalview.less" server="ntc6-p2stl.ezhostingserver.com/wwwroot/" local="132034609730645046" remote="132034744200000000" Dst="2" />
<file name="listview.css" server="ntc6-p2stl.ezhostingserver.com/wwwroot/" local="132034610376511749" remote="132034744200000000" Dst="2" />
<file name="navbar.css" server="ntc6-p2stl.ezhostingserver.com/wwwroot/" local="132034610376481738" remote="132034744200000000" Dst="2" />
<file name="navbar.less" server="ntc6-p2stl.ezhostingserver.com/wwwroot/" local="132034609730715159" remote="132034744200000000" Dst="2" />
<file name="popover.css" server="ntc6-p2stl.ezhostingserver.com/wwwroot/" local="132034610376491743" remote="132034744200000000" Dst="2" />
<file name="popover.less" server="ntc6-p2stl.ezhostingserver.com/wwwroot/" local="132034609730945213" remote="132034744200000000" Dst="2" />
<file name="scroller.css" server="ntc6-p2stl.ezhostingserver.com/wwwroot/" local="132034610376511749" remote="132034744200000000" Dst="2" />
<file name="scroller.less" server="ntc6-p2stl.ezhostingserver.com/wwwroot/" local="132034609730575035" remote="132034744200000000" Dst="2" />
<file name="scrollview.css" server="ntc6-p2stl.ezhostingserver.com/wwwroot/" local="132034610376511749" remote="132034744200000000" Dst="2" />
<file name="scrollview.less" server="ntc6-p2stl.ezhostingserver.com/wwwroot/" local="132034609730875203" remote="132034744200000000" Dst="2" />
<file name="splitview.css" server="ntc6-p2stl.ezhostingserver.com/wwwroot/" local="132034610376491743" remote="132034744200000000" Dst="2" />
<file name="splitview.less" server="ntc6-p2stl.ezhostingserver.com/wwwroot/" local="132034609731085146" remote="132034744200000000" Dst="2" />
<file name="switch.css" server="ntc6-p2stl.ezhostingserver.com/wwwroot/" local="132034610376491743" remote="132034744200000000" Dst="2" />
<file name="switch.less" server="ntc6-p2stl.ezhostingserver.com/wwwroot/" local="132034609730425003" remote="132034744200000000" Dst="2" />
<file name="tabstrip.less" server="ntc6-p2stl.ezhostingserver.com/wwwroot/" local="132034609730795078" remote="132034744200000000" Dst="2" />
<file name="template.less" server="ntc6-p2stl.ezhostingserver.com/wwwroot/" local="132034609731445231" remote="132034744200000000" Dst="2" />
<file name="tabstrip.css" server="ntc6-p2stl.ezhostingserver.com/wwwroot/" local="132034610376491743" remote="132034744200000000" Dst="2" />
<file name="toolbar.css" server="ntc6-p2stl.ezhostingserver.com/wwwroot/" local="132034610376501740" remote="132034744200000000" Dst="2" />
<file name="toolbar.less" server="ntc6-p2stl.ezhostingserver.com/wwwroot/" local="132034609731015133" remote="132034744200000000" Dst="2" />
<file name="actionsheet.less" server="ftp.gregorysblog.org/wwwroot/" local="132046800286701950" remote="132047074200000000" Dst="2" />
<file name="actionsheet.css" server="ftp.gregorysblog.org/wwwroot/" local="132046800286621943" remote="132047074200000000" Dst="2" />
<file name="all.less" server="ftp.gregorysblog.org/wwwroot/" local="132046800286771969" remote="132047074200000000" Dst="2" />
<file name="base.css" server="ftp.gregorysblog.org/wwwroot/" local="132046800286871990" remote="132047074200000000" Dst="2" />
<file name="base.less" server="ftp.gregorysblog.org/wwwroot/" local="132046800286942003" remote="132047074200000000" Dst="2" />
<file name="button.less" server="ftp.gregorysblog.org/wwwroot/" local="132046800287112044" remote="132047074200000000" Dst="2" />
<file name="button.css" server="ftp.gregorysblog.org/wwwroot/" local="132046800287042028" remote="132047074200000000" Dst="2" />
<file name="buttongroup.less" server="ftp.gregorysblog.org/wwwroot/" local="132046800287292082" remote="132047074200000000" Dst="2" />
<file name="buttongroup.css" server="ftp.gregorysblog.org/wwwroot/" local="132046800287212159" remote="132047074200000000" Dst="2" />
<file name="drawer.css" server="ftp.gregorysblog.org/wwwroot/" local="132046800287392106" remote="132047074200000000" Dst="2" />
<file name="drawer.less" server="ftp.gregorysblog.org/wwwroot/" local="132046800287462125" remote="132047074200000000" Dst="2" />
<file name="forms.less" server="ftp.gregorysblog.org/wwwroot/" local="132046800287642160" remote="132047074200000000" Dst="2" />
<file name="forms.css" server="ftp.gregorysblog.org/wwwroot/" local="132046800287562141" remote="132047074200000000" Dst="2" />
<file name="listview.less" server="ftp.gregorysblog.org/wwwroot/" local="132046800287812198" remote="132047074200000000" Dst="2" />
<file name="listview.css" server="ftp.gregorysblog.org/wwwroot/" local="132046800287742184" remote="132047074200000000" Dst="2" />
<file name="modalview.css" server="ftp.gregorysblog.org/wwwroot/" local="132046800287912216" remote="132047074200000000" Dst="2" />
<file name="modalview.less" server="ftp.gregorysblog.org/wwwroot/" local="132046800287982238" remote="132047074200000000" Dst="2" />
<file name="navbar.css" server="ftp.gregorysblog.org/wwwroot/" local="132046800288082263" remote="132047074200000000" Dst="2" />
<file name="navbar.less" server="ftp.gregorysblog.org/wwwroot/" local="132046800288152276" remote="132047074200000000" Dst="2" />
<file name="popover.css" server="ftp.gregorysblog.org/wwwroot/" local="132046800288332317" remote="132047074200000000" Dst="2" />
<file name="popover.less" server="ftp.gregorysblog.org/wwwroot/" local="132046800288412432" remote="132047074200000000" Dst="2" />
<file name="scroller.css" server="ftp.gregorysblog.org/wwwroot/" local="132046800288512372" remote="132047074200000000" Dst="2" />
<file name="scroller.less" server="ftp.gregorysblog.org/wwwroot/" local="132046800288582376" remote="132047074200000000" Dst="2" />
<file name="scrollview.css" server="ftp.gregorysblog.org/wwwroot/" local="132046800288682395" remote="132047074200000000" Dst="2" />
<file name="scrollview.less" server="ftp.gregorysblog.org/wwwroot/" local="132046800288752420" remote="132047074200000000" Dst="2" />
<file name="splitview.css" server="ftp.gregorysblog.org/wwwroot/" local="132046800288852445" remote="132047074200000000" Dst="2" />
<file name="splitview.less" server="ftp.gregorysblog.org/wwwroot/" local="132046800288942460" remote="132047074200000000" Dst="2" />
<file name="switch.css" server="ftp.gregorysblog.org/wwwroot/" local="132046800289052479" remote="132047074200000000" Dst="2" />
<file name="switch.less" server="ftp.gregorysblog.org/wwwroot/" local="132046800289122495" remote="132047074200000000" Dst="2" />
<file name="tabstrip.less" server="ftp.gregorysblog.org/wwwroot/" local="132046800289292551" remote="132047074200000000" Dst="2" />
<file name="tabstrip.css" server="ftp.gregorysblog.org/wwwroot/" local="132046800289222519" remote="132047074200000000" Dst="2" />
<file name="template.less" server="ftp.gregorysblog.org/wwwroot/" local="132046800289362660" remote="132047074200000000" Dst="2" />
<file name="toolbar.css" server="ftp.gregorysblog.org/wwwroot/" local="132046800289462570" remote="132047074200000000" Dst="2" />
<file name="toolbar.less" server="ftp.gregorysblog.org/wwwroot/" local="132046800289542592" remote="132047074200000000" Dst="2" />
</dwsync>