<?xml version="1.0" encoding="utf-8" ?>
<dwsync>
<file name="actionsheet.less" server="gregoryalexander.com/wwwroot/" local="132034609736516447" remote="132034691400000000" Dst="2" />
<file name="actionsheet.css" server="gregoryalexander.com/wwwroot/" local="132034610247862525" remote="132034691400000000" Dst="2" />
<file name="all.less" server="gregoryalexander.com/wwwroot/" local="132034609737056524" remote="132034691400000000" Dst="2" />
<file name="button.css" server="gregoryalexander.com/wwwroot/" local="132034610247882530" remote="132034691400000000" Dst="2" />
<file name="base.less" server="gregoryalexander.com/wwwroot/" local="132034609736596406" remote="132034691400000000" Dst="2" />
<file name="button.less" server="gregoryalexander.com/wwwroot/" local="132034609736676428" remote="132034691400000000" Dst="2" />
<file name="buttongroup.css" server="gregoryalexander.com/wwwroot/" local="132034610247872524" remote="132034691400000000" Dst="2" />
<file name="buttongroup.less" server="gregoryalexander.com/wwwroot/" local="132034609736986496" remote="132034691400000000" Dst="2" />
<file name="drawer.css" server="gregoryalexander.com/wwwroot/" local="132034610247862525" remote="132034691400000000" Dst="2" />
<file name="forms.css" server="gregoryalexander.com/wwwroot/" local="132034610247862525" remote="132034691400000000" Dst="2" />
<file name="drawer.less" server="gregoryalexander.com/wwwroot/" local="132034609736356357" remote="132034691400000000" Dst="2" />
<file name="forms.less" server="gregoryalexander.com/wwwroot/" local="132034609736436374" remote="132034691400000000" Dst="2" />
<file name="listview.less" server="gregoryalexander.com/wwwroot/" local="132034609737286558" remote="132034691400000000" Dst="2" />
<file name="modalview.less" server="gregoryalexander.com/wwwroot/" local="132034609737136522" remote="132034691400000000" Dst="2" />
<file name="navbar.css" server="gregoryalexander.com/wwwroot/" local="132034610247852519" remote="132034691400000000" Dst="2" />
<file name="navbar.less" server="gregoryalexander.com/wwwroot/" local="132034609736206322" remote="132034691400000000" Dst="2" />
<file name="popover.css" server="gregoryalexander.com/wwwroot/" local="132034610247872524" remote="132034691400000000" Dst="2" />
<file name="popover.less" server="gregoryalexander.com/wwwroot/" local="132034609736756441" remote="132034691400000000" Dst="2" />
<file name="scroller.css" server="gregoryalexander.com/wwwroot/" local="132034610247862525" remote="132034691400000000" Dst="2" />
<file name="scroller.less" server="gregoryalexander.com/wwwroot/" local="132034609736276368" remote="132034691400000000" Dst="2" />
<file name="scrollview.css" server="gregoryalexander.com/wwwroot/" local="132034610247872524" remote="132034691400000000" Dst="2" />
<file name="scrollview.less" server="gregoryalexander.com/wwwroot/" local="132034609736906613" remote="132034691400000000" Dst="2" />
<file name="splitview.css" server="gregoryalexander.com/wwwroot/" local="132034610247862525" remote="132034691400000000" Dst="2" />
<file name="splitview.less" server="gregoryalexander.com/wwwroot/" local="132034609735976270" remote="132034691400000000" Dst="2" />
<file name="switch.css" server="gregoryalexander.com/wwwroot/" local="132034610247852519" remote="132034691400000000" Dst="2" />
<file name="switch.less" server="gregoryalexander.com/wwwroot/" local="132034609736046277" remote="132034691400000000" Dst="2" />
<file name="tabstrip.css" server="gregoryalexander.com/wwwroot/" local="132034610247862525" remote="132034691400000000" Dst="2" />
<file name="tabstrip.less" server="gregoryalexander.com/wwwroot/" local="132034609736126303" remote="132034691400000000" Dst="2" />
<file name="template.less" server="gregoryalexander.com/wwwroot/" local="132034609737216542" remote="132034691400000000" Dst="2" />
<file name="toolbar.css" server="gregoryalexander.com/wwwroot/" local="132034610247882530" remote="132034691400000000" Dst="2" />
<file name="toolbar.less" server="gregoryalexander.com/wwwroot/" local="132034609736829140" remote="132034691400000000" Dst="2" />
<file name="actionsheet.less" server="ntc6-p2stl.ezhostingserver.com/wwwroot/" local="132034609736516447" remote="132034744800000000" Dst="2" />
<file name="actionsheet.css" server="ntc6-p2stl.ezhostingserver.com/wwwroot/" local="132034610247862525" remote="132034744800000000" Dst="2" />
<file name="all.less" server="ntc6-p2stl.ezhostingserver.com/wwwroot/" local="132034609737056524" remote="132034744800000000" Dst="2" />
<file name="base.less" server="ntc6-p2stl.ezhostingserver.com/wwwroot/" local="132034609736596406" remote="132034744800000000" Dst="2" />
<file name="button.css" server="ntc6-p2stl.ezhostingserver.com/wwwroot/" local="132034610247882530" remote="132034744800000000" Dst="2" />
<file name="button.less" server="ntc6-p2stl.ezhostingserver.com/wwwroot/" local="132034609736676428" remote="132034744800000000" Dst="2" />
<file name="buttongroup.css" server="ntc6-p2stl.ezhostingserver.com/wwwroot/" local="132034610247872524" remote="132034744800000000" Dst="2" />
<file name="buttongroup.less" server="ntc6-p2stl.ezhostingserver.com/wwwroot/" local="132034609736986496" remote="132034744800000000" Dst="2" />
<file name="drawer.css" server="ntc6-p2stl.ezhostingserver.com/wwwroot/" local="132034610247862525" remote="132034744800000000" Dst="2" />
<file name="drawer.less" server="ntc6-p2stl.ezhostingserver.com/wwwroot/" local="132034609736356357" remote="132034744800000000" Dst="2" />
<file name="forms.css" server="ntc6-p2stl.ezhostingserver.com/wwwroot/" local="132034610247862525" remote="132034744800000000" Dst="2" />
<file name="forms.less" server="ntc6-p2stl.ezhostingserver.com/wwwroot/" local="132034609736436374" remote="132034744800000000" Dst="2" />
<file name="listview.less" server="ntc6-p2stl.ezhostingserver.com/wwwroot/" local="132034609737286558" remote="132034744800000000" Dst="2" />
<file name="modalview.less" server="ntc6-p2stl.ezhostingserver.com/wwwroot/" local="132034609737136522" remote="132034744800000000" Dst="2" />
<file name="navbar.css" server="ntc6-p2stl.ezhostingserver.com/wwwroot/" local="132034610247852519" remote="132034744800000000" Dst="2" />
<file name="navbar.less" server="ntc6-p2stl.ezhostingserver.com/wwwroot/" local="132034609736206322" remote="132034744800000000" Dst="2" />
<file name="popover.css" server="ntc6-p2stl.ezhostingserver.com/wwwroot/" local="132034610247872524" remote="132034744800000000" Dst="2" />
<file name="popover.less" server="ntc6-p2stl.ezhostingserver.com/wwwroot/" local="132034609736756441" remote="132034744800000000" Dst="2" />
<file name="scroller.css" server="ntc6-p2stl.ezhostingserver.com/wwwroot/" local="132034610247862525" remote="132034744800000000" Dst="2" />
<file name="scroller.less" server="ntc6-p2stl.ezhostingserver.com/wwwroot/" local="132034609736276368" remote="132034744800000000" Dst="2" />
<file name="scrollview.css" server="ntc6-p2stl.ezhostingserver.com/wwwroot/" local="132034610247872524" remote="132034744800000000" Dst="2" />
<file name="scrollview.less" server="ntc6-p2stl.ezhostingserver.com/wwwroot/" local="132034609736906613" remote="132034744800000000" Dst="2" />
<file name="splitview.css" server="ntc6-p2stl.ezhostingserver.com/wwwroot/" local="132034610247862525" remote="132034744800000000" Dst="2" />
<file name="splitview.less" server="ntc6-p2stl.ezhostingserver.com/wwwroot/" local="132034609735976270" remote="132034744800000000" Dst="2" />
<file name="switch.css" server="ntc6-p2stl.ezhostingserver.com/wwwroot/" local="132034610247852519" remote="132034744800000000" Dst="2" />
<file name="switch.less" server="ntc6-p2stl.ezhostingserver.com/wwwroot/" local="132034609736046277" remote="132034744800000000" Dst="2" />
<file name="tabstrip.css" server="ntc6-p2stl.ezhostingserver.com/wwwroot/" local="132034610247862525" remote="132034744800000000" Dst="2" />
<file name="tabstrip.less" server="ntc6-p2stl.ezhostingserver.com/wwwroot/" local="132034609736126303" remote="132034744800000000" Dst="2" />
<file name="template.less" server="ntc6-p2stl.ezhostingserver.com/wwwroot/" local="132034609737216542" remote="132034744800000000" Dst="2" />
<file name="toolbar.css" server="ntc6-p2stl.ezhostingserver.com/wwwroot/" local="132034610247882530" remote="132034744800000000" Dst="2" />
<file name="toolbar.less" server="ntc6-p2stl.ezhostingserver.com/wwwroot/" local="132034609736829140" remote="132034744800000000" Dst="2" />
<file name="actionsheet.css" server="ftp.gregorysblog.org/wwwroot/" local="132046800306276345" remote="132047074800000000" Dst="2" />
<file name="actionsheet.less" server="ftp.gregorysblog.org/wwwroot/" local="132046800306366376" remote="132047074800000000" Dst="2" />
<file name="all.less" server="ftp.gregorysblog.org/wwwroot/" local="132046800306436389" remote="132047074800000000" Dst="2" />
<file name="base.less" server="ftp.gregorysblog.org/wwwroot/" local="132046800306506424" remote="132047074800000000" Dst="2" />
<file name="button.less" server="ftp.gregorysblog.org/wwwroot/" local="132046800306676443" remote="132047074800000000" Dst="2" />
<file name="button.css" server="ftp.gregorysblog.org/wwwroot/" local="132046800306606430" remote="132047074800000000" Dst="2" />
<file name="buttongroup.less" server="ftp.gregorysblog.org/wwwroot/" local="132046800306846487" remote="132047074800000000" Dst="2" />
<file name="buttongroup.css" server="ftp.gregorysblog.org/wwwroot/" local="132046800306766477" remote="132047074800000000" Dst="2" />
<file name="drawer.css" server="ftp.gregorysblog.org/wwwroot/" local="132046800306936497" remote="132047074800000000" Dst="2" />
<file name="forms.css" server="ftp.gregorysblog.org/wwwroot/" local="132046800307106543" remote="132047074800000000" Dst="2" />
<file name="drawer.less" server="ftp.gregorysblog.org/wwwroot/" local="132046800307016531" remote="132047074800000000" Dst="2" />
<file name="forms.less" server="ftp.gregorysblog.org/wwwroot/" local="132046800307186556" remote="132047074800000000" Dst="2" />
<file name="listview.less" server="ftp.gregorysblog.org/wwwroot/" local="132046800307256582" remote="132047074800000000" Dst="2" />
<file name="modalview.less" server="ftp.gregorysblog.org/wwwroot/" local="132046800307326592" remote="132047074800000000" Dst="2" />
<file name="navbar.css" server="ftp.gregorysblog.org/wwwroot/" local="132046800307416614" remote="132047074800000000" Dst="2" />
<file name="navbar.less" server="ftp.gregorysblog.org/wwwroot/" local="132046800307496627" remote="132047074800000000" Dst="2" />
<file name="popover.css" server="ftp.gregorysblog.org/wwwroot/" local="132046800307596642" remote="132047074800000000" Dst="2" />
<file name="popover.less" server="ftp.gregorysblog.org/wwwroot/" local="132046800307676658" remote="132047074800000000" Dst="2" />
<file name="scroller.css" server="ftp.gregorysblog.org/wwwroot/" local="132046800307766680" remote="132047074800000000" Dst="2" />
<file name="scroller.less" server="ftp.gregorysblog.org/wwwroot/" local="132046800307856699" remote="132047074800000000" Dst="2" />
<file name="scrollview.css" server="ftp.gregorysblog.org/wwwroot/" local="132046800307956726" remote="132047074800000000" Dst="2" />
<file name="splitview.css" server="ftp.gregorysblog.org/wwwroot/" local="132046800308166772" remote="132047074800000000" Dst="2" />
<file name="scrollview.less" server="ftp.gregorysblog.org/wwwroot/" local="132046800308056745" remote="132047074800000000" Dst="2" />
<file name="splitview.less" server="ftp.gregorysblog.org/wwwroot/" local="132046800308246794" remote="132047074800000000" Dst="2" />
<file name="switch.less" server="ftp.gregorysblog.org/wwwroot/" local="132046800308436837" remote="132047074800000000" Dst="2" />
<file name="switch.css" server="ftp.gregorysblog.org/wwwroot/" local="132046800308356824" remote="132047074800000000" Dst="2" />
<file name="tabstrip.css" server="ftp.gregorysblog.org/wwwroot/" local="132046800308536859" remote="132047074800000000" Dst="2" />
<file name="template.less" server="ftp.gregorysblog.org/wwwroot/" local="132046800308706899" remote="132047074800000000" Dst="2" />
<file name="tabstrip.less" server="ftp.gregorysblog.org/wwwroot/" local="132046800308616878" remote="132047074800000000" Dst="2" />
<file name="toolbar.css" server="ftp.gregorysblog.org/wwwroot/" local="132046800308816930" remote="132047074800000000" Dst="2" />
<file name="toolbar.less" server="ftp.gregorysblog.org/wwwroot/" local="132046800308916954" remote="132047074800000000" Dst="2" />
</dwsync>