<?xml version="1.0" encoding="utf-8" ?>
<dwsync>
<file name="bootstrap-mapper.less" server="gregoryalexander.com/wwwroot/" local="132034609743958070" remote="132034691400000000" Dst="2" />
<file name="kendo.black.less" server="gregoryalexander.com/wwwroot/" local="132034609739096972" remote="132034692000000000" Dst="2" />
<file name="kendo.black.css" server="gregoryalexander.com/wwwroot/" local="132034609738716891" remote="132034692000000000" Dst="2" />
<file name="kendo.black.mobile.less" server="gregoryalexander.com/wwwroot/" local="132034609738796898" remote="132034692000000000" Dst="2" />
<file name="kendo.black.mobile.css" server="gregoryalexander.com/wwwroot/" local="132034609741087419" remote="132034692000000000" Dst="2" />
<file name="kendo.blueopal.less" server="gregoryalexander.com/wwwroot/" local="132034609740877466" remote="132034692000000000" Dst="2" />
<file name="kendo.blueopal.css" server="gregoryalexander.com/wwwroot/" local="132034609738356894" remote="132034692000000000" Dst="2" />
<file name="kendo.blueopal.mobile.less" server="gregoryalexander.com/wwwroot/" local="132034609737556630" remote="132034692000000000" Dst="2" />
<file name="kendo.blueopal.mobile.css" server="gregoryalexander.com/wwwroot/" local="132034609745928525" remote="132034692000000000" Dst="2" />
<file name="kendo.bootstrap.css" server="gregoryalexander.com/wwwroot/" local="132034609741287562" remote="132034692000000000" Dst="2" />
<file name="kendo.bootstrap.less" server="gregoryalexander.com/wwwroot/" local="132034609741467602" remote="132034692000000000" Dst="2" />
<file name="kendo.bootstrap-v4.css" server="gregoryalexander.com/wwwroot/" local="132034610094667717" remote="132034692000000000" Dst="2" />
<file name="kendo.bootstrap-v4.less" server="gregoryalexander.com/wwwroot/" local="132034609745528433" remote="132034692000000000" Dst="2" />
<file name="kendo.bootstrap.mobile.less" server="gregoryalexander.com/wwwroot/" local="132034609744668230" remote="132034692000000000" Dst="2" />
<file name="kendo.bootstrap.mobile.css" server="gregoryalexander.com/wwwroot/" local="132034609742687787" remote="132034692000000000" Dst="2" />
<file name="kendo.common-fiori.less" server="gregoryalexander.com/wwwroot/" local="132034609739677100" remote="132034692000000000" Dst="2" />
<file name="kendo.common-material.less" server="gregoryalexander.com/wwwroot/" local="132034609738446819" remote="132034692000000000" Dst="2" />
<file name="kendo.common-material.css" server="gregoryalexander.com/wwwroot/" local="132034609743248006" remote="132034692000000000" Dst="2" />
<file name="kendo.common-fiori.css" server="gregoryalexander.com/wwwroot/" local="132034609744508210" remote="132034692000000000" Dst="2" />
<file name="kendo.common-nova.less" server="gregoryalexander.com/wwwroot/" local="132034609741617541" remote="132034692000000000" Dst="2" />
<file name="kendo.common-nova.css" server="gregoryalexander.com/wwwroot/" local="132034609739597081" remote="132034692000000000" Dst="2" />
<file name="kendo.common-office365.less" server="gregoryalexander.com/wwwroot/" local="132034609741817591" remote="132034692000000000" Dst="2" />
<file name="kendo.common-office365.css" server="gregoryalexander.com/wwwroot/" local="132034609743487963" remote="132034692000000000" Dst="2" />
<file name="kendo.default.css" server="gregoryalexander.com/wwwroot/" local="132034609742317699" remote="132034692000000000" Dst="2" />
<file name="kendo.default.less" server="gregoryalexander.com/wwwroot/" local="132034609738946946" remote="132034692000000000" Dst="2" />
<file name="kendo.default-v2.css" server="gregoryalexander.com/wwwroot/" local="132034610094307639" remote="132034692000000000" Dst="2" />
<file name="kendo.default.mobile.less" server="gregoryalexander.com/wwwroot/" local="132034609740637315" remote="132034692000000000" Dst="2" />
<file name="kendo.default-v2.less" server="gregoryalexander.com/wwwroot/" local="132034609739407040" remote="132034692000000000" Dst="2" />
<file name="kendo.default.mobile.css" server="gregoryalexander.com/wwwroot/" local="132034609739777122" remote="132034692000000000" Dst="2" />
<file name="kendo.fiori.css" server="gregoryalexander.com/wwwroot/" local="132034609741747577" remote="132034692000000000" Dst="2" />
<file name="kendo.fiori.less" server="gregoryalexander.com/wwwroot/" local="132034609738066744" remote="132034692000000000" Dst="2" />
<file name="kendo.fiori.mobile.less" server="gregoryalexander.com/wwwroot/" local="132034609745378397" remote="132034692000000000" Dst="2" />
<file name="kendo.fiori.mobile.css" server="gregoryalexander.com/wwwroot/" local="132034609745098340" remote="132034692000000000" Dst="2" />
<file name="kendo.flat.css" server="gregoryalexander.com/wwwroot/" local="132034609744218133" remote="132034692000000000" Dst="2" />
<file name="kendo.flat.less" server="gregoryalexander.com/wwwroot/" local="132034609741187440" remote="132034692000000000" Dst="2" />
<file name="kendo.flat.mobile.less" server="gregoryalexander.com/wwwroot/" local="132034609740287333" remote="132034692000000000" Dst="2" />
<file name="kendo.flat.mobile.css" server="gregoryalexander.com/wwwroot/" local="132034609745808637" remote="132034692000000000" Dst="2" />
<file name="kendo.highcontrast.less" server="gregoryalexander.com/wwwroot/" local="132034609737716665" remote="132034692000000000" Dst="2" />
<file name="kendo.highcontrast.css" server="gregoryalexander.com/wwwroot/" local="132034609743597997" remote="132034692000000000" Dst="2" />
<file name="kendo.highcontrast.mobile.css" server="gregoryalexander.com/wwwroot/" local="132034609740487282" remote="132034692000000000" Dst="2" />
<file name="kendo.highcontrast.mobile.less" server="gregoryalexander.com/wwwroot/" local="132034609740957395" remote="132034692000000000" Dst="2" />
<file name="kendo.material.css" server="gregoryalexander.com/wwwroot/" local="132034609739887155" remote="132034692000000000" Dst="2" />
<file name="kendo.material.less" server="gregoryalexander.com/wwwroot/" local="132034609737896694" remote="132034692000000000" Dst="2" />
<file name="kendo.material-v2.less" server="gregoryalexander.com/wwwroot/" local="132034609742037634" remote="132034692000000000" Dst="2" />
<file name="kendo.material.mobile.less" server="gregoryalexander.com/wwwroot/" local="132034609739957163" remote="132034692000000000" Dst="2" />
<file name="kendo.material.mobile.css" server="gregoryalexander.com/wwwroot/" local="132034609744918291" remote="132034692000000000" Dst="2" />
<file name="kendo.material-v2.css" server="gregoryalexander.com/wwwroot/" local="132034610094667717" remote="132034692000000000" Dst="2" />
<file name="kendo.materialblack.less" server="gregoryalexander.com/wwwroot/" local="132034609744738250" remote="132034692000000000" Dst="2" />
<file name="kendo.materialblack.css" server="gregoryalexander.com/wwwroot/" local="132034609741397486" remote="132034692000000000" Dst="2" />
<file name="kendo.materialblack.mobile.less" server="gregoryalexander.com/wwwroot/" local="132034609745598452" remote="132034692000000000" Dst="2" />
<file name="kendo.materialblack.mobile.css" server="gregoryalexander.com/wwwroot/" local="132034609743698013" remote="132034692000000000" Dst="2" />
<file name="kendo.metro.css" server="gregoryalexander.com/wwwroot/" local="132034609739287107" remote="132034692000000000" Dst="2" />
<file name="kendo.metro.less" server="gregoryalexander.com/wwwroot/" local="132034609744988307" remote="132034692000000000" Dst="2" />
<file name="kendo.metro.mobile.less" server="gregoryalexander.com/wwwroot/" local="132034609737406588" remote="132034692000000000" Dst="2" />
<file name="kendo.metroblack.css" server="gregoryalexander.com/wwwroot/" local="132034609737816690" remote="132034692000000000" Dst="2" />
<file name="kendo.metroblack.less" server="gregoryalexander.com/wwwroot/" local="132034609742467735" remote="132034692000000000" Dst="2" />
<file name="kendo.metro.mobile.css" server="gregoryalexander.com/wwwroot/" local="132034609741917610" remote="132034692000000000" Dst="2" />
<file name="kendo.metroblack.mobile.less" server="gregoryalexander.com/wwwroot/" local="132034609738516839" remote="132034692000000000" Dst="2" />
<file name="kendo.moonlight.less" server="gregoryalexander.com/wwwroot/" local="132034609740797374" remote="132034692000000000" Dst="2" />
<file name="kendo.metroblack.mobile.css" server="gregoryalexander.com/wwwroot/" local="132034609743367945" remote="132034692000000000" Dst="2" />
<file name="kendo.moonlight.css" server="gregoryalexander.com/wwwroot/" local="132034609738606852" remote="132034692000000000" Dst="2" />
<file name="kendo.moonlight.mobile.less" server="gregoryalexander.com/wwwroot/" local="132034609740707337" remote="132034692000000000" Dst="2" />
<file name="kendo.nova.css" server="gregoryalexander.com/wwwroot/" local="132034609743888050" remote="132034692000000000" Dst="2" />
<file name="kendo.nova.less" server="gregoryalexander.com/wwwroot/" local="132034609744588220" remote="132034692000000000" Dst="2" />
<file name="kendo.moonlight.mobile.css" server="gregoryalexander.com/wwwroot/" local="132034609745698465" remote="132034692000000000" Dst="2" />
<file name="kendo.nova.mobile.less" server="gregoryalexander.com/wwwroot/" local="132034609743778125" remote="132034692000000000" Dst="2" />
<file name="kendo.office365.css" server="gregoryalexander.com/wwwroot/" local="132034609743117882" remote="132034692000000000" Dst="2" />
<file name="kendo.nova.mobile.css" server="gregoryalexander.com/wwwroot/" local="132034609740207313" remote="132034692000000000" Dst="2" />
<file name="kendo.office365.less" server="gregoryalexander.com/wwwroot/" local="132034609737486607" remote="132034692000000000" Dst="2" />
<file name="kendo.office365.mobile.less" server="gregoryalexander.com/wwwroot/" local="132034609738156754" remote="132034692000000000" Dst="2" />
<file name="kendo.office365.mobile.css" server="gregoryalexander.com/wwwroot/" local="132034609742877834" remote="132034692000000000" Dst="2" />
<file name="kendo.rtl.css" server="gregoryalexander.com/wwwroot/" local="132034610094297639" remote="132034692000000000" Dst="2" />
<file name="kendo.rtl.less" server="gregoryalexander.com/wwwroot/" local="132034609740377261" remote="132034692000000000" Dst="2" />
<file name="kendo.silver.less" server="gregoryalexander.com/wwwroot/" local="132034609741547525" remote="132034692000000000" Dst="2" />
<file name="kendo.silver.css" server="gregoryalexander.com/wwwroot/" local="132034609742567862" remote="132034692000000000" Dst="2" />
<file name="kendo.silver.mobile.less" server="gregoryalexander.com/wwwroot/" local="132034609744388267" remote="132034692000000000" Dst="2" />
<file name="kendo.silver.mobile.css" server="gregoryalexander.com/wwwroot/" local="132034609738266781" remote="132034692000000000" Dst="2" />
<file name="kendo.uniform.css" server="gregoryalexander.com/wwwroot/" local="132034609742217678" remote="132034692000000000" Dst="2" />
<file name="kendo.uniform.less" server="gregoryalexander.com/wwwroot/" local="132034609737636646" remote="132034692000000000" Dst="2" />
<file name="kendo.uniform.mobile.less" server="gregoryalexander.com/wwwroot/" local="132034609739477153" remote="132034692000000000" Dst="2" />
<file name="kendo.uniform.mobile.css" server="gregoryalexander.com/wwwroot/" local="132034609745208368" remote="132034692000000000" Dst="2" />
<file name="type-default.less" server="gregoryalexander.com/wwwroot/" local="132034609742117656" remote="132034692000000000" Dst="2" />
<file name="type-bootstrap.less" server="gregoryalexander.com/wwwroot/" local="132034609739186988" remote="132034692000000000" Dst="2" />
<file name="type-fiori.less" server="gregoryalexander.com/wwwroot/" local="132034609737976731" remote="132034692000000000" Dst="2" />
<file name="type-flat.less" server="gregoryalexander.com/wwwroot/" local="132034609739016965" remote="132034692000000000" Dst="2" />
<file name="type-highcontrast.less" server="gregoryalexander.com/wwwroot/" local="132034609738876917" remote="132034692000000000" Dst="2" />
<file name="type-material.less" server="gregoryalexander.com/wwwroot/" local="132034609742387716" remote="132034692000000000" Dst="2" />
<file name="type-metro.less" server="gregoryalexander.com/wwwroot/" local="132034609744808360" remote="132034692000000000" Dst="2" />
<file name="type-nova.less" server="gregoryalexander.com/wwwroot/" local="132034609742767803" remote="132034692000000000" Dst="2" />
<file name="type-office365.less" server="gregoryalexander.com/wwwroot/" local="132034609740557392" remote="132034692000000000" Dst="2" />
<file name="_variables.css" server="gregoryalexander.com/wwwroot/" local="132034610055408801" remote="132034692000000000" Dst="2" />
<file name="_variables.less" server="gregoryalexander.com/wwwroot/" local="132034609745288378" remote="132034692000000000" Dst="2" />
<file name="bootstrap-mapper.less" server="ntc6-p2stl.ezhostingserver.com/wwwroot/" local="132034609743958070" remote="132034744800000000" Dst="2" />
<file name="kendo.black.less" server="ntc6-p2stl.ezhostingserver.com/wwwroot/" local="132034609739096972" remote="132034745400000000" Dst="2" />
<file name="kendo.black.css" server="ntc6-p2stl.ezhostingserver.com/wwwroot/" local="132034609738716891" remote="132034745400000000" Dst="2" />
<file name="kendo.black.mobile.less" server="ntc6-p2stl.ezhostingserver.com/wwwroot/" local="132034609738796898" remote="132034745400000000" Dst="2" />
<file name="kendo.black.mobile.css" server="ntc6-p2stl.ezhostingserver.com/wwwroot/" local="132034609741087419" remote="132034745400000000" Dst="2" />
<file name="kendo.blueopal.less" server="ntc6-p2stl.ezhostingserver.com/wwwroot/" local="132034609740877466" remote="132034745400000000" Dst="2" />
<file name="kendo.blueopal.css" server="ntc6-p2stl.ezhostingserver.com/wwwroot/" local="132034609738356894" remote="132034745400000000" Dst="2" />
<file name="kendo.blueopal.mobile.less" server="ntc6-p2stl.ezhostingserver.com/wwwroot/" local="132034609737556630" remote="132034745400000000" Dst="2" />
<file name="kendo.blueopal.mobile.css" server="ntc6-p2stl.ezhostingserver.com/wwwroot/" local="132034609745928525" remote="132034745400000000" Dst="2" />
<file name="kendo.bootstrap.css" server="ntc6-p2stl.ezhostingserver.com/wwwroot/" local="132034609741287562" remote="132034745400000000" Dst="2" />
<file name="kendo.bootstrap-v4.less" server="ntc6-p2stl.ezhostingserver.com/wwwroot/" local="132034609745528433" remote="132034745400000000" Dst="2" />
<file name="kendo.bootstrap.less" server="ntc6-p2stl.ezhostingserver.com/wwwroot/" local="132034609741467602" remote="132034745400000000" Dst="2" />
<file name="kendo.bootstrap.mobile.less" server="ntc6-p2stl.ezhostingserver.com/wwwroot/" local="132034609744668230" remote="132034745400000000" Dst="2" />
<file name="kendo.bootstrap.mobile.css" server="ntc6-p2stl.ezhostingserver.com/wwwroot/" local="132034609742687787" remote="132034745400000000" Dst="2" />
<file name="kendo.bootstrap-v4.css" server="ntc6-p2stl.ezhostingserver.com/wwwroot/" local="132034658781772897" remote="132034745400000000" Dst="2" />
<file name="kendo.common-fiori.less" server="ntc6-p2stl.ezhostingserver.com/wwwroot/" local="132034609739677100" remote="132034745400000000" Dst="2" />
<file name="kendo.common-material.less" server="ntc6-p2stl.ezhostingserver.com/wwwroot/" local="132034609738446819" remote="132034745400000000" Dst="2" />
<file name="kendo.common-fiori.css" server="ntc6-p2stl.ezhostingserver.com/wwwroot/" local="132034609744508210" remote="132034745400000000" Dst="2" />
<file name="kendo.common-nova.less" server="ntc6-p2stl.ezhostingserver.com/wwwroot/" local="132034609741617541" remote="132034745400000000" Dst="2" />
<file name="kendo.common-material.css" server="ntc6-p2stl.ezhostingserver.com/wwwroot/" local="132034609743248006" remote="132034745400000000" Dst="2" />
<file name="kendo.common-nova.css" server="ntc6-p2stl.ezhostingserver.com/wwwroot/" local="132034609739597081" remote="132034745400000000" Dst="2" />
<file name="kendo.common-office365.less" server="ntc6-p2stl.ezhostingserver.com/wwwroot/" local="132034609741817591" remote="132034745400000000" Dst="2" />
<file name="kendo.common-office365.css" server="ntc6-p2stl.ezhostingserver.com/wwwroot/" local="132034609743487963" remote="132034745400000000" Dst="2" />
<file name="kendo.default-v2.css" server="ntc6-p2stl.ezhostingserver.com/wwwroot/" local="132034658782032957" remote="132034745400000000" Dst="2" />
<file name="kendo.default-v2.less" server="ntc6-p2stl.ezhostingserver.com/wwwroot/" local="132034609739407040" remote="132034745400000000" Dst="2" />
<file name="kendo.default.css" server="ntc6-p2stl.ezhostingserver.com/wwwroot/" local="132034609742317699" remote="132034745400000000" Dst="2" />
<file name="kendo.default.less" server="ntc6-p2stl.ezhostingserver.com/wwwroot/" local="132034609738946946" remote="132034745400000000" Dst="2" />
<file name="kendo.default.mobile.less" server="ntc6-p2stl.ezhostingserver.com/wwwroot/" local="132034609740637315" remote="132034745400000000" Dst="2" />
<file name="kendo.default.mobile.css" server="ntc6-p2stl.ezhostingserver.com/wwwroot/" local="132034609739777122" remote="132034745400000000" Dst="2" />
<file name="kendo.fiori.css" server="ntc6-p2stl.ezhostingserver.com/wwwroot/" local="132034609741747577" remote="132034745400000000" Dst="2" />
<file name="kendo.fiori.less" server="ntc6-p2stl.ezhostingserver.com/wwwroot/" local="132034609738066744" remote="132034745400000000" Dst="2" />
<file name="kendo.fiori.mobile.less" server="ntc6-p2stl.ezhostingserver.com/wwwroot/" local="132034609745378397" remote="132034745400000000" Dst="2" />
<file name="kendo.fiori.mobile.css" server="ntc6-p2stl.ezhostingserver.com/wwwroot/" local="132034609745098340" remote="132034745400000000" Dst="2" />
<file name="kendo.flat.css" server="ntc6-p2stl.ezhostingserver.com/wwwroot/" local="132034609744218133" remote="132034745400000000" Dst="2" />
<file name="kendo.flat.less" server="ntc6-p2stl.ezhostingserver.com/wwwroot/" local="132034609741187440" remote="132034745400000000" Dst="2" />
<file name="kendo.flat.mobile.less" server="ntc6-p2stl.ezhostingserver.com/wwwroot/" local="132034609740287333" remote="132034745400000000" Dst="2" />
<file name="kendo.flat.mobile.css" server="ntc6-p2stl.ezhostingserver.com/wwwroot/" local="132034609745808637" remote="132034745400000000" Dst="2" />
<file name="kendo.highcontrast.less" server="ntc6-p2stl.ezhostingserver.com/wwwroot/" local="132034609737716665" remote="132034745400000000" Dst="2" />
<file name="kendo.highcontrast.css" server="ntc6-p2stl.ezhostingserver.com/wwwroot/" local="132034609743597997" remote="132034745400000000" Dst="2" />
<file name="kendo.highcontrast.mobile.less" server="ntc6-p2stl.ezhostingserver.com/wwwroot/" local="132034609740957395" remote="132034745400000000" Dst="2" />
<file name="kendo.highcontrast.mobile.css" server="ntc6-p2stl.ezhostingserver.com/wwwroot/" local="132034609740487282" remote="132034745400000000" Dst="2" />
<file name="kendo.material.css" server="ntc6-p2stl.ezhostingserver.com/wwwroot/" local="132034609739887155" remote="132034745400000000" Dst="2" />
<file name="kendo.material-v2.css" server="ntc6-p2stl.ezhostingserver.com/wwwroot/" local="132034658782032957" remote="132034745400000000" Dst="2" />
<file name="kendo.material.less" server="ntc6-p2stl.ezhostingserver.com/wwwroot/" local="132034609737896694" remote="132034745400000000" Dst="2" />
<file name="kendo.material-v2.less" server="ntc6-p2stl.ezhostingserver.com/wwwroot/" local="132034609742037634" remote="132034745400000000" Dst="2" />
<file name="kendo.material.mobile.less" server="ntc6-p2stl.ezhostingserver.com/wwwroot/" local="132034609739957163" remote="132034745400000000" Dst="2" />
<file name="kendo.material.mobile.css" server="ntc6-p2stl.ezhostingserver.com/wwwroot/" local="132034609744918291" remote="132034745400000000" Dst="2" />
<file name="kendo.materialblack.less" server="ntc6-p2stl.ezhostingserver.com/wwwroot/" local="132034609744738250" remote="132034745400000000" Dst="2" />
<file name="kendo.materialblack.mobile.less" server="ntc6-p2stl.ezhostingserver.com/wwwroot/" local="132034609745598452" remote="132034745400000000" Dst="2" />
<file name="kendo.materialblack.css" server="ntc6-p2stl.ezhostingserver.com/wwwroot/" local="132034609741397486" remote="132034745400000000" Dst="2" />
<file name="kendo.metro.less" server="ntc6-p2stl.ezhostingserver.com/wwwroot/" local="132034609744988307" remote="132034745400000000" Dst="2" />
<file name="kendo.materialblack.mobile.css" server="ntc6-p2stl.ezhostingserver.com/wwwroot/" local="132034609743698013" remote="132034745400000000" Dst="2" />
<file name="kendo.metro.css" server="ntc6-p2stl.ezhostingserver.com/wwwroot/" local="132034609739287107" remote="132034745400000000" Dst="2" />
<file name="kendo.metro.mobile.less" server="ntc6-p2stl.ezhostingserver.com/wwwroot/" local="132034609737406588" remote="132034745400000000" Dst="2" />
<file name="kendo.metro.mobile.css" server="ntc6-p2stl.ezhostingserver.com/wwwroot/" local="132034609741917610" remote="132034745400000000" Dst="2" />
<file name="kendo.metroblack.less" server="ntc6-p2stl.ezhostingserver.com/wwwroot/" local="132034609742467735" remote="132034745400000000" Dst="2" />
<file name="kendo.metroblack.css" server="ntc6-p2stl.ezhostingserver.com/wwwroot/" local="132034609737816690" remote="132034745400000000" Dst="2" />
<file name="kendo.metroblack.mobile.less" server="ntc6-p2stl.ezhostingserver.com/wwwroot/" local="132034609738516839" remote="132034745400000000" Dst="2" />
<file name="kendo.metroblack.mobile.css" server="ntc6-p2stl.ezhostingserver.com/wwwroot/" local="132034609743367945" remote="132034745400000000" Dst="2" />
<file name="kendo.moonlight.less" server="ntc6-p2stl.ezhostingserver.com/wwwroot/" local="132034609740797374" remote="132034745400000000" Dst="2" />
<file name="kendo.moonlight.css" server="ntc6-p2stl.ezhostingserver.com/wwwroot/" local="132034609738606852" remote="132034745400000000" Dst="2" />
<file name="kendo.moonlight.mobile.less" server="ntc6-p2stl.ezhostingserver.com/wwwroot/" local="132034609740707337" remote="132034745400000000" Dst="2" />
<file name="kendo.moonlight.mobile.css" server="ntc6-p2stl.ezhostingserver.com/wwwroot/" local="132034609745698465" remote="132034745400000000" Dst="2" />
<file name="kendo.nova.css" server="ntc6-p2stl.ezhostingserver.com/wwwroot/" local="132034609743888050" remote="132034745400000000" Dst="2" />
<file name="kendo.nova.less" server="ntc6-p2stl.ezhostingserver.com/wwwroot/" local="132034609744588220" remote="132034745400000000" Dst="2" />
<file name="kendo.nova.mobile.less" server="ntc6-p2stl.ezhostingserver.com/wwwroot/" local="132034609743778125" remote="132034745400000000" Dst="2" />
<file name="kendo.office365.css" server="ntc6-p2stl.ezhostingserver.com/wwwroot/" local="132034609743117882" remote="132034745400000000" Dst="2" />
<file name="kendo.office365.less" server="ntc6-p2stl.ezhostingserver.com/wwwroot/" local="132034609737486607" remote="132034745400000000" Dst="2" />
<file name="kendo.nova.mobile.css" server="ntc6-p2stl.ezhostingserver.com/wwwroot/" local="132034609740207313" remote="132034745400000000" Dst="2" />
<file name="kendo.office365.mobile.less" server="ntc6-p2stl.ezhostingserver.com/wwwroot/" local="132034609738156754" remote="132034745400000000" Dst="2" />
<file name="kendo.rtl.css" server="ntc6-p2stl.ezhostingserver.com/wwwroot/" local="132034658782022963" remote="132034745400000000" Dst="2" />
<file name="kendo.office365.mobile.css" server="ntc6-p2stl.ezhostingserver.com/wwwroot/" local="132034609742877834" remote="132034745400000000" Dst="2" />
<file name="kendo.rtl.less" server="ntc6-p2stl.ezhostingserver.com/wwwroot/" local="132034609740377261" remote="132034745400000000" Dst="2" />
<file name="kendo.silver.css" server="ntc6-p2stl.ezhostingserver.com/wwwroot/" local="132034609742567862" remote="132034745400000000" Dst="2" />
<file name="kendo.silver.less" server="ntc6-p2stl.ezhostingserver.com/wwwroot/" local="132034609741547525" remote="132034745400000000" Dst="2" />
<file name="kendo.silver.mobile.less" server="ntc6-p2stl.ezhostingserver.com/wwwroot/" local="132034609744388267" remote="132034745400000000" Dst="2" />
<file name="kendo.silver.mobile.css" server="ntc6-p2stl.ezhostingserver.com/wwwroot/" local="132034609738266781" remote="132034745400000000" Dst="2" />
<file name="kendo.uniform.less" server="ntc6-p2stl.ezhostingserver.com/wwwroot/" local="132034609737636646" remote="132034745400000000" Dst="2" />
<file name="kendo.uniform.css" server="ntc6-p2stl.ezhostingserver.com/wwwroot/" local="132034609742217678" remote="132034745400000000" Dst="2" />
<file name="kendo.uniform.mobile.less" server="ntc6-p2stl.ezhostingserver.com/wwwroot/" local="132034609739477153" remote="132034745400000000" Dst="2" />
<file name="kendo.uniform.mobile.css" server="ntc6-p2stl.ezhostingserver.com/wwwroot/" local="132034609745208368" remote="132034745400000000" Dst="2" />
<file name="type-bootstrap.less" server="ntc6-p2stl.ezhostingserver.com/wwwroot/" local="132034609739186988" remote="132034745400000000" Dst="2" />
<file name="type-default.less" server="ntc6-p2stl.ezhostingserver.com/wwwroot/" local="132034609742117656" remote="132034745400000000" Dst="2" />
<file name="type-fiori.less" server="ntc6-p2stl.ezhostingserver.com/wwwroot/" local="132034609737976731" remote="132034745400000000" Dst="2" />
<file name="type-flat.less" server="ntc6-p2stl.ezhostingserver.com/wwwroot/" local="132034609739016965" remote="132034745400000000" Dst="2" />
<file name="type-highcontrast.less" server="ntc6-p2stl.ezhostingserver.com/wwwroot/" local="132034609738876917" remote="132034745400000000" Dst="2" />
<file name="type-metro.less" server="ntc6-p2stl.ezhostingserver.com/wwwroot/" local="132034609744808360" remote="132034745400000000" Dst="2" />
<file name="type-material.less" server="ntc6-p2stl.ezhostingserver.com/wwwroot/" local="132034609742387716" remote="132034745400000000" Dst="2" />
<file name="type-nova.less" server="ntc6-p2stl.ezhostingserver.com/wwwroot/" local="132034609742767803" remote="132034745400000000" Dst="2" />
<file name="type-office365.less" server="ntc6-p2stl.ezhostingserver.com/wwwroot/" local="132034609740557392" remote="132034745400000000" Dst="2" />
<file name="_variables.css" server="ntc6-p2stl.ezhostingserver.com/wwwroot/" local="132034658782032957" remote="132034745400000000" Dst="2" />
<file name="_variables.less" server="ntc6-p2stl.ezhostingserver.com/wwwroot/" local="132034609745288378" remote="132034745400000000" Dst="2" />
<file name="bootstrap-mapper.less" server="ftp.gregorysblog.org/wwwroot/" local="132046800309507083" remote="132047074800000000" Dst="2" />
<file name="kendo.black.less" server="ftp.gregorysblog.org/wwwroot/" local="132046800309727129" remote="132047074800000000" Dst="2" />
<file name="kendo.black.css" server="ftp.gregorysblog.org/wwwroot/" local="132046800309627107" remote="132047074800000000" Dst="2" />
<file name="kendo.black.mobile.less" server="ftp.gregorysblog.org/wwwroot/" local="132046800309977185" remote="132047074800000000" Dst="2" />
<file name="kendo.black.mobile.css" server="ftp.gregorysblog.org/wwwroot/" local="132046800309857164" remote="132047074800000000" Dst="2" />
<file name="kendo.blueopal.less" server="ftp.gregorysblog.org/wwwroot/" local="132046800310197240" remote="132047074800000000" Dst="2" />
<file name="kendo.blueopal.css" server="ftp.gregorysblog.org/wwwroot/" local="132046800310097224" remote="132047074800000000" Dst="2" />
<file name="kendo.blueopal.mobile.less" server="ftp.gregorysblog.org/wwwroot/" local="132046800310407283" remote="132047074800000000" Dst="2" />
<file name="kendo.blueopal.mobile.css" server="ftp.gregorysblog.org/wwwroot/" local="132046800310327276" remote="132047074800000000" Dst="2" />
<file name="kendo.bootstrap.css" server="ftp.gregorysblog.org/wwwroot/" local="132046800310527307" remote="132047074800000000" Dst="2" />
<file name="kendo.bootstrap-v4.css" server="ftp.gregorysblog.org/wwwroot/" local="132046800310997409" remote="132047074800000000" Dst="2" />
<file name="kendo.bootstrap-v4.less" server="ftp.gregorysblog.org/wwwroot/" local="132046800311117541" remote="132047074800000000" Dst="2" />
<file name="kendo.bootstrap.less" server="ftp.gregorysblog.org/wwwroot/" local="132046800310607425" remote="132047074800000000" Dst="2" />
<file name="kendo.bootstrap.mobile.less" server="ftp.gregorysblog.org/wwwroot/" local="132046800310847380" remote="132047074800000000" Dst="2" />
<file name="kendo.bootstrap.mobile.css" server="ftp.gregorysblog.org/wwwroot/" local="132046800310747370" remote="132047074800000000" Dst="2" />
<file name="kendo.common-fiori.less" server="ftp.gregorysblog.org/wwwroot/" local="132046800311327494" remote="132047074800000000" Dst="2" />
<file name="kendo.common-material.less" server="ftp.gregorysblog.org/wwwroot/" local="132046800311577541" remote="132047074800000000" Dst="2" />
<file name="kendo.common-fiori.css" server="ftp.gregorysblog.org/wwwroot/" local="132046800311247487" remote="132047074800000000" Dst="2" />
<file name="kendo.common-material.css" server="ftp.gregorysblog.org/wwwroot/" local="132046800311487619" remote="132047074800000000" Dst="2" />
<file name="kendo.common-nova.less" server="ftp.gregorysblog.org/wwwroot/" local="132046800311777684" remote="132047074800000000" Dst="2" />
<file name="kendo.common-office365.less" server="ftp.gregorysblog.org/wwwroot/" local="132046800311987639" remote="132047074800000000" Dst="2" />
<file name="kendo.common-nova.css" server="ftp.gregorysblog.org/wwwroot/" local="132046800311707580" remote="132047074800000000" Dst="2" />
<file name="kendo.common-office365.css" server="ftp.gregorysblog.org/wwwroot/" local="132046800311907620" remote="132047074800000000" Dst="2" />
<file name="kendo.default.css" server="ftp.gregorysblog.org/wwwroot/" local="132046800312097681" remote="132047074800000000" Dst="2" />
<file name="kendo.default-v2.less" server="ftp.gregorysblog.org/wwwroot/" local="132046800312667802" remote="132047074800000000" Dst="2" />
<file name="kendo.default.less" server="ftp.gregorysblog.org/wwwroot/" local="132046800312187682" remote="132047074800000000" Dst="2" />
<file name="kendo.default-v2.css" server="ftp.gregorysblog.org/wwwroot/" local="132046800312527757" remote="132047074800000000" Dst="2" />
<file name="kendo.default.mobile.less" server="ftp.gregorysblog.org/wwwroot/" local="132046800312377728" remote="132047074800000000" Dst="2" />
<file name="kendo.fiori.less" server="ftp.gregorysblog.org/wwwroot/" local="132046800313958082" remote="132047074800000000" Dst="2" />
<file name="kendo.default.mobile.css" server="ftp.gregorysblog.org/wwwroot/" local="132046800312297706" remote="132047074800000000" Dst="2" />
<file name="kendo.fiori.css" server="ftp.gregorysblog.org/wwwroot/" local="132046800313858069" remote="132047074800000000" Dst="2" />
<file name="kendo.fiori.mobile.less" server="ftp.gregorysblog.org/wwwroot/" local="132046800314168127" remote="132047074800000000" Dst="2" />
<file name="kendo.flat.less" server="ftp.gregorysblog.org/wwwroot/" local="132046800314358183" remote="132047074800000000" Dst="2" />
<file name="kendo.flat.css" server="ftp.gregorysblog.org/wwwroot/" local="132046800314278148" remote="132047074800000000" Dst="2" />
<file name="kendo.fiori.mobile.css" server="ftp.gregorysblog.org/wwwroot/" local="132046800314078105" remote="132047074800000000" Dst="2" />
<file name="kendo.flat.mobile.less" server="ftp.gregorysblog.org/wwwroot/" local="132046800314558216" remote="132047075400000000" Dst="2" />
<file name="kendo.flat.mobile.css" server="ftp.gregorysblog.org/wwwroot/" local="132046800314478197" remote="132047075400000000" Dst="2" />
<file name="kendo.highcontrast.css" server="ftp.gregorysblog.org/wwwroot/" local="132046800314668250" remote="132047075400000000" Dst="2" />
<file name="kendo.highcontrast.less" server="ftp.gregorysblog.org/wwwroot/" local="132046800314748266" remote="132047075400000000" Dst="2" />
<file name="kendo.highcontrast.mobile.less" server="ftp.gregorysblog.org/wwwroot/" local="132046800314958314" remote="132047075400000000" Dst="2" />
<file name="kendo.highcontrast.mobile.css" server="ftp.gregorysblog.org/wwwroot/" local="132046800314868284" remote="132047075400000000" Dst="2" />
<file name="kendo.material.css" server="ftp.gregorysblog.org/wwwroot/" local="132046800315068330" remote="132047075400000000" Dst="2" />
<file name="kendo.material.less" server="ftp.gregorysblog.org/wwwroot/" local="132046800315148361" remote="132047075400000000" Dst="2" />
<file name="kendo.material-v2.less" server="ftp.gregorysblog.org/wwwroot/" local="132046800316028549" remote="132047075400000000" Dst="2" />
<file name="kendo.material.mobile.less" server="ftp.gregorysblog.org/wwwroot/" local="132046800315348398" remote="132047075400000000" Dst="2" />
<file name="kendo.material.mobile.css" server="ftp.gregorysblog.org/wwwroot/" local="132046800315268388" remote="132047075400000000" Dst="2" />
<file name="kendo.material-v2.css" server="ftp.gregorysblog.org/wwwroot/" local="132046800315898516" remote="132047075400000000" Dst="2" />
<file name="kendo.materialblack.less" server="ftp.gregorysblog.org/wwwroot/" local="132046800315558440" remote="132047075400000000" Dst="2" />
<file name="kendo.materialblack.css" server="ftp.gregorysblog.org/wwwroot/" local="132046800315468428" remote="132047075400000000" Dst="2" />
<file name="kendo.materialblack.mobile.less" server="ftp.gregorysblog.org/wwwroot/" local="132046800315738490" remote="132047075400000000" Dst="2" />
<file name="kendo.metro.css" server="ftp.gregorysblog.org/wwwroot/" local="132046800316138672" remote="132047075400000000" Dst="2" />
<file name="kendo.metro.less" server="ftp.gregorysblog.org/wwwroot/" local="132046800316228607" remote="132047075400000000" Dst="2" />
<file name="kendo.materialblack.mobile.css" server="ftp.gregorysblog.org/wwwroot/" local="132046800315668465" remote="132047075400000000" Dst="2" />
<file name="kendo.metro.mobile.less" server="ftp.gregorysblog.org/wwwroot/" local="132046800316428659" remote="132047075400000000" Dst="2" />
<file name="kendo.metroblack.css" server="ftp.gregorysblog.org/wwwroot/" local="132046800316548661" remote="132047075400000000" Dst="2" />
<file name="kendo.metroblack.less" server="ftp.gregorysblog.org/wwwroot/" local="132046800316628680" remote="132047075400000000" Dst="2" />
<file name="kendo.metro.mobile.css" server="ftp.gregorysblog.org/wwwroot/" local="132046800316348622" remote="132047075400000000" Dst="2" />
<file name="kendo.metroblack.mobile.less" server="ftp.gregorysblog.org/wwwroot/" local="132046800316818733" remote="132047075400000000" Dst="2" />
<file name="kendo.metroblack.mobile.css" server="ftp.gregorysblog.org/wwwroot/" local="132046800316738705" remote="132047075400000000" Dst="2" />
<file name="kendo.moonlight.css" server="ftp.gregorysblog.org/wwwroot/" local="132046800316928763" remote="132047075400000000" Dst="2" />
<file name="kendo.moonlight.less" server="ftp.gregorysblog.org/wwwroot/" local="132046800317008782" remote="132047075400000000" Dst="2" />
<file name="kendo.moonlight.mobile.less" server="ftp.gregorysblog.org/wwwroot/" local="132046800317208913" remote="132047075400000000" Dst="2" />
<file name="kendo.moonlight.mobile.css" server="ftp.gregorysblog.org/wwwroot/" local="132046800317128800" remote="132047075400000000" Dst="2" />
<file name="kendo.nova.less" server="ftp.gregorysblog.org/wwwroot/" local="132046800317418859" remote="132047075400000000" Dst="2" />
<file name="kendo.nova.css" server="ftp.gregorysblog.org/wwwroot/" local="132046800317338855" remote="132047075400000000" Dst="2" />
<file name="kendo.nova.mobile.less" server="ftp.gregorysblog.org/wwwroot/" local="132046800317638907" remote="132047075400000000" Dst="2" />
<file name="kendo.office365.less" server="ftp.gregorysblog.org/wwwroot/" local="132046800317838956" remote="132047075400000000" Dst="2" />
<file name="kendo.office365.css" server="ftp.gregorysblog.org/wwwroot/" local="132046800317748943" remote="132047075400000000" Dst="2" />
<file name="kendo.nova.mobile.css" server="ftp.gregorysblog.org/wwwroot/" local="132046800317548891" remote="132047075400000000" Dst="2" />
<file name="kendo.rtl.css" server="ftp.gregorysblog.org/wwwroot/" local="132046800318159026" remote="132047075400000000" Dst="2" />
<file name="kendo.office365.mobile.less" server="ftp.gregorysblog.org/wwwroot/" local="132046800318038999" remote="132047075400000000" Dst="2" />
<file name="kendo.office365.mobile.css" server="ftp.gregorysblog.org/wwwroot/" local="132046800317949077" remote="132047075400000000" Dst="2" />
<file name="kendo.rtl.less" server="ftp.gregorysblog.org/wwwroot/" local="132046800318239042" remote="132047075400000000" Dst="2" />
<file name="kendo.silver.css" server="ftp.gregorysblog.org/wwwroot/" local="132046800318359078" remote="132047075400000000" Dst="2" />
<file name="kendo.silver.less" server="ftp.gregorysblog.org/wwwroot/" local="132046800318439088" remote="132047075400000000" Dst="2" />
<file name="kendo.silver.mobile.less" server="ftp.gregorysblog.org/wwwroot/" local="132046800318619126" remote="132047075400000000" Dst="2" />
<file name="kendo.silver.mobile.css" server="ftp.gregorysblog.org/wwwroot/" local="132046800318549112" remote="132047075400000000" Dst="2" />
<file name="kendo.uniform.less" server="ftp.gregorysblog.org/wwwroot/" local="132046800318819171" remote="132047075400000000" Dst="2" />
<file name="kendo.uniform.css" server="ftp.gregorysblog.org/wwwroot/" local="132046800318739162" remote="132047075400000000" Dst="2" />
<file name="kendo.uniform.mobile.less" server="ftp.gregorysblog.org/wwwroot/" local="132046800319009218" remote="132047075400000000" Dst="2" />
<file name="kendo.uniform.mobile.css" server="ftp.gregorysblog.org/wwwroot/" local="132046800318929301" remote="132047075400000000" Dst="2" />
<file name="type-bootstrap.less" server="ftp.gregorysblog.org/wwwroot/" local="132046800319089237" remote="132047075400000000" Dst="2" />
<file name="type-default.less" server="ftp.gregorysblog.org/wwwroot/" local="132046800319159253" remote="132047075400000000" Dst="2" />
<file name="type-fiori.less" server="ftp.gregorysblog.org/wwwroot/" local="132046800319239363" remote="132047075400000000" Dst="2" />
<file name="type-flat.less" server="ftp.gregorysblog.org/wwwroot/" local="132046800319319291" remote="132047075400000000" Dst="2" />
<file name="type-highcontrast.less" server="ftp.gregorysblog.org/wwwroot/" local="132046800319409313" remote="132047075400000000" Dst="2" />
<file name="type-material.less" server="ftp.gregorysblog.org/wwwroot/" local="132046800319499325" remote="132047075400000000" Dst="2" />
<file name="type-nova.less" server="ftp.gregorysblog.org/wwwroot/" local="132046800319659457" remote="132047075400000000" Dst="2" />
<file name="type-metro.less" server="ftp.gregorysblog.org/wwwroot/" local="132046800319579347" remote="132047075400000000" Dst="2" />
<file name="type-office365.less" server="ftp.gregorysblog.org/wwwroot/" local="132046800319749397" remote="132047075400000000" Dst="2" />
<file name="_variables.css" server="ftp.gregorysblog.org/wwwroot/" local="132046800309307046" remote="132047075400000000" Dst="2" />
<file name="_variables.less" server="ftp.gregorysblog.org/wwwroot/" local="132046800309407068" remote="132047075400000000" Dst="2" />
</dwsync>