<?xml version="1.0" encoding="utf-8" ?>
<dwsync>
<file name="erasBold.woff" server="gregoryalexander.com/wwwroot/" local="131589008368172541" remote="131903385000000000" Dst="1" />
<file name="erasBook.woff" server="gregoryalexander.com/wwwroot/" local="131589008368302739" remote="131903385000000000" Dst="1" />
<file name="erasDemi.woff" server="gregoryalexander.com/wwwroot/" local="131589009300034255" remote="131903385000000000" Dst="1" />
<file name="erasLight.woff" server="gregoryalexander.com/wwwroot/" local="131589008368432929" remote="131903385000000000" Dst="1" />
<file name="erasMedBold.woff" server="gregoryalexander.com/wwwroot/" local="131589009299633776" remote="131903385000000000" Dst="1" />
<file name="erasMed.woff" server="gregoryalexander.com/wwwroot/" local="131589009300114365" remote="131903385000000000" Dst="1" />
<file name="erasUltra.woff" server="gregoryalexander.com/wwwroot/" local="131589009300174451" remote="131903385000000000" Dst="1" />
<file name="kaufmann.woff" server="gregoryalexander.com/wwwroot/" local="131589224407825114" remote="131903385000000000" Dst="1" />
<file name="kaufmannScript.woff" server="gregoryalexander.com/wwwroot/" local="131589259264061131" remote="131903385000000000" Dst="1" />
<file name="kaufmannScriptBold.woff" server="gregoryalexander.com/wwwroot/" local="131589260622595954" remote="131903385000000000" Dst="1" />
<file name="ERASB.TTF" server="gregoryalexander.com/wwwroot/" local="125599535900000000" remote="131903385000000000" Dst="1" />
<file name="ERASD.TTF" server="gregoryalexander.com/wwwroot/" local="125599535900000000" remote="131903385000000000" Dst="1" />
<file name="ERASCNTN.TTF" server="gregoryalexander.com/wwwroot/" local="125472062600000000" remote="131903385000000000" Dst="1" />
<file name="ERASL.TTF" server="gregoryalexander.com/wwwroot/" local="125599535880000000" remote="131903385000000000" Dst="1" />
<file name="ERASM.TTF" server="gregoryalexander.com/wwwroot/" local="125599535880000000" remote="131903385000000000" Dst="1" />
<file name="ERASN.TTF" server="gregoryalexander.com/wwwroot/" local="125599535880000000" remote="131903385000000000" Dst="1" />
<file name="ERASU.TTF" server="gregoryalexander.com/wwwroot/" local="125599535900000000" remote="131903385000000000" Dst="1" />
<file name="KAUFMANB.TTF" server="gregoryalexander.com/wwwroot/" local="125568858900000000" remote="131903385000000000" Dst="1" />
<file name="KAUFMANN.TTF" server="gregoryalexander.com/wwwroot/" local="125575609740000000" remote="131903385000000000" Dst="1" />
<file name="ERASB.TTF" server="ntc6-p2stl.ezhostingserver.com/wwwroot/" local="125599535900000000" remote="132034733400000000" Dst="2" />
<file name="erasBook.woff" server="ntc6-p2stl.ezhostingserver.com/wwwroot/" local="131589008368302739" remote="132034733400000000" Dst="2" />
<file name="erasBold.woff" server="ntc6-p2stl.ezhostingserver.com/wwwroot/" local="131589008368172541" remote="132034733400000000" Dst="2" />
<file name="ERASD.TTF" server="ntc6-p2stl.ezhostingserver.com/wwwroot/" local="125599535900000000" remote="132034733400000000" Dst="2" />
<file name="ERASCNTN.TTF" server="ntc6-p2stl.ezhostingserver.com/wwwroot/" local="125472062600000000" remote="132034733400000000" Dst="2" />
<file name="erasDemi.woff" server="ntc6-p2stl.ezhostingserver.com/wwwroot/" local="131589009300034255" remote="132034733400000000" Dst="2" />
<file name="ERASL.TTF" server="ntc6-p2stl.ezhostingserver.com/wwwroot/" local="125599535880000000" remote="132034733400000000" Dst="2" />
<file name="erasLight.woff" server="ntc6-p2stl.ezhostingserver.com/wwwroot/" local="131589008368432929" remote="132034733400000000" Dst="2" />
<file name="ERASM.TTF" server="ntc6-p2stl.ezhostingserver.com/wwwroot/" local="125599535880000000" remote="132034733400000000" Dst="2" />
<file name="erasMed.woff" server="ntc6-p2stl.ezhostingserver.com/wwwroot/" local="131589009300114365" remote="132034733400000000" Dst="2" />
<file name="erasMedBold.woff" server="ntc6-p2stl.ezhostingserver.com/wwwroot/" local="131589009299633776" remote="132034733400000000" Dst="2" />
<file name="ERASN.TTF" server="ntc6-p2stl.ezhostingserver.com/wwwroot/" local="125599535880000000" remote="132034733400000000" Dst="2" />
<file name="ERASU.TTF" server="ntc6-p2stl.ezhostingserver.com/wwwroot/" local="125599535900000000" remote="132034733400000000" Dst="2" />
<file name="erasUltra.woff" server="ntc6-p2stl.ezhostingserver.com/wwwroot/" local="131589009300174451" remote="132034733400000000" Dst="2" />
<file name="KAUFMANB.TTF" server="ntc6-p2stl.ezhostingserver.com/wwwroot/" local="125568858900000000" remote="132034733400000000" Dst="2" />
<file name="KAUFMANN.TTF" server="ntc6-p2stl.ezhostingserver.com/wwwroot/" local="125575609740000000" remote="132034733400000000" Dst="2" />
<file name="kaufmannScript.woff" server="ntc6-p2stl.ezhostingserver.com/wwwroot/" local="131589259264061131" remote="132034733400000000" Dst="2" />
<file name="kaufmannScriptBold.woff" server="ntc6-p2stl.ezhostingserver.com/wwwroot/" local="131589260622595954" remote="132034733400000000" Dst="2" />
<file name="kaufmann.woff" server="ntc6-p2stl.ezhostingserver.com/wwwroot/" local="131589224407825114" remote="132034733400000000" Dst="2" />
<file name="ERASB.TTF" server="ftp.gregorysblog.org/wwwroot/" local="132046799900427364" remote="132047068200000000" Dst="2" />
<file name="erasBold.woff" server="ftp.gregorysblog.org/wwwroot/" local="132046799900517391" remote="132047068200000000" Dst="2" />
<file name="erasBook.woff" server="ftp.gregorysblog.org/wwwroot/" local="132046799900587411" remote="132047068200000000" Dst="2" />
<file name="ERASD.TTF" server="ftp.gregorysblog.org/wwwroot/" local="132046799900817459" remote="132047068200000000" Dst="2" />
<file name="erasDemi.woff" server="ftp.gregorysblog.org/wwwroot/" local="132046799900887469" remote="132047068200000000" Dst="2" />
<file name="ERASCNTN.TTF" server="ftp.gregorysblog.org/wwwroot/" local="132046799900697522" remote="132047068200000000" Dst="2" />
<file name="ERASL.TTF" server="ftp.gregorysblog.org/wwwroot/" local="132046799900997593" remote="132047068200000000" Dst="2" />
<file name="erasLight.woff" server="ftp.gregorysblog.org/wwwroot/" local="132046799901157531" remote="132047068200000000" Dst="2" />
<file name="ERASM.TTF" server="ftp.gregorysblog.org/wwwroot/" local="132046799901257649" remote="132047068200000000" Dst="2" />
<file name="erasMed.woff" server="ftp.gregorysblog.org/wwwroot/" local="132046799901327575" remote="132047068200000000" Dst="2" />
<file name="erasMedBold.woff" server="ftp.gregorysblog.org/wwwroot/" local="132046799901407603" remote="132047068200000000" Dst="2" />
<file name="ERASN.TTF" server="ftp.gregorysblog.org/wwwroot/" local="132046799901507609" remote="132047068200000000" Dst="2" />
<file name="ERASU.TTF" server="ftp.gregorysblog.org/wwwroot/" local="132046799901617730" remote="132047068200000000" Dst="2" />
<file name="erasUltra.woff" server="ftp.gregorysblog.org/wwwroot/" local="132046799901697656" remote="132047068200000000" Dst="2" />
<file name="KAUFMANB.TTF" server="ftp.gregorysblog.org/wwwroot/" local="132046799901797771" remote="132047068200000000" Dst="2" />
<file name="KAUFMANN.TTF" server="ftp.gregorysblog.org/wwwroot/" local="132046799902497831" remote="132047068200000000" Dst="2" />
<file name="kaufmannScriptBold.woff" server="ftp.gregorysblog.org/wwwroot/" local="132046799902737888" remote="132047068200000000" Dst="2" />
<file name="kaufmann.woff" server="ftp.gregorysblog.org/wwwroot/" local="132046799902597855" remote="132047068200000000" Dst="2" />
<file name="kaufmannScript.woff" server="ftp.gregorysblog.org/wwwroot/" local="132046799902667962" remote="132047068200000000" Dst="2" />
</dwsync>