<?xml version="1.0" encoding="utf-8" ?>
<dwsync>
<file name="angular.min.js" server="gregoryalexander.com/wwwroot/" local="132034609928029886" remote="132034685400000000" Dst="2" />
<file name="jquery.min.js" server="gregoryalexander.com/wwwroot/" local="132034609918717863" remote="132034688400000000" Dst="2" />
<file name="kendo.angular.min.js" server="gregoryalexander.com/wwwroot/" local="132034609917997612" remote="132034688400000000" Dst="2" />
<file name="jquery.min.map" server="gregoryalexander.com/wwwroot/" local="132034609926769694" remote="132034688400000000" Dst="2" />
<file name="kendo.autocomplete.min.js.map" server="gregoryalexander.com/wwwroot/" local="132034609927879944" remote="132034688400000000" Dst="2" />
<file name="kendo.autocomplete.min.js" server="gregoryalexander.com/wwwroot/" local="132034609928620113" remote="132034688400000000" Dst="2" />
<file name="kendo.angular.min.js.map" server="gregoryalexander.com/wwwroot/" local="132034609924779145" remote="132034688400000000" Dst="2" />
<file name="kendo.binder.min.js" server="gregoryalexander.com/wwwroot/" local="132034609922768784" remote="132034688400000000" Dst="2" />
<file name="kendo.button.min.js" server="gregoryalexander.com/wwwroot/" local="132034609921148416" remote="132034688400000000" Dst="2" />
<file name="kendo.binder.min.js.map" server="gregoryalexander.com/wwwroot/" local="132034609929830298" remote="132034688400000000" Dst="2" />
<file name="kendo.button.min.js.map" server="gregoryalexander.com/wwwroot/" local="132034609927419747" remote="132034688400000000" Dst="2" />
<file name="kendo.calendar.min.js" server="gregoryalexander.com/wwwroot/" local="132034609918907810" remote="132034688400000000" Dst="2" />
<file name="kendo.color.min.js" server="gregoryalexander.com/wwwroot/" local="132034609922878808" remote="132034688400000000" Dst="2" />
<file name="kendo.color.min.js.map" server="gregoryalexander.com/wwwroot/" local="132034609918987832" remote="132034688400000000" Dst="2" />
<file name="kendo.calendar.min.js.map" server="gregoryalexander.com/wwwroot/" local="132034609921698463" remote="132034688400000000" Dst="2" />
<file name="kendo.colorpicker.min.js" server="gregoryalexander.com/wwwroot/" local="132034609922008660" remote="132034688400000000" Dst="2" />
<file name="kendo.colorpicker.min.js.map" server="gregoryalexander.com/wwwroot/" local="132034609927579795" remote="132034688400000000" Dst="2" />
<file name="kendo.combobox.min.js" server="gregoryalexander.com/wwwroot/" local="132034609930400516" remote="132034688400000000" Dst="2" />
<file name="kendo.combobox.min.js.map" server="gregoryalexander.com/wwwroot/" local="132034609920728230" remote="132034688400000000" Dst="2" />
<file name="kendo.core.min.js" server="gregoryalexander.com/wwwroot/" local="132034609930280492" remote="132034688400000000" Dst="2" />
<file name="kendo.data.min.js" server="gregoryalexander.com/wwwroot/" local="132034609915427119" remote="132034688400000000" Dst="2" />
<file name="kendo.core.min.js.map" server="gregoryalexander.com/wwwroot/" local="132034609916157201" remote="132034688400000000" Dst="2" />
<file name="kendo.data.odata.min.js" server="gregoryalexander.com/wwwroot/" local="132034609925419292" remote="132034688400000000" Dst="2" />
<file name="kendo.data.min.js.map" server="gregoryalexander.com/wwwroot/" local="132034609929420202" remote="132034688400000000" Dst="2" />
<file name="kendo.data.signalr.min.js" server="gregoryalexander.com/wwwroot/" local="132034609920328231" remote="132034688400000000" Dst="2" />
<file name="kendo.data.odata.min.js.map" server="gregoryalexander.com/wwwroot/" local="132034609919717998" remote="132034688400000000" Dst="2" />
<file name="kendo.data.signalr.min.js.map" server="gregoryalexander.com/wwwroot/" local="132034609916608666" remote="132034688400000000" Dst="2" />
<file name="kendo.data.xml.min.js.map" server="gregoryalexander.com/wwwroot/" local="132034609926279485" remote="132034688400000000" Dst="2" />
<file name="kendo.data.xml.min.js" server="gregoryalexander.com/wwwroot/" local="132034609930060440" remote="132034688400000000" Dst="2" />
<file name="kendo.dateinput.min.js" server="gregoryalexander.com/wwwroot/" local="132034609925999426" remote="132034688400000000" Dst="2" />
<file name="kendo.datepicker.min.js" server="gregoryalexander.com/wwwroot/" local="132034609924909178" remote="132034688400000000" Dst="2" />
<file name="kendo.dateinput.min.js.map" server="gregoryalexander.com/wwwroot/" local="132034609917407614" remote="132034688400000000" Dst="2" />
<file name="kendo.datetimepicker.min.js" server="gregoryalexander.com/wwwroot/" local="132034609915547147" remote="132034688400000000" Dst="2" />
<file name="kendo.datetimepicker.min.js.map" server="gregoryalexander.com/wwwroot/" local="132034609931320726" remote="132034688400000000" Dst="2" />
<file name="kendo.datepicker.min.js.map" server="gregoryalexander.com/wwwroot/" local="132034609929740276" remote="132034688400000000" Dst="2" />
<file name="kendo.dialog.min.js" server="gregoryalexander.com/wwwroot/" local="132034609919497946" remote="132034688400000000" Dst="2" />
<file name="kendo.dialog.min.js.map" server="gregoryalexander.com/wwwroot/" local="132034609919297909" remote="132034688400000000" Dst="2" />
<file name="kendo.draganddrop.min.js.map" server="gregoryalexander.com/wwwroot/" local="132034609922088541" remote="132034688400000000" Dst="2" />
<file name="kendo.draganddrop.min.js" server="gregoryalexander.com/wwwroot/" local="132034609917787560" remote="132034688400000000" Dst="2" />
<file name="kendo.dropdownlist.min.js" server="gregoryalexander.com/wwwroot/" local="132034609929320271" remote="132034688400000000" Dst="2" />
<file name="kendo.dropdownlist.min.js.map" server="gregoryalexander.com/wwwroot/" local="132034609916057170" remote="132034688400000000" Dst="2" />
<file name="kendo.editable.min.js" server="gregoryalexander.com/wwwroot/" local="132034609916797478" remote="132034688400000000" Dst="2" />
<file name="kendo.editable.min.js.map" server="gregoryalexander.com/wwwroot/" local="132034609926559548" remote="132034688400000000" Dst="2" />
<file name="kendo.fx.min.js" server="gregoryalexander.com/wwwroot/" local="132034609916427249" remote="132034688400000000" Dst="2" />
<file name="kendo.fx.min.js.map" server="gregoryalexander.com/wwwroot/" local="132034609928229933" remote="132034688400000000" Dst="2" />
<file name="kendo.list.min.js" server="gregoryalexander.com/wwwroot/" local="132034609930660489" remote="132034688400000000" Dst="2" />
<file name="kendo.list.min.js.map" server="gregoryalexander.com/wwwroot/" local="132034609929210165" remote="132034688400000000" Dst="2" />
<file name="kendo.listbox.min.js" server="gregoryalexander.com/wwwroot/" local="132034609922648663" remote="132034688400000000" Dst="2" />
<file name="kendo.listview.min.js" server="gregoryalexander.com/wwwroot/" local="132034609917177562" remote="132034688400000000" Dst="2" />
<file name="kendo.listbox.min.js.map" server="gregoryalexander.com/wwwroot/" local="132034609926479529" remote="132034688400000000" Dst="2" />
<file name="kendo.listview.min.js.map" server="gregoryalexander.com/wwwroot/" local="132034609921768473" remote="132034688400000000" Dst="2" />
<file name="kendo.maskedtextbox.min.js" server="gregoryalexander.com/wwwroot/" local="132034609921448393" remote="132034688400000000" Dst="2" />
<file name="kendo.maskedtextbox.min.js.map" server="gregoryalexander.com/wwwroot/" local="132034609920948285" remote="132034688400000000" Dst="2" />
<file name="kendo.menu.min.js" server="gregoryalexander.com/wwwroot/" local="132034609927349731" remote="132034688400000000" Dst="2" />
<file name="kendo.mobile.actionsheet.min.js" server="gregoryalexander.com/wwwroot/" local="132034609918417795" remote="132034689000000000" Dst="2" />
<file name="kendo.mobile.actionsheet.min.js.map" server="gregoryalexander.com/wwwroot/" local="132034609926199475" remote="132034689000000000" Dst="2" />
<file name="kendo.menu.min.js.map" server="gregoryalexander.com/wwwroot/" local="132034609920868260" remote="132034689000000000" Dst="2" />
<file name="kendo.mobile.application.min.js" server="gregoryalexander.com/wwwroot/" local="132034609929940322" remote="132034689000000000" Dst="2" />
<file name="kendo.mobile.application.min.js.map" server="gregoryalexander.com/wwwroot/" local="132034609929660257" remote="132034689000000000" Dst="2" />
<file name="kendo.mobile.button.min.js" server="gregoryalexander.com/wwwroot/" local="132034609926679575" remote="132034689000000000" Dst="2" />
<file name="kendo.mobile.button.min.js.map" server="gregoryalexander.com/wwwroot/" local="132034609924419066" remote="132034689000000000" Dst="2" />
<file name="kendo.mobile.buttongroup.min.js" server="gregoryalexander.com/wwwroot/" local="132034609915747217" remote="132034689000000000" Dst="2" />
<file name="kendo.mobile.buttongroup.min.js.map" server="gregoryalexander.com/wwwroot/" local="132034609917877606" remote="132034689000000000" Dst="2" />
<file name="kendo.mobile.collapsible.min.js" server="gregoryalexander.com/wwwroot/" local="132034609928139917" remote="132034689000000000" Dst="2" />
<file name="kendo.mobile.collapsible.min.js.map" server="gregoryalexander.com/wwwroot/" local="132034609916307219" remote="132034689000000000" Dst="2" />
<file name="kendo.mobile.drawer.min.js" server="gregoryalexander.com/wwwroot/" local="132034609915857121" remote="132034689000000000" Dst="2" />
<file name="kendo.mobile.drawer.min.js.map" server="gregoryalexander.com/wwwroot/" local="132034609924609122" remote="132034689000000000" Dst="2" />
<file name="kendo.mobile.listview.min.js" server="gregoryalexander.com/wwwroot/" local="132034609931010562" remote="132034689000000000" Dst="2" />
<file name="kendo.mobile.listview.min.js.map" server="gregoryalexander.com/wwwroot/" local="132034609919137871" remote="132034689000000000" Dst="2" />
<file name="kendo.mobile.loader.min.js.map" server="gregoryalexander.com/wwwroot/" local="132034609916227202" remote="132034689000000000" Dst="2" />
<file name="kendo.mobile.loader.min.js" server="gregoryalexander.com/wwwroot/" local="132034609917527641" remote="132034689000000000" Dst="2" />
<file name="kendo.mobile.modalview.min.js" server="gregoryalexander.com/wwwroot/" local="132034609926889633" remote="132034689000000000" Dst="2" />
<file name="kendo.mobile.modalview.min.js.map" server="gregoryalexander.com/wwwroot/" local="132034609924699129" remote="132034689000000000" Dst="2" />
<file name="kendo.mobile.navbar.min.js" server="gregoryalexander.com/wwwroot/" local="132034609927109770" remote="132034689000000000" Dst="2" />
<file name="kendo.mobile.navbar.min.js.map" server="gregoryalexander.com/wwwroot/" local="132034609928510001" remote="132034689000000000" Dst="2" />
<file name="kendo.mobile.pane.min.js" server="gregoryalexander.com/wwwroot/" local="132034609931240625" remote="132034689000000000" Dst="2" />
<file name="kendo.mobile.pane.min.js.map" server="gregoryalexander.com/wwwroot/" local="132034609923278807" remote="132034689000000000" Dst="2" />
<file name="kendo.mobile.popover.min.js" server="gregoryalexander.com/wwwroot/" local="132034609926999745" remote="132034689000000000" Dst="2" />
<file name="kendo.mobile.scroller.min.js" server="gregoryalexander.com/wwwroot/" local="132034609931130682" remote="132034689000000000" Dst="2" />
<file name="kendo.mobile.scroller.min.js.map" server="gregoryalexander.com/wwwroot/" local="132034609930820530" remote="132034689000000000" Dst="2" />
<file name="kendo.mobile.popover.min.js.map" server="gregoryalexander.com/wwwroot/" local="132034609923208791" remote="132034689000000000" Dst="2" />
<file name="kendo.mobile.scrollview.min.js" server="gregoryalexander.com/wwwroot/" local="132034609921888633" remote="132034689000000000" Dst="2" />
<file name="kendo.mobile.scrollview.min.js.map" server="gregoryalexander.com/wwwroot/" local="132034609919908048" remote="132034689000000000" Dst="2" />
<file name="kendo.mobile.shim.min.js.map" server="gregoryalexander.com/wwwroot/" local="132034609921338378" remote="132034689000000000" Dst="2" />
<file name="kendo.mobile.shim.min.js" server="gregoryalexander.com/wwwroot/" local="132034609926399612" remote="132034689000000000" Dst="2" />
<file name="kendo.mobile.splitview.min.js" server="gregoryalexander.com/wwwroot/" local="132034609925229345" remote="132034689000000000" Dst="2" />
<file name="kendo.mobile.splitview.min.js.map" server="gregoryalexander.com/wwwroot/" local="132034609918787786" remote="132034689000000000" Dst="2" />
<file name="kendo.mobile.switch.min.js" server="gregoryalexander.com/wwwroot/" local="132034609921268494" remote="132034689000000000" Dst="2" />
<file name="kendo.mobile.switch.min.js.map" server="gregoryalexander.com/wwwroot/" local="132034609919647982" remote="132034689000000000" Dst="2" />
<file name="kendo.mobile.tabstrip.min.js" server="gregoryalexander.com/wwwroot/" local="132034609920448161" remote="132034689000000000" Dst="2" />
<file name="kendo.mobile.tabstrip.min.js.map" server="gregoryalexander.com/wwwroot/" local="132034609919568059" remote="132034689000000000" Dst="2" />
<file name="kendo.mobile.view.min.js" server="gregoryalexander.com/wwwroot/" local="132034609927799925" remote="132034689000000000" Dst="2" />
<file name="kendo.mobile.view.min.js.map" server="gregoryalexander.com/wwwroot/" local="132034609923348917" remote="132034689000000000" Dst="2" />
<file name="kendo.multiselect.min.js" server="gregoryalexander.com/wwwroot/" local="132034609930520453" remote="132034689000000000" Dst="2" />
<file name="kendo.notification.min.js" server="gregoryalexander.com/wwwroot/" local="132034609929121679" remote="132034689000000000" Dst="2" />
<file name="kendo.multiselect.min.js.map" server="gregoryalexander.com/wwwroot/" local="132034609921028295" remote="132034689000000000" Dst="2" />
<file name="kendo.notification.min.js.map" server="gregoryalexander.com/wwwroot/" local="132034609929010110" remote="132034689000000000" Dst="2" />
<file name="kendo.numerictextbox.min.js" server="gregoryalexander.com/wwwroot/" local="132034609928931279" remote="132034689000000000" Dst="2" />
<file name="kendo.numerictextbox.min.js.map" server="gregoryalexander.com/wwwroot/" local="132034609921608432" remote="132034689000000000" Dst="2" />
<file name="kendo.pager.min.js" server="gregoryalexander.com/wwwroot/" local="132034609926119547" remote="132034689000000000" Dst="2" />
<file name="kendo.pager.min.js.map" server="gregoryalexander.com/wwwroot/" local="132034609930130369" remote="132034689000000000" Dst="2" />
<file name="kendo.panelbar.min.js" server="gregoryalexander.com/wwwroot/" local="132034609918197649" remote="132034689000000000" Dst="2" />
<file name="kendo.popup.min.js" server="gregoryalexander.com/wwwroot/" local="132034609923128865" remote="132034689000000000" Dst="2" />
<file name="kendo.panelbar.min.js.map" server="gregoryalexander.com/wwwroot/" local="132034609922398618" remote="132034689000000000" Dst="2" />
<file name="kendo.popup.min.js.map" server="gregoryalexander.com/wwwroot/" local="132034609919377919" remote="132034689000000000" Dst="2" />
<file name="kendo.progressbar.min.js" server="gregoryalexander.com/wwwroot/" local="132034609928730047" remote="132034689000000000" Dst="2" />
<file name="kendo.progressbar.min.js.map" server="gregoryalexander.com/wwwroot/" local="132034609921538415" remote="132034689000000000" Dst="2" />
<file name="kendo.resizable.min.js" server="gregoryalexander.com/wwwroot/" local="132034609925119224" remote="132034689000000000" Dst="2" />
<file name="kendo.responsivepanel.min.js" server="gregoryalexander.com/wwwroot/" local="132034609925879489" remote="132034689000000000" Dst="2" />
<file name="kendo.resizable.min.js.map" server="gregoryalexander.com/wwwroot/" local="132034609915627069" remote="132034689000000000" Dst="2" />
<file name="kendo.responsivepanel.min.js.map" server="gregoryalexander.com/wwwroot/" local="132034609919207881" remote="132034689000000000" Dst="2" />
<file name="kendo.router.min.js" server="gregoryalexander.com/wwwroot/" local="132034609916537276" remote="132034689000000000" Dst="2" />
<file name="kendo.router.min.js.map" server="gregoryalexander.com/wwwroot/" local="132034609928429976" remote="132034689000000000" Dst="2" />
<file name="kendo.selectable.min.js" server="gregoryalexander.com/wwwroot/" local="132034609920648220" remote="132034689000000000" Dst="2" />
<file name="kendo.slider.min.js" server="gregoryalexander.com/wwwroot/" local="132034609927689819" remote="132034689000000000" Dst="2" />
<file name="kendo.selectable.min.js.map" server="gregoryalexander.com/wwwroot/" local="132034609919978058" remote="132034689000000000" Dst="2" />
<file name="kendo.slider.min.js.map" server="gregoryalexander.com/wwwroot/" local="132034609922498633" remote="132034689000000000" Dst="2" />
<file name="kendo.sortable.min.js" server="gregoryalexander.com/wwwroot/" local="132034609928350050" remote="132034689000000000" Dst="2" />
<file name="kendo.sortable.min.js.map" server="gregoryalexander.com/wwwroot/" local="132034609928810066" remote="132034689000000000" Dst="2" />
<file name="kendo.splitter.min.js" server="gregoryalexander.com/wwwroot/" local="132034609924529184" remote="132034689000000000" Dst="2" />
<file name="kendo.splitter.min.js.map" server="gregoryalexander.com/wwwroot/" local="132034609929490219" remote="132034689000000000" Dst="2" />
<file name="kendo.tabstrip.min.js" server="gregoryalexander.com/wwwroot/" local="132034609927229797" remote="132034689000000000" Dst="2" />
<file name="kendo.timepicker.min.js" server="gregoryalexander.com/wwwroot/" local="132034609918307689" remote="132034689000000000" Dst="2" />
<file name="kendo.tabstrip.min.js.map" server="gregoryalexander.com/wwwroot/" local="132034609920538189" remote="132034689000000000" Dst="2" />
<file name="kendo.timepicker.min.js.map" server="gregoryalexander.com/wwwroot/" local="132034609916687306" remote="132034689000000000" Dst="2" />
<file name="kendo.toolbar.min.js" server="gregoryalexander.com/wwwroot/" local="132034609916947511" remote="132034689000000000" Dst="2" />
<file name="kendo.timezones.min.js" server="gregoryalexander.com/wwwroot/" local="132034609924329141" remote="132034689000000000" Dst="2" />
<file name="kendo.tooltip.min.js" server="gregoryalexander.com/wwwroot/" local="132034609917657671" remote="132034689000000000" Dst="2" />
<file name="kendo.toolbar.min.js.map" server="gregoryalexander.com/wwwroot/" local="132034609927499763" remote="132034689000000000" Dst="2" />
<file name="kendo.tooltip.min.js.map" server="gregoryalexander.com/wwwroot/" local="132034609925309271" remote="132034689000000000" Dst="2" />
<file name="kendo.touch.min.js" server="gregoryalexander.com/wwwroot/" local="132034609920218206" remote="132034689000000000" Dst="2" />
<file name="kendo.touch.min.js.map" server="gregoryalexander.com/wwwroot/" local="132034609918077640" remote="132034689000000000" Dst="2" />
<file name="kendo.timezones.min.js.map" server="gregoryalexander.com/wwwroot/" local="132034609918547731" remote="132034689000000000" Dst="2" />
<file name="kendo.ui.core.min.js" server="gregoryalexander.com/wwwroot/" local="132034609922318731" remote="132034689000000000" Dst="2" />
<file name="kendo.userevents.min.js" server="gregoryalexander.com/wwwroot/" local="132034609917317547" remote="132034689000000000" Dst="2" />
<file name="kendo.userevents.min.js.map" server="gregoryalexander.com/wwwroot/" local="132034609930900537" remote="132034689000000000" Dst="2" />
<file name="kendo.validator.min.js" server="gregoryalexander.com/wwwroot/" local="132034609919828116" remote="132034689000000000" Dst="2" />
<file name="kendo.validator.min.js.map" server="gregoryalexander.com/wwwroot/" local="132034609930730593" remote="132034689000000000" Dst="2" />
<file name="kendo.view.min.js" server="gregoryalexander.com/wwwroot/" local="132034609915977242" remote="132034689000000000" Dst="2" />
<file name="kendo.virtuallist.min.js" server="gregoryalexander.com/wwwroot/" local="132034609920098082" remote="132034689000000000" Dst="2" />
<file name="kendo.virtuallist.min.js.map" server="gregoryalexander.com/wwwroot/" local="132034609917047412" remote="132034689000000000" Dst="2" />
<file name="kendo.window.min.js" server="gregoryalexander.com/wwwroot/" local="132034609923008838" remote="132034689000000000" Dst="2" />
<file name="kendo.view.min.js.map" server="gregoryalexander.com/wwwroot/" local="132034609919057848" remote="132034689000000000" Dst="2" />
<file name="kendo.ui.core.min.js.map" server="gregoryalexander.com/wwwroot/" local="132034609925759471" remote="132034689000000000" Dst="2" />
<file name="kendo.window.min.js.map" server="gregoryalexander.com/wwwroot/" local="132034609929580346" remote="132034689000000000" Dst="2" />
<file name="angular.min.js" server="ntc6-p2stl.ezhostingserver.com/wwwroot/" local="132034609928029886" remote="132034738800000000" Dst="2" />
<file name="kendo.angular.min.js" server="ntc6-p2stl.ezhostingserver.com/wwwroot/" local="132034609917997612" remote="132034741800000000" Dst="2" />
<file name="jquery.min.js" server="ntc6-p2stl.ezhostingserver.com/wwwroot/" local="132034609918717863" remote="132034741800000000" Dst="2" />
<file name="jquery.min.map" server="ntc6-p2stl.ezhostingserver.com/wwwroot/" local="132034609926769694" remote="132034741800000000" Dst="2" />
<file name="kendo.autocomplete.min.js" server="ntc6-p2stl.ezhostingserver.com/wwwroot/" local="132034609928620113" remote="132034741800000000" Dst="2" />
<file name="kendo.autocomplete.min.js.map" server="ntc6-p2stl.ezhostingserver.com/wwwroot/" local="132034609927879944" remote="132034741800000000" Dst="2" />
<file name="kendo.angular.min.js.map" server="ntc6-p2stl.ezhostingserver.com/wwwroot/" local="132034609924779145" remote="132034741800000000" Dst="2" />
<file name="kendo.binder.min.js" server="ntc6-p2stl.ezhostingserver.com/wwwroot/" local="132034609922768784" remote="132034741800000000" Dst="2" />
<file name="kendo.button.min.js" server="ntc6-p2stl.ezhostingserver.com/wwwroot/" local="132034609921148416" remote="132034741800000000" Dst="2" />
<file name="kendo.binder.min.js.map" server="ntc6-p2stl.ezhostingserver.com/wwwroot/" local="132034609929830298" remote="132034741800000000" Dst="2" />
<file name="kendo.button.min.js.map" server="ntc6-p2stl.ezhostingserver.com/wwwroot/" local="132034609927419747" remote="132034741800000000" Dst="2" />
<file name="kendo.calendar.min.js" server="ntc6-p2stl.ezhostingserver.com/wwwroot/" local="132034609918907810" remote="132034741800000000" Dst="2" />
<file name="kendo.color.min.js" server="ntc6-p2stl.ezhostingserver.com/wwwroot/" local="132034609922878808" remote="132034741800000000" Dst="2" />
<file name="kendo.calendar.min.js.map" server="ntc6-p2stl.ezhostingserver.com/wwwroot/" local="132034609921698463" remote="132034741800000000" Dst="2" />
<file name="kendo.color.min.js.map" server="ntc6-p2stl.ezhostingserver.com/wwwroot/" local="132034609918987832" remote="132034741800000000" Dst="2" />
<file name="kendo.colorpicker.min.js" server="ntc6-p2stl.ezhostingserver.com/wwwroot/" local="132034609922008660" remote="132034741800000000" Dst="2" />
<file name="kendo.colorpicker.min.js.map" server="ntc6-p2stl.ezhostingserver.com/wwwroot/" local="132034609927579795" remote="132034741800000000" Dst="2" />
<file name="kendo.combobox.min.js" server="ntc6-p2stl.ezhostingserver.com/wwwroot/" local="132034609930400516" remote="132034741800000000" Dst="2" />
<file name="kendo.combobox.min.js.map" server="ntc6-p2stl.ezhostingserver.com/wwwroot/" local="132034609920728230" remote="132034741800000000" Dst="2" />
<file name="kendo.core.min.js" server="ntc6-p2stl.ezhostingserver.com/wwwroot/" local="132034609930280492" remote="132034741800000000" Dst="2" />
<file name="kendo.data.min.js" server="ntc6-p2stl.ezhostingserver.com/wwwroot/" local="132034609915427119" remote="132034741800000000" Dst="2" />
<file name="kendo.core.min.js.map" server="ntc6-p2stl.ezhostingserver.com/wwwroot/" local="132034609916157201" remote="132034741800000000" Dst="2" />
<file name="kendo.data.odata.min.js" server="ntc6-p2stl.ezhostingserver.com/wwwroot/" local="132034609925419292" remote="132034741800000000" Dst="2" />
<file name="kendo.data.min.js.map" server="ntc6-p2stl.ezhostingserver.com/wwwroot/" local="132034609929420202" remote="132034741800000000" Dst="2" />
<file name="kendo.data.signalr.min.js" server="ntc6-p2stl.ezhostingserver.com/wwwroot/" local="132034609920328231" remote="132034741800000000" Dst="2" />
<file name="kendo.data.odata.min.js.map" server="ntc6-p2stl.ezhostingserver.com/wwwroot/" local="132034609919717998" remote="132034741800000000" Dst="2" />
<file name="kendo.data.signalr.min.js.map" server="ntc6-p2stl.ezhostingserver.com/wwwroot/" local="132034609916608666" remote="132034741800000000" Dst="2" />
<file name="kendo.data.xml.min.js" server="ntc6-p2stl.ezhostingserver.com/wwwroot/" local="132034609930060440" remote="132034741800000000" Dst="2" />
<file name="kendo.data.xml.min.js.map" server="ntc6-p2stl.ezhostingserver.com/wwwroot/" local="132034609926279485" remote="132034741800000000" Dst="2" />
<file name="kendo.dateinput.min.js" server="ntc6-p2stl.ezhostingserver.com/wwwroot/" local="132034609925999426" remote="132034741800000000" Dst="2" />
<file name="kendo.dateinput.min.js.map" server="ntc6-p2stl.ezhostingserver.com/wwwroot/" local="132034609917407614" remote="132034741800000000" Dst="2" />
<file name="kendo.datepicker.min.js" server="ntc6-p2stl.ezhostingserver.com/wwwroot/" local="132034609924909178" remote="132034741800000000" Dst="2" />
<file name="kendo.datepicker.min.js.map" server="ntc6-p2stl.ezhostingserver.com/wwwroot/" local="132034609929740276" remote="132034741800000000" Dst="2" />
<file name="kendo.datetimepicker.min.js" server="ntc6-p2stl.ezhostingserver.com/wwwroot/" local="132034609915547147" remote="132034741800000000" Dst="2" />
<file name="kendo.datetimepicker.min.js.map" server="ntc6-p2stl.ezhostingserver.com/wwwroot/" local="132034609931320726" remote="132034741800000000" Dst="2" />
<file name="kendo.dialog.min.js.map" server="ntc6-p2stl.ezhostingserver.com/wwwroot/" local="132034609919297909" remote="132034741800000000" Dst="2" />
<file name="kendo.dialog.min.js" server="ntc6-p2stl.ezhostingserver.com/wwwroot/" local="132034609919497946" remote="132034741800000000" Dst="2" />
<file name="kendo.draganddrop.min.js" server="ntc6-p2stl.ezhostingserver.com/wwwroot/" local="132034609917787560" remote="132034741800000000" Dst="2" />
<file name="kendo.draganddrop.min.js.map" server="ntc6-p2stl.ezhostingserver.com/wwwroot/" local="132034609922088541" remote="132034741800000000" Dst="2" />
<file name="kendo.dropdownlist.min.js" server="ntc6-p2stl.ezhostingserver.com/wwwroot/" local="132034609929320271" remote="132034741800000000" Dst="2" />
<file name="kendo.editable.min.js" server="ntc6-p2stl.ezhostingserver.com/wwwroot/" local="132034609916797478" remote="132034741800000000" Dst="2" />
<file name="kendo.dropdownlist.min.js.map" server="ntc6-p2stl.ezhostingserver.com/wwwroot/" local="132034609916057170" remote="132034741800000000" Dst="2" />
<file name="kendo.editable.min.js.map" server="ntc6-p2stl.ezhostingserver.com/wwwroot/" local="132034609926559548" remote="132034741800000000" Dst="2" />
<file name="kendo.fx.min.js" server="ntc6-p2stl.ezhostingserver.com/wwwroot/" local="132034609916427249" remote="132034741800000000" Dst="2" />
<file name="kendo.list.min.js" server="ntc6-p2stl.ezhostingserver.com/wwwroot/" local="132034609930660489" remote="132034741800000000" Dst="2" />
<file name="kendo.fx.min.js.map" server="ntc6-p2stl.ezhostingserver.com/wwwroot/" local="132034609928229933" remote="132034741800000000" Dst="2" />
<file name="kendo.listbox.min.js" server="ntc6-p2stl.ezhostingserver.com/wwwroot/" local="132034609922648663" remote="132034741800000000" Dst="2" />
<file name="kendo.listview.min.js" server="ntc6-p2stl.ezhostingserver.com/wwwroot/" local="132034609917177562" remote="132034741800000000" Dst="2" />
<file name="kendo.list.min.js.map" server="ntc6-p2stl.ezhostingserver.com/wwwroot/" local="132034609929210165" remote="132034741800000000" Dst="2" />
<file name="kendo.listbox.min.js.map" server="ntc6-p2stl.ezhostingserver.com/wwwroot/" local="132034609926479529" remote="132034741800000000" Dst="2" />
<file name="kendo.listview.min.js.map" server="ntc6-p2stl.ezhostingserver.com/wwwroot/" local="132034609921768473" remote="132034741800000000" Dst="2" />
<file name="kendo.maskedtextbox.min.js" server="ntc6-p2stl.ezhostingserver.com/wwwroot/" local="132034609921448393" remote="132034741800000000" Dst="2" />
<file name="kendo.maskedtextbox.min.js.map" server="ntc6-p2stl.ezhostingserver.com/wwwroot/" local="132034609920948285" remote="132034741800000000" Dst="2" />
<file name="kendo.menu.min.js" server="ntc6-p2stl.ezhostingserver.com/wwwroot/" local="132034609927349731" remote="132034741800000000" Dst="2" />
<file name="kendo.mobile.actionsheet.min.js" server="ntc6-p2stl.ezhostingserver.com/wwwroot/" local="132034609918417795" remote="132034741800000000" Dst="2" />
<file name="kendo.mobile.actionsheet.min.js.map" server="ntc6-p2stl.ezhostingserver.com/wwwroot/" local="132034609926199475" remote="132034741800000000" Dst="2" />
<file name="kendo.menu.min.js.map" server="ntc6-p2stl.ezhostingserver.com/wwwroot/" local="132034609920868260" remote="132034741800000000" Dst="2" />
<file name="kendo.mobile.application.min.js" server="ntc6-p2stl.ezhostingserver.com/wwwroot/" local="132034609929940322" remote="132034741800000000" Dst="2" />
<file name="kendo.mobile.application.min.js.map" server="ntc6-p2stl.ezhostingserver.com/wwwroot/" local="132034609929660257" remote="132034741800000000" Dst="2" />
<file name="kendo.mobile.button.min.js" server="ntc6-p2stl.ezhostingserver.com/wwwroot/" local="132034609926679575" remote="132034741800000000" Dst="2" />
<file name="kendo.mobile.button.min.js.map" server="ntc6-p2stl.ezhostingserver.com/wwwroot/" local="132034609924419066" remote="132034741800000000" Dst="2" />
<file name="kendo.mobile.buttongroup.min.js" server="ntc6-p2stl.ezhostingserver.com/wwwroot/" local="132034609915747217" remote="132034741800000000" Dst="2" />
<file name="kendo.mobile.buttongroup.min.js.map" server="ntc6-p2stl.ezhostingserver.com/wwwroot/" local="132034609917877606" remote="132034741800000000" Dst="2" />
<file name="kendo.mobile.collapsible.min.js" server="ntc6-p2stl.ezhostingserver.com/wwwroot/" local="132034609928139917" remote="132034741800000000" Dst="2" />
<file name="kendo.mobile.collapsible.min.js.map" server="ntc6-p2stl.ezhostingserver.com/wwwroot/" local="132034609916307219" remote="132034741800000000" Dst="2" />
<file name="kendo.mobile.drawer.min.js" server="ntc6-p2stl.ezhostingserver.com/wwwroot/" local="132034609915857121" remote="132034741800000000" Dst="2" />
<file name="kendo.mobile.drawer.min.js.map" server="ntc6-p2stl.ezhostingserver.com/wwwroot/" local="132034609924609122" remote="132034741800000000" Dst="2" />
<file name="kendo.mobile.listview.min.js" server="ntc6-p2stl.ezhostingserver.com/wwwroot/" local="132034609931010562" remote="132034741800000000" Dst="2" />
<file name="kendo.mobile.listview.min.js.map" server="ntc6-p2stl.ezhostingserver.com/wwwroot/" local="132034609919137871" remote="132034741800000000" Dst="2" />
<file name="kendo.mobile.loader.min.js" server="ntc6-p2stl.ezhostingserver.com/wwwroot/" local="132034609917527641" remote="132034741800000000" Dst="2" />
<file name="kendo.mobile.loader.min.js.map" server="ntc6-p2stl.ezhostingserver.com/wwwroot/" local="132034609916227202" remote="132034741800000000" Dst="2" />
<file name="kendo.mobile.modalview.min.js" server="ntc6-p2stl.ezhostingserver.com/wwwroot/" local="132034609926889633" remote="132034741800000000" Dst="2" />
<file name="kendo.mobile.navbar.min.js" server="ntc6-p2stl.ezhostingserver.com/wwwroot/" local="132034609927109770" remote="132034741800000000" Dst="2" />
<file name="kendo.mobile.modalview.min.js.map" server="ntc6-p2stl.ezhostingserver.com/wwwroot/" local="132034609924699129" remote="132034741800000000" Dst="2" />
<file name="kendo.mobile.navbar.min.js.map" server="ntc6-p2stl.ezhostingserver.com/wwwroot/" local="132034609928510001" remote="132034741800000000" Dst="2" />
<file name="kendo.mobile.pane.min.js" server="ntc6-p2stl.ezhostingserver.com/wwwroot/" local="132034609931240625" remote="132034741800000000" Dst="2" />
<file name="kendo.mobile.pane.min.js.map" server="ntc6-p2stl.ezhostingserver.com/wwwroot/" local="132034609923278807" remote="132034741800000000" Dst="2" />
<file name="kendo.mobile.popover.min.js.map" server="ntc6-p2stl.ezhostingserver.com/wwwroot/" local="132034609923208791" remote="132034741800000000" Dst="2" />
<file name="kendo.mobile.popover.min.js" server="ntc6-p2stl.ezhostingserver.com/wwwroot/" local="132034609926999745" remote="132034741800000000" Dst="2" />
<file name="kendo.mobile.scroller.min.js" server="ntc6-p2stl.ezhostingserver.com/wwwroot/" local="132034609931130682" remote="132034741800000000" Dst="2" />
<file name="kendo.mobile.scrollview.min.js" server="ntc6-p2stl.ezhostingserver.com/wwwroot/" local="132034609921888633" remote="132034741800000000" Dst="2" />
<file name="kendo.mobile.scroller.min.js.map" server="ntc6-p2stl.ezhostingserver.com/wwwroot/" local="132034609930820530" remote="132034741800000000" Dst="2" />
<file name="kendo.mobile.scrollview.min.js.map" server="ntc6-p2stl.ezhostingserver.com/wwwroot/" local="132034609919908048" remote="132034741800000000" Dst="2" />
<file name="kendo.mobile.shim.min.js" server="ntc6-p2stl.ezhostingserver.com/wwwroot/" local="132034609926399612" remote="132034741800000000" Dst="2" />
<file name="kendo.mobile.shim.min.js.map" server="ntc6-p2stl.ezhostingserver.com/wwwroot/" local="132034609921338378" remote="132034741800000000" Dst="2" />
<file name="kendo.mobile.splitview.min.js" server="ntc6-p2stl.ezhostingserver.com/wwwroot/" local="132034609925229345" remote="132034741800000000" Dst="2" />
<file name="kendo.mobile.splitview.min.js.map" server="ntc6-p2stl.ezhostingserver.com/wwwroot/" local="132034609918787786" remote="132034741800000000" Dst="2" />
<file name="kendo.mobile.switch.min.js" server="ntc6-p2stl.ezhostingserver.com/wwwroot/" local="132034609921268494" remote="132034741800000000" Dst="2" />
<file name="kendo.mobile.tabstrip.min.js" server="ntc6-p2stl.ezhostingserver.com/wwwroot/" local="132034609920448161" remote="132034741800000000" Dst="2" />
<file name="kendo.mobile.switch.min.js.map" server="ntc6-p2stl.ezhostingserver.com/wwwroot/" local="132034609919647982" remote="132034741800000000" Dst="2" />
<file name="kendo.mobile.tabstrip.min.js.map" server="ntc6-p2stl.ezhostingserver.com/wwwroot/" local="132034609919568059" remote="132034741800000000" Dst="2" />
<file name="kendo.mobile.view.min.js" server="ntc6-p2stl.ezhostingserver.com/wwwroot/" local="132034609927799925" remote="132034741800000000" Dst="2" />
<file name="kendo.mobile.view.min.js.map" server="ntc6-p2stl.ezhostingserver.com/wwwroot/" local="132034609923348917" remote="132034741800000000" Dst="2" />
<file name="kendo.multiselect.min.js" server="ntc6-p2stl.ezhostingserver.com/wwwroot/" local="132034609930520453" remote="132034741800000000" Dst="2" />
<file name="kendo.multiselect.min.js.map" server="ntc6-p2stl.ezhostingserver.com/wwwroot/" local="132034609921028295" remote="132034741800000000" Dst="2" />
<file name="kendo.notification.min.js" server="ntc6-p2stl.ezhostingserver.com/wwwroot/" local="132034609929121679" remote="132034741800000000" Dst="2" />
<file name="kendo.notification.min.js.map" server="ntc6-p2stl.ezhostingserver.com/wwwroot/" local="132034609929010110" remote="132034741800000000" Dst="2" />
<file name="kendo.numerictextbox.min.js" server="ntc6-p2stl.ezhostingserver.com/wwwroot/" local="132034609928931279" remote="132034741800000000" Dst="2" />
<file name="kendo.numerictextbox.min.js.map" server="ntc6-p2stl.ezhostingserver.com/wwwroot/" local="132034609921608432" remote="132034741800000000" Dst="2" />
<file name="kendo.pager.min.js" server="ntc6-p2stl.ezhostingserver.com/wwwroot/" local="132034609926119547" remote="132034741800000000" Dst="2" />
<file name="kendo.pager.min.js.map" server="ntc6-p2stl.ezhostingserver.com/wwwroot/" local="132034609930130369" remote="132034742400000000" Dst="2" />
<file name="kendo.panelbar.min.js" server="ntc6-p2stl.ezhostingserver.com/wwwroot/" local="132034609918197649" remote="132034742400000000" Dst="2" />
<file name="kendo.popup.min.js" server="ntc6-p2stl.ezhostingserver.com/wwwroot/" local="132034609923128865" remote="132034742400000000" Dst="2" />
<file name="kendo.panelbar.min.js.map" server="ntc6-p2stl.ezhostingserver.com/wwwroot/" local="132034609922398618" remote="132034742400000000" Dst="2" />
<file name="kendo.popup.min.js.map" server="ntc6-p2stl.ezhostingserver.com/wwwroot/" local="132034609919377919" remote="132034742400000000" Dst="2" />
<file name="kendo.progressbar.min.js" server="ntc6-p2stl.ezhostingserver.com/wwwroot/" local="132034609928730047" remote="132034742400000000" Dst="2" />
<file name="kendo.progressbar.min.js.map" server="ntc6-p2stl.ezhostingserver.com/wwwroot/" local="132034609921538415" remote="132034742400000000" Dst="2" />
<file name="kendo.resizable.min.js" server="ntc6-p2stl.ezhostingserver.com/wwwroot/" local="132034609925119224" remote="132034742400000000" Dst="2" />
<file name="kendo.responsivepanel.min.js" server="ntc6-p2stl.ezhostingserver.com/wwwroot/" local="132034609925879489" remote="132034742400000000" Dst="2" />
<file name="kendo.responsivepanel.min.js.map" server="ntc6-p2stl.ezhostingserver.com/wwwroot/" local="132034609919207881" remote="132034742400000000" Dst="2" />
<file name="kendo.resizable.min.js.map" server="ntc6-p2stl.ezhostingserver.com/wwwroot/" local="132034609915627069" remote="132034742400000000" Dst="2" />
<file name="kendo.router.min.js" server="ntc6-p2stl.ezhostingserver.com/wwwroot/" local="132034609916537276" remote="132034742400000000" Dst="2" />
<file name="kendo.selectable.min.js" server="ntc6-p2stl.ezhostingserver.com/wwwroot/" local="132034609920648220" remote="132034742400000000" Dst="2" />
<file name="kendo.selectable.min.js.map" server="ntc6-p2stl.ezhostingserver.com/wwwroot/" local="132034609919978058" remote="132034742400000000" Dst="2" />
<file name="kendo.router.min.js.map" server="ntc6-p2stl.ezhostingserver.com/wwwroot/" local="132034609928429976" remote="132034742400000000" Dst="2" />
<file name="kendo.slider.min.js" server="ntc6-p2stl.ezhostingserver.com/wwwroot/" local="132034609927689819" remote="132034742400000000" Dst="2" />
<file name="kendo.sortable.min.js" server="ntc6-p2stl.ezhostingserver.com/wwwroot/" local="132034609928350050" remote="132034742400000000" Dst="2" />
<file name="kendo.slider.min.js.map" server="ntc6-p2stl.ezhostingserver.com/wwwroot/" local="132034609922498633" remote="132034742400000000" Dst="2" />
<file name="kendo.sortable.min.js.map" server="ntc6-p2stl.ezhostingserver.com/wwwroot/" local="132034609928810066" remote="132034742400000000" Dst="2" />
<file name="kendo.splitter.min.js" server="ntc6-p2stl.ezhostingserver.com/wwwroot/" local="132034609924529184" remote="132034742400000000" Dst="2" />
<file name="kendo.splitter.min.js.map" server="ntc6-p2stl.ezhostingserver.com/wwwroot/" local="132034609929490219" remote="132034742400000000" Dst="2" />
<file name="kendo.tabstrip.min.js" server="ntc6-p2stl.ezhostingserver.com/wwwroot/" local="132034609927229797" remote="132034742400000000" Dst="2" />
<file name="kendo.timepicker.min.js" server="ntc6-p2stl.ezhostingserver.com/wwwroot/" local="132034609918307689" remote="132034742400000000" Dst="2" />
<file name="kendo.tabstrip.min.js.map" server="ntc6-p2stl.ezhostingserver.com/wwwroot/" local="132034609920538189" remote="132034742400000000" Dst="2" />
<file name="kendo.timepicker.min.js.map" server="ntc6-p2stl.ezhostingserver.com/wwwroot/" local="132034609916687306" remote="132034742400000000" Dst="2" />
<file name="kendo.toolbar.min.js" server="ntc6-p2stl.ezhostingserver.com/wwwroot/" local="132034609916947511" remote="132034742400000000" Dst="2" />
<file name="kendo.timezones.min.js" server="ntc6-p2stl.ezhostingserver.com/wwwroot/" local="132034609924329141" remote="132034742400000000" Dst="2" />
<file name="kendo.tooltip.min.js" server="ntc6-p2stl.ezhostingserver.com/wwwroot/" local="132034609917657671" remote="132034742400000000" Dst="2" />
<file name="kendo.toolbar.min.js.map" server="ntc6-p2stl.ezhostingserver.com/wwwroot/" local="132034609927499763" remote="132034742400000000" Dst="2" />
<file name="kendo.tooltip.min.js.map" server="ntc6-p2stl.ezhostingserver.com/wwwroot/" local="132034609925309271" remote="132034742400000000" Dst="2" />
<file name="kendo.touch.min.js" server="ntc6-p2stl.ezhostingserver.com/wwwroot/" local="132034609920218206" remote="132034742400000000" Dst="2" />
<file name="kendo.touch.min.js.map" server="ntc6-p2stl.ezhostingserver.com/wwwroot/" local="132034609918077640" remote="132034742400000000" Dst="2" />
<file name="kendo.timezones.min.js.map" server="ntc6-p2stl.ezhostingserver.com/wwwroot/" local="132034609918547731" remote="132034742400000000" Dst="2" />
<file name="kendo.userevents.min.js" server="ntc6-p2stl.ezhostingserver.com/wwwroot/" local="132034609917317547" remote="132034742400000000" Dst="2" />
<file name="kendo.userevents.min.js.map" server="ntc6-p2stl.ezhostingserver.com/wwwroot/" local="132034609930900537" remote="132034742400000000" Dst="2" />
<file name="kendo.validator.min.js" server="ntc6-p2stl.ezhostingserver.com/wwwroot/" local="132034609919828116" remote="132034742400000000" Dst="2" />
<file name="kendo.ui.core.min.js" server="ntc6-p2stl.ezhostingserver.com/wwwroot/" local="132034609922318731" remote="132034742400000000" Dst="2" />
<file name="kendo.view.min.js" server="ntc6-p2stl.ezhostingserver.com/wwwroot/" local="132034609915977242" remote="132034742400000000" Dst="2" />
<file name="kendo.validator.min.js.map" server="ntc6-p2stl.ezhostingserver.com/wwwroot/" local="132034609930730593" remote="132034742400000000" Dst="2" />
<file name="kendo.view.min.js.map" server="ntc6-p2stl.ezhostingserver.com/wwwroot/" local="132034609919057848" remote="132034742400000000" Dst="2" />
<file name="kendo.virtuallist.min.js" server="ntc6-p2stl.ezhostingserver.com/wwwroot/" local="132034609920098082" remote="132034742400000000" Dst="2" />
<file name="kendo.window.min.js" server="ntc6-p2stl.ezhostingserver.com/wwwroot/" local="132034609923008838" remote="132034742400000000" Dst="2" />
<file name="kendo.virtuallist.min.js.map" server="ntc6-p2stl.ezhostingserver.com/wwwroot/" local="132034609917047412" remote="132034742400000000" Dst="2" />
<file name="kendo.window.min.js.map" server="ntc6-p2stl.ezhostingserver.com/wwwroot/" local="132034609929580346" remote="132034742400000000" Dst="2" />
<file name="kendo.ui.core.min.js.map" server="ntc6-p2stl.ezhostingserver.com/wwwroot/" local="132034609925759471" remote="132034742400000000" Dst="2" />
<file name="angular.min.js" server="ftp.gregorysblog.org/wwwroot/" local="132046799910431359" remote="132047068800000000" Dst="2" />
<file name="jquery.min.js" server="ftp.gregorysblog.org/wwwroot/" local="132046799910591294" remote="132047071800000000" Dst="2" />
<file name="kendo.angular.min.js" server="ftp.gregorysblog.org/wwwroot/" local="132046799910821442" remote="132047071800000000" Dst="2" />
<file name="jquery.min.map" server="ftp.gregorysblog.org/wwwroot/" local="132046799910681319" remote="132047071800000000" Dst="2" />
<file name="kendo.autocomplete.min.js.map" server="ftp.gregorysblog.org/wwwroot/" local="132046799911261448" remote="132047071800000000" Dst="2" />
<file name="kendo.autocomplete.min.js" server="ftp.gregorysblog.org/wwwroot/" local="132046799911181432" remote="132047071800000000" Dst="2" />
<file name="kendo.angular.min.js.map" server="ftp.gregorysblog.org/wwwroot/" local="132046799911061408" remote="132047071800000000" Dst="2" />
<file name="kendo.binder.min.js" server="ftp.gregorysblog.org/wwwroot/" local="132046799911371566" remote="132047071800000000" Dst="2" />
<file name="kendo.button.min.js" server="ftp.gregorysblog.org/wwwroot/" local="132046799911571518" remote="132047071800000000" Dst="2" />
<file name="kendo.binder.min.js.map" server="ftp.gregorysblog.org/wwwroot/" local="132046799911461491" remote="132047071800000000" Dst="2" />
<file name="kendo.button.min.js.map" server="ftp.gregorysblog.org/wwwroot/" local="132046799911641535" remote="132047071800000000" Dst="2" />
<file name="kendo.calendar.min.js" server="ftp.gregorysblog.org/wwwroot/" local="132046799911761652" remote="132047071800000000" Dst="2" />
<file name="kendo.color.min.js" server="ftp.gregorysblog.org/wwwroot/" local="132046799911951599" remote="132047071800000000" Dst="2" />
<file name="kendo.color.min.js.map" server="ftp.gregorysblog.org/wwwroot/" local="132046799912021621" remote="132047071800000000" Dst="2" />
<file name="kendo.calendar.min.js.map" server="ftp.gregorysblog.org/wwwroot/" local="132046799911841581" remote="132047071800000000" Dst="2" />
<file name="kendo.colorpicker.min.js" server="ftp.gregorysblog.org/wwwroot/" local="132046799912141648" remote="132047071800000000" Dst="2" />
<file name="kendo.colorpicker.min.js.map" server="ftp.gregorysblog.org/wwwroot/" local="132046799912211661" remote="132047071800000000" Dst="2" />
<file name="kendo.combobox.min.js" server="ftp.gregorysblog.org/wwwroot/" local="132046799912331709" remote="132047071800000000" Dst="2" />
<file name="kendo.combobox.min.js.map" server="ftp.gregorysblog.org/wwwroot/" local="132046799912411719" remote="132047071800000000" Dst="2" />
<file name="kendo.core.min.js" server="ftp.gregorysblog.org/wwwroot/" local="132046799912561746" remote="132047071800000000" Dst="2" />
<file name="kendo.data.min.js" server="ftp.gregorysblog.org/wwwroot/" local="132046799912791887" remote="132047071800000000" Dst="2" />
<file name="kendo.core.min.js.map" server="ftp.gregorysblog.org/wwwroot/" local="132046799912651855" remote="132047071800000000" Dst="2" />
<file name="kendo.data.odata.min.js" server="ftp.gregorysblog.org/wwwroot/" local="132046799913001936" remote="132047071800000000" Dst="2" />
<file name="kendo.data.min.js.map" server="ftp.gregorysblog.org/wwwroot/" local="132046799912891815" remote="132047071800000000" Dst="2" />
<file name="kendo.data.signalr.min.js" server="ftp.gregorysblog.org/wwwroot/" local="132046799913191892" remote="132047071800000000" Dst="2" />
<file name="kendo.data.odata.min.js.map" server="ftp.gregorysblog.org/wwwroot/" local="132046799913081877" remote="132047071800000000" Dst="2" />
<file name="kendo.data.xml.min.js.map" server="ftp.gregorysblog.org/wwwroot/" local="132046799913451939" remote="132047071800000000" Dst="2" />
<file name="kendo.data.signalr.min.js.map" server="ftp.gregorysblog.org/wwwroot/" local="132046799913262002" remote="132047071800000000" Dst="2" />
<file name="kendo.data.xml.min.js" server="ftp.gregorysblog.org/wwwroot/" local="132046799913381935" remote="132047071800000000" Dst="2" />
<file name="kendo.dateinput.min.js.map" server="ftp.gregorysblog.org/wwwroot/" local="132046799913643304" remote="132047071800000000" Dst="2" />
<file name="kendo.dateinput.min.js" server="ftp.gregorysblog.org/wwwroot/" local="132046799913561963" remote="132047071800000000" Dst="2" />
<file name="kendo.datepicker.min.js" server="ftp.gregorysblog.org/wwwroot/" local="132046799913762109" remote="132047071800000000" Dst="2" />
<file name="kendo.datetimepicker.min.js" server="ftp.gregorysblog.org/wwwroot/" local="132046799913962061" remote="132047071800000000" Dst="2" />
<file name="kendo.datepicker.min.js.map" server="ftp.gregorysblog.org/wwwroot/" local="132046799913832119" remote="132047071800000000" Dst="2" />
<file name="kendo.datetimepicker.min.js.map" server="ftp.gregorysblog.org/wwwroot/" local="132046799914044208" remote="132047071800000000" Dst="2" />
<file name="kendo.dialog.min.js" server="ftp.gregorysblog.org/wwwroot/" local="132046799914163568" remote="132047071800000000" Dst="2" />
<file name="kendo.dialog.min.js.map" server="ftp.gregorysblog.org/wwwroot/" local="132046799914242117" remote="132047071800000000" Dst="2" />
<file name="kendo.draganddrop.min.js" server="ftp.gregorysblog.org/wwwroot/" local="132046799914363720" remote="132047071800000000" Dst="2" />
<file name="kendo.draganddrop.min.js.map" server="ftp.gregorysblog.org/wwwroot/" local="132046799914452166" remote="132047071800000000" Dst="2" />
<file name="kendo.dropdownlist.min.js" server="ftp.gregorysblog.org/wwwroot/" local="132046799914582286" remote="132047071800000000" Dst="2" />
<file name="kendo.dropdownlist.min.js.map" server="ftp.gregorysblog.org/wwwroot/" local="132046799914672224" remote="132047071800000000" Dst="2" />
<file name="kendo.editable.min.js" server="ftp.gregorysblog.org/wwwroot/" local="132046799914802265" remote="132047071800000000" Dst="2" />
<file name="kendo.editable.min.js.map" server="ftp.gregorysblog.org/wwwroot/" local="132046799914872276" remote="132047071800000000" Dst="2" />
<file name="kendo.fx.min.js" server="ftp.gregorysblog.org/wwwroot/" local="132046799915022438" remote="132047071800000000" Dst="2" />
<file name="kendo.list.min.js" server="ftp.gregorysblog.org/wwwroot/" local="132046799915242356" remote="132047071800000000" Dst="2" />
<file name="kendo.fx.min.js.map" server="ftp.gregorysblog.org/wwwroot/" local="132046799915112321" remote="132047071800000000" Dst="2" />
<file name="kendo.listbox.min.js" server="ftp.gregorysblog.org/wwwroot/" local="132046799915452535" remote="132047071800000000" Dst="2" />
<file name="kendo.list.min.js.map" server="ftp.gregorysblog.org/wwwroot/" local="132046799915332369" remote="132047071800000000" Dst="2" />
<file name="kendo.listbox.min.js.map" server="ftp.gregorysblog.org/wwwroot/" local="132046799915532551" remote="132047071800000000" Dst="2" />
<file name="kendo.listview.min.js" server="ftp.gregorysblog.org/wwwroot/" local="132046799915662439" remote="132047071800000000" Dst="2" />
<file name="kendo.listview.min.js.map" server="ftp.gregorysblog.org/wwwroot/" local="132046799915742461" remote="132047071800000000" Dst="2" />
<file name="kendo.maskedtextbox.min.js" server="ftp.gregorysblog.org/wwwroot/" local="132046799915862578" remote="132047071800000000" Dst="2" />
<file name="kendo.maskedtextbox.min.js.map" server="ftp.gregorysblog.org/wwwroot/" local="132046799915932498" remote="132047071800000000" Dst="2" />
<file name="kendo.menu.min.js" server="ftp.gregorysblog.org/wwwroot/" local="132046799916082675" remote="132047071800000000" Dst="2" />
<file name="kendo.mobile.actionsheet.min.js" server="ftp.gregorysblog.org/wwwroot/" local="132046799917112895" remote="132047071800000000" Dst="2" />
<file name="kendo.mobile.actionsheet.min.js.map" server="ftp.gregorysblog.org/wwwroot/" local="132046799917182782" remote="132047071800000000" Dst="2" />
<file name="kendo.mobile.application.min.js" server="ftp.gregorysblog.org/wwwroot/" local="132046799917322893" remote="132047071800000000" Dst="2" />
<file name="kendo.menu.min.js.map" server="ftp.gregorysblog.org/wwwroot/" local="132046799916172564" remote="132047071800000000" Dst="2" />
<file name="kendo.mobile.button.min.js" server="ftp.gregorysblog.org/wwwroot/" local="132046799917502843" remote="132047071800000000" Dst="2" />
<file name="kendo.mobile.button.min.js.map" server="ftp.gregorysblog.org/wwwroot/" local="132046799917582856" remote="132047071800000000" Dst="2" />
<file name="kendo.mobile.application.min.js.map" server="ftp.gregorysblog.org/wwwroot/" local="132046799917392909" remote="132047071800000000" Dst="2" />
<file name="kendo.mobile.buttongroup.min.js" server="ftp.gregorysblog.org/wwwroot/" local="132046799917692976" remote="132047071800000000" Dst="2" />
<file name="kendo.mobile.buttongroup.min.js.map" server="ftp.gregorysblog.org/wwwroot/" local="132046799917762923" remote="132047071800000000" Dst="2" />
<file name="kendo.mobile.collapsible.min.js" server="ftp.gregorysblog.org/wwwroot/" local="132046799917883020" remote="132047071800000000" Dst="2" />
<file name="kendo.mobile.collapsible.min.js.map" server="ftp.gregorysblog.org/wwwroot/" local="132046799917953033" remote="132047071800000000" Dst="2" />
<file name="kendo.mobile.drawer.min.js" server="ftp.gregorysblog.org/wwwroot/" local="132046799918072975" remote="132047071800000000" Dst="2" />
<file name="kendo.mobile.drawer.min.js.map" server="ftp.gregorysblog.org/wwwroot/" local="132046799918152985" remote="132047071800000000" Dst="2" />
<file name="kendo.mobile.listview.min.js" server="ftp.gregorysblog.org/wwwroot/" local="132046799918263103" remote="132047071800000000" Dst="2" />
<file name="kendo.mobile.listview.min.js.map" server="ftp.gregorysblog.org/wwwroot/" local="132046799918343122" remote="132047071800000000" Dst="2" />
<file name="kendo.mobile.loader.min.js" server="ftp.gregorysblog.org/wwwroot/" local="132046799918453146" remote="132047071800000000" Dst="2" />
<file name="kendo.mobile.loader.min.js.map" server="ftp.gregorysblog.org/wwwroot/" local="132046799918533072" remote="132047071800000000" Dst="2" />
<file name="kendo.mobile.modalview.min.js" server="ftp.gregorysblog.org/wwwroot/" local="132046799918653096" remote="132047071800000000" Dst="2" />
<file name="kendo.mobile.modalview.min.js.map" server="ftp.gregorysblog.org/wwwroot/" local="132046799918723208" remote="132047071800000000" Dst="2" />
<file name="kendo.mobile.navbar.min.js" server="ftp.gregorysblog.org/wwwroot/" local="132046799918833151" remote="132047071800000000" Dst="2" />
<file name="kendo.mobile.navbar.min.js.map" server="ftp.gregorysblog.org/wwwroot/" local="132046799918903152" remote="132047071800000000" Dst="2" />
<file name="kendo.mobile.pane.min.js" server="ftp.gregorysblog.org/wwwroot/" local="132046799919053281" remote="132047071800000000" Dst="2" />
<file name="kendo.mobile.pane.min.js.map" server="ftp.gregorysblog.org/wwwroot/" local="132046799919143218" remote="132047071800000000" Dst="2" />
<file name="kendo.mobile.popover.min.js" server="ftp.gregorysblog.org/wwwroot/" local="132046799919283384" remote="132047071800000000" Dst="2" />
<file name="kendo.mobile.popover.min.js.map" server="ftp.gregorysblog.org/wwwroot/" local="132046799919363270" remote="132047071800000000" Dst="2" />
<file name="kendo.mobile.scroller.min.js" server="ftp.gregorysblog.org/wwwroot/" local="132046799919514720" remote="132047071800000000" Dst="2" />
<file name="kendo.mobile.scrollview.min.js" server="ftp.gregorysblog.org/wwwroot/" local="132046799919733342" remote="132047071800000000" Dst="2" />
<file name="kendo.mobile.scrollview.min.js.map" server="ftp.gregorysblog.org/wwwroot/" local="132046799919813364" remote="132047071800000000" Dst="2" />
<file name="kendo.mobile.scroller.min.js.map" server="ftp.gregorysblog.org/wwwroot/" local="132046799919593336" remote="132047071800000000" Dst="2" />
<file name="kendo.mobile.shim.min.js" server="ftp.gregorysblog.org/wwwroot/" local="132046799919953484" remote="132047071800000000" Dst="2" />
<file name="kendo.mobile.shim.min.js.map" server="ftp.gregorysblog.org/wwwroot/" local="132046799920043421" remote="132047071800000000" Dst="2" />
<file name="kendo.mobile.splitview.min.js" server="ftp.gregorysblog.org/wwwroot/" local="132046799920173445" remote="132047071800000000" Dst="2" />
<file name="kendo.mobile.splitview.min.js.map" server="ftp.gregorysblog.org/wwwroot/" local="132046799920253461" remote="132047071800000000" Dst="2" />
<file name="kendo.mobile.switch.min.js" server="ftp.gregorysblog.org/wwwroot/" local="132046799920373596" remote="132047071800000000" Dst="2" />
<file name="kendo.mobile.switch.min.js.map" server="ftp.gregorysblog.org/wwwroot/" local="132046799920453506" remote="132047071800000000" Dst="2" />
<file name="kendo.mobile.tabstrip.min.js" server="ftp.gregorysblog.org/wwwroot/" local="132046799920573540" remote="132047071800000000" Dst="2" />
<file name="kendo.mobile.tabstrip.min.js.map" server="ftp.gregorysblog.org/wwwroot/" local="132046799920663564" remote="132047071800000000" Dst="2" />
<file name="kendo.mobile.view.min.js" server="ftp.gregorysblog.org/wwwroot/" local="132046799920783591" remote="132047071800000000" Dst="2" />
<file name="kendo.mobile.view.min.js.map" server="ftp.gregorysblog.org/wwwroot/" local="132046799920863692" remote="132047071800000000" Dst="2" />
<file name="kendo.multiselect.min.js" server="ftp.gregorysblog.org/wwwroot/" local="132046799920983625" remote="132047071800000000" Dst="2" />
<file name="kendo.notification.min.js" server="ftp.gregorysblog.org/wwwroot/" local="132046799921183665" remote="132047071800000000" Dst="2" />
<file name="kendo.multiselect.min.js.map" server="ftp.gregorysblog.org/wwwroot/" local="132046799921063638" remote="132047071800000000" Dst="2" />
<file name="kendo.notification.min.js.map" server="ftp.gregorysblog.org/wwwroot/" local="132046799921253684" remote="132047071800000000" Dst="2" />
<file name="kendo.numerictextbox.min.js.map" server="ftp.gregorysblog.org/wwwroot/" local="132046799921453727" remote="132047071800000000" Dst="2" />
<file name="kendo.numerictextbox.min.js" server="ftp.gregorysblog.org/wwwroot/" local="132046799921373720" remote="132047071800000000" Dst="2" />
<file name="kendo.pager.min.js" server="ftp.gregorysblog.org/wwwroot/" local="132046799921563848" remote="132047071800000000" Dst="2" />
<file name="kendo.panelbar.min.js" server="ftp.gregorysblog.org/wwwroot/" local="132046799921763891" remote="132047071800000000" Dst="2" />
<file name="kendo.pager.min.js.map" server="ftp.gregorysblog.org/wwwroot/" local="132046799921643774" remote="132047071800000000" Dst="2" />
<file name="kendo.popup.min.js" server="ftp.gregorysblog.org/wwwroot/" local="132046799921953934" remote="132047071800000000" Dst="2" />
<file name="kendo.panelbar.min.js.map" server="ftp.gregorysblog.org/wwwroot/" local="132046799921843820" remote="132047071800000000" Dst="2" />
<file name="kendo.popup.min.js.map" server="ftp.gregorysblog.org/wwwroot/" local="132046799922033857" remote="132047071800000000" Dst="2" />
<file name="kendo.progressbar.min.js" server="ftp.gregorysblog.org/wwwroot/" local="132046799922153884" remote="132047071800000000" Dst="2" />
<file name="kendo.progressbar.min.js.map" server="ftp.gregorysblog.org/wwwroot/" local="132046799922233903" remote="132047071800000000" Dst="2" />
<file name="kendo.resizable.min.js" server="ftp.gregorysblog.org/wwwroot/" local="132046799922343936" remote="132047071800000000" Dst="2" />
<file name="kendo.responsivepanel.min.js" server="ftp.gregorysblog.org/wwwroot/" local="132046799922543976" remote="132047071800000000" Dst="2" />
<file name="kendo.resizable.min.js.map" server="ftp.gregorysblog.org/wwwroot/" local="132046799922423952" remote="132047071800000000" Dst="2" />
<file name="kendo.responsivepanel.min.js.map" server="ftp.gregorysblog.org/wwwroot/" local="132046799922623992" remote="132047071800000000" Dst="2" />
<file name="kendo.router.min.js" server="ftp.gregorysblog.org/wwwroot/" local="132046799922734161" remote="132047071800000000" Dst="2" />
<file name="kendo.router.min.js.map" server="ftp.gregorysblog.org/wwwroot/" local="132046799922824053" remote="132047071800000000" Dst="2" />
<file name="kendo.selectable.min.js" server="ftp.gregorysblog.org/wwwroot/" local="132046799922954210" remote="132047071800000000" Dst="2" />
<file name="kendo.selectable.min.js.map" server="ftp.gregorysblog.org/wwwroot/" local="132046799923034204" remote="132047071800000000" Dst="2" />
<file name="kendo.slider.min.js" server="ftp.gregorysblog.org/wwwroot/" local="132046799923174122" remote="132047071800000000" Dst="2" />
<file name="kendo.sortable.min.js" server="ftp.gregorysblog.org/wwwroot/" local="132046799923374304" remote="132047071800000000" Dst="2" />
<file name="kendo.slider.min.js.map" server="ftp.gregorysblog.org/wwwroot/" local="132046799923254144" remote="132047071800000000" Dst="2" />
<file name="kendo.sortable.min.js.map" server="ftp.gregorysblog.org/wwwroot/" local="132046799923454187" remote="132047071800000000" Dst="2" />
<file name="kendo.splitter.min.js" server="ftp.gregorysblog.org/wwwroot/" local="132046799923574350" remote="132047071800000000" Dst="2" />
<file name="kendo.splitter.min.js.map" server="ftp.gregorysblog.org/wwwroot/" local="132046799923654218" remote="132047071800000000" Dst="2" />
<file name="kendo.tabstrip.min.js" server="ftp.gregorysblog.org/wwwroot/" local="132046799923784347" remote="132047071800000000" Dst="2" />
<file name="kendo.tabstrip.min.js.map" server="ftp.gregorysblog.org/wwwroot/" local="132046799923864279" remote="132047071800000000" Dst="2" />
<file name="kendo.timepicker.min.js" server="ftp.gregorysblog.org/wwwroot/" local="132046799923984393" remote="132047071800000000" Dst="2" />
<file name="kendo.timepicker.min.js.map" server="ftp.gregorysblog.org/wwwroot/" local="132046799924074331" remote="132047071800000000" Dst="2" />
<file name="kendo.toolbar.min.js" server="ftp.gregorysblog.org/wwwroot/" local="132046799925294588" remote="132047071800000000" Dst="2" />
<file name="kendo.timezones.min.js" server="ftp.gregorysblog.org/wwwroot/" local="132046799925044619" remote="132047071800000000" Dst="2" />
<file name="kendo.tooltip.min.js" server="ftp.gregorysblog.org/wwwroot/" local="132046799925494634" remote="132047071800000000" Dst="2" />
<file name="kendo.toolbar.min.js.map" server="ftp.gregorysblog.org/wwwroot/" local="132046799925384610" remote="132047071800000000" Dst="2" />
<file name="kendo.tooltip.min.js.map" server="ftp.gregorysblog.org/wwwroot/" local="132046799925574656" remote="132047071800000000" Dst="2" />
<file name="kendo.touch.min.js" server="ftp.gregorysblog.org/wwwroot/" local="132046799925694695" remote="132047071800000000" Dst="2" />
<file name="kendo.touch.min.js.map" server="ftp.gregorysblog.org/wwwroot/" local="132046799925764793" remote="132047071800000000" Dst="2" />
<file name="kendo.timezones.min.js.map" server="ftp.gregorysblog.org/wwwroot/" local="132046799925174648" remote="132047071800000000" Dst="2" />
<file name="kendo.userevents.min.js" server="ftp.gregorysblog.org/wwwroot/" local="132046799926476720" remote="132047071800000000" Dst="2" />
<file name="kendo.userevents.min.js.map" server="ftp.gregorysblog.org/wwwroot/" local="132046799926554877" remote="132047071800000000" Dst="2" />
<file name="kendo.validator.min.js" server="ftp.gregorysblog.org/wwwroot/" local="132046799926675001" remote="132047071800000000" Dst="2" />
<file name="kendo.ui.core.min.js" server="ftp.gregorysblog.org/wwwroot/" local="132046799925994759" remote="132047071800000000" Dst="2" />
<file name="kendo.validator.min.js.map" server="ftp.gregorysblog.org/wwwroot/" local="132046799926754926" remote="132047071800000000" Dst="2" />
<file name="kendo.view.min.js" server="ftp.gregorysblog.org/wwwroot/" local="132046799926874953" remote="132047071800000000" Dst="2" />
<file name="kendo.view.min.js.map" server="ftp.gregorysblog.org/wwwroot/" local="132046799926955060" remote="132047071800000000" Dst="2" />
<file name="kendo.virtuallist.min.js" server="ftp.gregorysblog.org/wwwroot/" local="132046799927085011" remote="132047071800000000" Dst="2" />
<file name="kendo.window.min.js" server="ftp.gregorysblog.org/wwwroot/" local="132046799927295048" remote="132047071800000000" Dst="2" />
<file name="kendo.virtuallist.min.js.map" server="ftp.gregorysblog.org/wwwroot/" local="132046799927175021" remote="132047071800000000" Dst="2" />
<file name="kendo.window.min.js.map" server="ftp.gregorysblog.org/wwwroot/" local="132046799927385061" remote="132047071800000000" Dst="2" />
<file name="kendo.ui.core.min.js.map" server="ftp.gregorysblog.org/wwwroot/" local="132046799926354837" remote="132047071800000000" Dst="2" />
</dwsync>