<?xml version="1.0" encoding="utf-8" ?>
<dwsync>
<file name="actionsheet.less" server="gregoryalexander.com/wwwroot/" local="132034609726824179" remote="132034690800000000" Dst="2" />
<file name="after.less" server="gregoryalexander.com/wwwroot/" local="132034609726144027" remote="132034690800000000" Dst="2" />
<file name="base.less" server="gregoryalexander.com/wwwroot/" local="132034609726754160" remote="132034690800000000" Dst="2" />
<file name="button.less" server="gregoryalexander.com/wwwroot/" local="132034609727114347" remote="132034690800000000" Dst="2" />
<file name="all.less" server="gregoryalexander.com/wwwroot/" local="132034609727044228" remote="132034690800000000" Dst="2" />
<file name="buttongroup.less" server="gregoryalexander.com/wwwroot/" local="132034609726904202" remote="132034690800000000" Dst="2" />
<file name="collapsible.less" server="gregoryalexander.com/wwwroot/" local="132034609727194279" remote="132034690800000000" Dst="2" />
<file name="drawer.less" server="gregoryalexander.com/wwwroot/" local="132034609727324387" remote="132034690800000000" Dst="2" />
<file name="forms.less" server="gregoryalexander.com/wwwroot/" local="132034609726604130" remote="132034690800000000" Dst="2" />
<file name="icons.less" server="gregoryalexander.com/wwwroot/" local="132034609726224046" remote="132034690800000000" Dst="2" />
<file name="listview.less" server="gregoryalexander.com/wwwroot/" local="132034609725933978" remote="132034690800000000" Dst="2" />
<file name="mixins.css" server="gregoryalexander.com/wwwroot/" local="132034610055158743" remote="132034690800000000" Dst="2" />
<file name="mixins.less" server="gregoryalexander.com/wwwroot/" local="132034609726294066" remote="132034690800000000" Dst="2" />
<file name="modalview.less" server="gregoryalexander.com/wwwroot/" local="132034609725784036" remote="132034690800000000" Dst="2" />
<file name="popover.less" server="gregoryalexander.com/wwwroot/" local="132034609726444098" remote="132034690800000000" Dst="2" />
<file name="navbar.less" server="gregoryalexander.com/wwwroot/" local="132034609726004088" remote="132034690800000000" Dst="2" />
<file name="scroller.less" server="gregoryalexander.com/wwwroot/" local="132034609726364076" remote="132034690800000000" Dst="2" />
<file name="scrollview.less" server="gregoryalexander.com/wwwroot/" local="132034609727264280" remote="132034690800000000" Dst="2" />
<file name="splitview.less" server="gregoryalexander.com/wwwroot/" local="132034609726674144" remote="132034690800000000" Dst="2" />
<file name="switch.less" server="gregoryalexander.com/wwwroot/" local="132034609726074014" remote="132034690800000000" Dst="2" />
<file name="tabstrip.less" server="gregoryalexander.com/wwwroot/" local="132034609726974218" remote="132034690800000000" Dst="2" />
<file name="toolbar.less" server="gregoryalexander.com/wwwroot/" local="132034609726524111" remote="132034690800000000" Dst="2" />
<file name="workarounds.less" server="gregoryalexander.com/wwwroot/" local="132034609725863965" remote="132034690800000000" Dst="2" />
<file name="actionsheet.less" server="ntc6-p2stl.ezhostingserver.com/wwwroot/" local="132034609726824179" remote="132034744200000000" Dst="2" />
<file name="after.less" server="ntc6-p2stl.ezhostingserver.com/wwwroot/" local="132034609726144027" remote="132034744200000000" Dst="2" />
<file name="base.less" server="ntc6-p2stl.ezhostingserver.com/wwwroot/" local="132034609726754160" remote="132034744200000000" Dst="2" />
<file name="all.less" server="ntc6-p2stl.ezhostingserver.com/wwwroot/" local="132034609727044228" remote="132034744200000000" Dst="2" />
<file name="buttongroup.less" server="ntc6-p2stl.ezhostingserver.com/wwwroot/" local="132034609726904202" remote="132034744200000000" Dst="2" />
<file name="collapsible.less" server="ntc6-p2stl.ezhostingserver.com/wwwroot/" local="132034609727194279" remote="132034744200000000" Dst="2" />
<file name="button.less" server="ntc6-p2stl.ezhostingserver.com/wwwroot/" local="132034609727114347" remote="132034744200000000" Dst="2" />
<file name="drawer.less" server="ntc6-p2stl.ezhostingserver.com/wwwroot/" local="132034609727324387" remote="132034744200000000" Dst="2" />
<file name="forms.less" server="ntc6-p2stl.ezhostingserver.com/wwwroot/" local="132034609726604130" remote="132034744200000000" Dst="2" />
<file name="icons.less" server="ntc6-p2stl.ezhostingserver.com/wwwroot/" local="132034609726224046" remote="132034744200000000" Dst="2" />
<file name="listview.less" server="ntc6-p2stl.ezhostingserver.com/wwwroot/" local="132034609725933978" remote="132034744200000000" Dst="2" />
<file name="mixins.less" server="ntc6-p2stl.ezhostingserver.com/wwwroot/" local="132034609726294066" remote="132034744200000000" Dst="2" />
<file name="mixins.css" server="ntc6-p2stl.ezhostingserver.com/wwwroot/" local="132034610055158743" remote="132034744200000000" Dst="2" />
<file name="modalview.less" server="ntc6-p2stl.ezhostingserver.com/wwwroot/" local="132034609725784036" remote="132034744200000000" Dst="2" />
<file name="popover.less" server="ntc6-p2stl.ezhostingserver.com/wwwroot/" local="132034609726444098" remote="132034744200000000" Dst="2" />
<file name="navbar.less" server="ntc6-p2stl.ezhostingserver.com/wwwroot/" local="132034609726004088" remote="132034744200000000" Dst="2" />
<file name="scroller.less" server="ntc6-p2stl.ezhostingserver.com/wwwroot/" local="132034609726364076" remote="132034744200000000" Dst="2" />
<file name="scrollview.less" server="ntc6-p2stl.ezhostingserver.com/wwwroot/" local="132034609727264280" remote="132034744200000000" Dst="2" />
<file name="splitview.less" server="ntc6-p2stl.ezhostingserver.com/wwwroot/" local="132034609726674144" remote="132034744200000000" Dst="2" />
<file name="switch.less" server="ntc6-p2stl.ezhostingserver.com/wwwroot/" local="132034609726074014" remote="132034744200000000" Dst="2" />
<file name="tabstrip.less" server="ntc6-p2stl.ezhostingserver.com/wwwroot/" local="132034609726974218" remote="132034744200000000" Dst="2" />
<file name="toolbar.less" server="ntc6-p2stl.ezhostingserver.com/wwwroot/" local="132034609726524111" remote="132034744200000000" Dst="2" />
<file name="workarounds.less" server="ntc6-p2stl.ezhostingserver.com/wwwroot/" local="132034609725863965" remote="132034744200000000" Dst="2" />
<file name="actionsheet.less" server="ftp.gregorysblog.org/wwwroot/" local="132046800284561466" remote="132047074200000000" Dst="2" />
<file name="after.less" server="ftp.gregorysblog.org/wwwroot/" local="132046800284641518" remote="132047074200000000" Dst="2" />
<file name="all.less" server="ftp.gregorysblog.org/wwwroot/" local="132046800284741507" remote="132047074200000000" Dst="2" />
<file name="base.less" server="ftp.gregorysblog.org/wwwroot/" local="132046800284822298" remote="132047074200000000" Dst="2" />
<file name="button.less" server="ftp.gregorysblog.org/wwwroot/" local="132046800284901545" remote="132047074200000000" Dst="2" />
<file name="buttongroup.less" server="ftp.gregorysblog.org/wwwroot/" local="132046800284971564" remote="132047074200000000" Dst="2" />
<file name="collapsible.less" server="ftp.gregorysblog.org/wwwroot/" local="132046800285051577" remote="132047074200000000" Dst="2" />
<file name="drawer.less" server="ftp.gregorysblog.org/wwwroot/" local="132046800285121693" remote="132047074200000000" Dst="2" />
<file name="forms.less" server="ftp.gregorysblog.org/wwwroot/" local="132046800285191703" remote="132047074200000000" Dst="2" />
<file name="icons.less" server="ftp.gregorysblog.org/wwwroot/" local="132046800285271628" remote="132047074200000000" Dst="2" />
<file name="listview.less" server="ftp.gregorysblog.org/wwwroot/" local="132046800285341666" remote="132047074200000000" Dst="2" />
<file name="mixins.css" server="ftp.gregorysblog.org/wwwroot/" local="132046800285433278" remote="132047074200000000" Dst="2" />
<file name="mixins.less" server="ftp.gregorysblog.org/wwwroot/" local="132046800285511694" remote="132047074200000000" Dst="2" />
<file name="navbar.less" server="ftp.gregorysblog.org/wwwroot/" local="132046800285653604" remote="132047074200000000" Dst="2" />
<file name="modalview.less" server="ftp.gregorysblog.org/wwwroot/" local="132046800285581789" remote="132047074200000000" Dst="2" />
<file name="popover.less" server="ftp.gregorysblog.org/wwwroot/" local="132046800285731752" remote="132047074200000000" Dst="2" />
<file name="scrollview.less" server="ftp.gregorysblog.org/wwwroot/" local="132046800285891772" remote="132047074200000000" Dst="2" />
<file name="scroller.less" server="ftp.gregorysblog.org/wwwroot/" local="132046800285801747" remote="132047074200000000" Dst="2" />
<file name="splitview.less" server="ftp.gregorysblog.org/wwwroot/" local="132046800285961791" remote="132047074200000000" Dst="2" />
<file name="switch.less" server="ftp.gregorysblog.org/wwwroot/" local="132046800286031940" remote="132047074200000000" Dst="2" />
<file name="tabstrip.less" server="ftp.gregorysblog.org/wwwroot/" local="132046800286111820" remote="132047074200000000" Dst="2" />
<file name="toolbar.less" server="ftp.gregorysblog.org/wwwroot/" local="132046800286181840" remote="132047074200000000" Dst="2" />
<file name="workarounds.less" server="ftp.gregorysblog.org/wwwroot/" local="132046800286262025" remote="132047074200000000" Dst="2" />
</dwsync>