<?xml version="1.0" encoding="utf-8" ?>
<dwsync>
<file name="actionsheet.less" server="gregoryalexander.com/wwwroot/" local="132034609732235414" remote="132034690800000000" Dst="2" />
<file name="all.less" server="gregoryalexander.com/wwwroot/" local="132034609732005359" remote="132034690800000000" Dst="2" />
<file name="base.less" server="gregoryalexander.com/wwwroot/" local="132034609732825541" remote="132034690800000000" Dst="2" />
<file name="button.less" server="gregoryalexander.com/wwwroot/" local="132034609732535503" remote="132034690800000000" Dst="2" />
<file name="buttongroup.less" server="gregoryalexander.com/wwwroot/" local="132034609732305430" remote="132034690800000000" Dst="2" />
<file name="forms.less" server="gregoryalexander.com/wwwroot/" local="132034609732905567" remote="132034690800000000" Dst="2" />
<file name="drawer.less" server="gregoryalexander.com/wwwroot/" local="132034609732685509" remote="132034690800000000" Dst="2" />
<file name="listview.less" server="gregoryalexander.com/wwwroot/" local="132034609731625338" remote="132034690800000000" Dst="2" />
<file name="modalview.less" server="gregoryalexander.com/wwwroot/" local="132034609732085385" remote="132034690800000000" Dst="2" />
<file name="listview.css" server="gregoryalexander.com/wwwroot/" local="132034610376511749" remote="132034690800000000" Dst="2" />
<file name="navbar.less" server="gregoryalexander.com/wwwroot/" local="132034609732155392" remote="132034690800000000" Dst="2" />
<file name="popover.css" server="gregoryalexander.com/wwwroot/" local="132034610376451826" remote="132034690800000000" Dst="2" />
<file name="scroller.less" server="gregoryalexander.com/wwwroot/" local="132034609732375586" remote="132034690800000000" Dst="2" />
<file name="popover.less" server="gregoryalexander.com/wwwroot/" local="132034609731855330" remote="132034690800000000" Dst="2" />
<file name="scrollview.less" server="gregoryalexander.com/wwwroot/" local="132034609732455466" remote="132034690800000000" Dst="2" />
<file name="splitview.less" server="gregoryalexander.com/wwwroot/" local="132034609732615498" remote="132034690800000000" Dst="2" />
<file name="switch.css" server="gregoryalexander.com/wwwroot/" local="132034610376351801" remote="132034690800000000" Dst="2" />
<file name="switch.less" server="gregoryalexander.com/wwwroot/" local="132034609731705294" remote="132034690800000000" Dst="2" />
<file name="tabstrip.less" server="gregoryalexander.com/wwwroot/" local="132034609732755628" remote="132034690800000000" Dst="2" />
<file name="template.less" server="gregoryalexander.com/wwwroot/" local="132034609731775311" remote="132034690800000000" Dst="2" />
<file name="toolbar.less" server="gregoryalexander.com/wwwroot/" local="132034609731935491" remote="132034690800000000" Dst="2" />
<file name="toolbar.css" server="gregoryalexander.com/wwwroot/" local="132034610376581765" remote="132034690800000000" Dst="2" />
<file name="actionsheet.less" server="ntc6-p2stl.ezhostingserver.com/wwwroot/" local="132034609732235414" remote="132034744200000000" Dst="2" />
<file name="all.less" server="ntc6-p2stl.ezhostingserver.com/wwwroot/" local="132034609732005359" remote="132034744200000000" Dst="2" />
<file name="button.less" server="ntc6-p2stl.ezhostingserver.com/wwwroot/" local="132034609732535503" remote="132034744200000000" Dst="2" />
<file name="base.less" server="ntc6-p2stl.ezhostingserver.com/wwwroot/" local="132034609732825541" remote="132034744200000000" Dst="2" />
<file name="buttongroup.less" server="ntc6-p2stl.ezhostingserver.com/wwwroot/" local="132034609732305430" remote="132034744200000000" Dst="2" />
<file name="drawer.less" server="ntc6-p2stl.ezhostingserver.com/wwwroot/" local="132034609732685509" remote="132034744200000000" Dst="2" />
<file name="forms.less" server="ntc6-p2stl.ezhostingserver.com/wwwroot/" local="132034609732905567" remote="132034744200000000" Dst="2" />
<file name="listview.less" server="ntc6-p2stl.ezhostingserver.com/wwwroot/" local="132034609731625338" remote="132034744200000000" Dst="2" />
<file name="modalview.less" server="ntc6-p2stl.ezhostingserver.com/wwwroot/" local="132034609732085385" remote="132034744200000000" Dst="2" />
<file name="navbar.less" server="ntc6-p2stl.ezhostingserver.com/wwwroot/" local="132034609732155392" remote="132034744200000000" Dst="2" />
<file name="listview.css" server="ntc6-p2stl.ezhostingserver.com/wwwroot/" local="132034610376511749" remote="132034744200000000" Dst="2" />
<file name="popover.css" server="ntc6-p2stl.ezhostingserver.com/wwwroot/" local="132034610376451826" remote="132034744200000000" Dst="2" />
<file name="popover.less" server="ntc6-p2stl.ezhostingserver.com/wwwroot/" local="132034609731855330" remote="132034744200000000" Dst="2" />
<file name="scroller.less" server="ntc6-p2stl.ezhostingserver.com/wwwroot/" local="132034609732375586" remote="132034744200000000" Dst="2" />
<file name="scrollview.less" server="ntc6-p2stl.ezhostingserver.com/wwwroot/" local="132034609732455466" remote="132034744200000000" Dst="2" />
<file name="splitview.less" server="ntc6-p2stl.ezhostingserver.com/wwwroot/" local="132034609732615498" remote="132034744200000000" Dst="2" />
<file name="switch.less" server="ntc6-p2stl.ezhostingserver.com/wwwroot/" local="132034609731705294" remote="132034744200000000" Dst="2" />
<file name="tabstrip.less" server="ntc6-p2stl.ezhostingserver.com/wwwroot/" local="132034609732755628" remote="132034744200000000" Dst="2" />
<file name="switch.css" server="ntc6-p2stl.ezhostingserver.com/wwwroot/" local="132034610376351801" remote="132034744200000000" Dst="2" />
<file name="template.less" server="ntc6-p2stl.ezhostingserver.com/wwwroot/" local="132034609731775311" remote="132034744200000000" Dst="2" />
<file name="toolbar.css" server="ntc6-p2stl.ezhostingserver.com/wwwroot/" local="132034610376581765" remote="132034744200000000" Dst="2" />
<file name="toolbar.less" server="ntc6-p2stl.ezhostingserver.com/wwwroot/" local="132034609731935491" remote="132034744200000000" Dst="2" />
<file name="actionsheet.less" server="ftp.gregorysblog.org/wwwroot/" local="132046800289872668" remote="132047074200000000" Dst="2" />
<file name="base.less" server="ftp.gregorysblog.org/wwwroot/" local="132046800290032715" remote="132047074200000000" Dst="2" />
<file name="all.less" server="ftp.gregorysblog.org/wwwroot/" local="132046800289942690" remote="132047074200000000" Dst="2" />
<file name="button.less" server="ftp.gregorysblog.org/wwwroot/" local="132046800290112719" remote="132047074200000000" Dst="2" />
<file name="buttongroup.less" server="ftp.gregorysblog.org/wwwroot/" local="132046800290182826" remote="132047074200000000" Dst="2" />
<file name="drawer.less" server="ftp.gregorysblog.org/wwwroot/" local="132046800290252757" remote="132047074200000000" Dst="2" />
<file name="forms.less" server="ftp.gregorysblog.org/wwwroot/" local="132046800290332770" remote="132047074200000000" Dst="2" />
<file name="listview.less" server="ftp.gregorysblog.org/wwwroot/" local="132046800290512808" remote="132047074200000000" Dst="2" />
<file name="listview.css" server="ftp.gregorysblog.org/wwwroot/" local="132046800290432789" remote="132047074200000000" Dst="2" />
<file name="navbar.less" server="ftp.gregorysblog.org/wwwroot/" local="132046800290662840" remote="132047074200000000" Dst="2" />
<file name="modalview.less" server="ftp.gregorysblog.org/wwwroot/" local="132046800290582830" remote="132047074200000000" Dst="2" />
<file name="popover.less" server="ftp.gregorysblog.org/wwwroot/" local="132046800290852889" remote="132047074200000000" Dst="2" />
<file name="scroller.less" server="ftp.gregorysblog.org/wwwroot/" local="132046800290932911" remote="132047074200000000" Dst="2" />
<file name="popover.css" server="ftp.gregorysblog.org/wwwroot/" local="132046800290782870" remote="132047074200000000" Dst="2" />
<file name="splitview.less" server="ftp.gregorysblog.org/wwwroot/" local="132046800291082959" remote="132047074200000000" Dst="2" />
<file name="scrollview.less" server="ftp.gregorysblog.org/wwwroot/" local="132046800291012921" remote="132047074200000000" Dst="2" />
<file name="switch.css" server="ftp.gregorysblog.org/wwwroot/" local="132046800291182968" remote="132047074200000000" Dst="2" />
<file name="switch.less" server="ftp.gregorysblog.org/wwwroot/" local="132046800291272993" remote="132047074200000000" Dst="2" />
<file name="tabstrip.less" server="ftp.gregorysblog.org/wwwroot/" local="132046800291363012" remote="132047074200000000" Dst="2" />
<file name="template.less" server="ftp.gregorysblog.org/wwwroot/" local="132046800291443019" remote="132047074200000000" Dst="2" />
<file name="toolbar.less" server="ftp.gregorysblog.org/wwwroot/" local="132046800291623065" remote="132047074200000000" Dst="2" />
<file name="toolbar.css" server="ftp.gregorysblog.org/wwwroot/" local="132046800291543049" remote="132047074200000000" Dst="2" />
<file name="actionsheet.css" server="ftp.gregorysblog.org/wwwroot/" local="132046800604358225" remote="132047074200000000" Dst="2" />
</dwsync>