<?xml version="1.0" encoding="utf-8" ?>
<dwsync>
<file name="kendoui.ttf" server="gregoryalexander.com/wwwroot/" local="132034609768443636" remote="132034692000000000" Dst="2" />
<file name="kendoui.woff" server="gregoryalexander.com/wwwroot/" local="132034609768073645" remote="132034692000000000" Dst="2" />
<file name="kendoui.svg" server="gregoryalexander.com/wwwroot/" local="132034609768233581" remote="132034692000000000" Dst="2" />
<file name="wp8_inverseicons.png" server="gregoryalexander.com/wwwroot/" local="132034609768333702" remote="132034692000000000" Dst="2" />
<file name="wp8_icons.png" server="gregoryalexander.com/wwwroot/" local="132034609768543661" remote="132034692000000000" Dst="2" />
<file name="kendoui.ttf" server="ntc6-p2stl.ezhostingserver.com/wwwroot/" local="132034609768443636" remote="132034745400000000" Dst="2" />
<file name="kendoui.woff" server="ntc6-p2stl.ezhostingserver.com/wwwroot/" local="132034609768073645" remote="132034745400000000" Dst="2" />
<file name="kendoui.svg" server="ntc6-p2stl.ezhostingserver.com/wwwroot/" local="132034609768233581" remote="132034745400000000" Dst="2" />
<file name="wp8_icons.png" server="ntc6-p2stl.ezhostingserver.com/wwwroot/" local="132034609768543661" remote="132034745400000000" Dst="2" />
<file name="wp8_inverseicons.png" server="ntc6-p2stl.ezhostingserver.com/wwwroot/" local="132034609768333702" remote="132034745400000000" Dst="2" />
<file name="kendoui.ttf" server="ftp.gregorysblog.org/wwwroot/" local="132046800346545415" remote="132047074800000000" Dst="2" />
<file name="kendoui.woff" server="ftp.gregorysblog.org/wwwroot/" local="132046800346625527" remote="132047074800000000" Dst="2" />
<file name="kendoui.svg" server="ftp.gregorysblog.org/wwwroot/" local="132046800346425490" remote="132047074800000000" Dst="2" />
<file name="wp8_icons.png" server="ftp.gregorysblog.org/wwwroot/" local="132046800346745455" remote="132047074800000000" Dst="2" />
<file name="wp8_inverseicons.png" server="ftp.gregorysblog.org/wwwroot/" local="132046800346855482" remote="132047074800000000" Dst="2" />
</dwsync>