<?xml version="1.0" encoding="utf-8" ?>
<dwsync>
<file name="editor.png" server="gregoryalexander.com/wwwroot/" local="132034609780736522" remote="132034691400000000" Dst="2" />
<file name="imagebrowser.png" server="gregoryalexander.com/wwwroot/" local="132034609780626401" remote="132034691400000000" Dst="2" />
<file name="loading-image.gif" server="gregoryalexander.com/wwwroot/" local="132034609781476603" remote="132034691400000000" Dst="2" />
<file name="indeterminate.gif" server="gregoryalexander.com/wwwroot/" local="132034609780946472" remote="132034691400000000" Dst="2" />
<file name="loading.gif" server="gregoryalexander.com/wwwroot/" local="132034609781136612" remote="132034691400000000" Dst="2" />
<file name="loading_2x.gif" server="gregoryalexander.com/wwwroot/" local="132034609781566616" remote="132034691400000000" Dst="2" />
<file name="markers.png" server="gregoryalexander.com/wwwroot/" local="132034609781686644" remote="132034691400000000" Dst="2" />
<file name="markers_2x.png" server="gregoryalexander.com/wwwroot/" local="132034609781256648" remote="132034691400000000" Dst="2" />
<file name="slider-h.gif" server="gregoryalexander.com/wwwroot/" local="132034609780846453" remote="132034691400000000" Dst="2" />
<file name="slider-v.gif" server="gregoryalexander.com/wwwroot/" local="132034609781776759" remote="132034691400000000" Dst="2" />
<file name="sprite.png" server="gregoryalexander.com/wwwroot/" local="132034609780516376" remote="132034691400000000" Dst="2" />
<file name="sprite_2x.png" server="gregoryalexander.com/wwwroot/" local="132034609781376576" remote="132034691400000000" Dst="2" />
<file name="sprite_kpi.png" server="gregoryalexander.com/wwwroot/" local="132034609781886787" remote="132034691400000000" Dst="2" />
<file name="sprite_kpi_2x.png" server="gregoryalexander.com/wwwroot/" local="132034609781046499" remote="132034691400000000" Dst="2" />
<file name="_variables.css" server="gregoryalexander.com/wwwroot/" local="132034610055838902" remote="132034691400000000" Dst="2" />
<file name="_variables.less" server="gregoryalexander.com/wwwroot/" local="132034609780396352" remote="132034691400000000" Dst="2" />
<file name="editor.png" server="ntc6-p2stl.ezhostingserver.com/wwwroot/" local="132034609780736522" remote="132034744800000000" Dst="2" />
<file name="imagebrowser.png" server="ntc6-p2stl.ezhostingserver.com/wwwroot/" local="132034609780626401" remote="132034744800000000" Dst="2" />
<file name="indeterminate.gif" server="ntc6-p2stl.ezhostingserver.com/wwwroot/" local="132034609780946472" remote="132034744800000000" Dst="2" />
<file name="loading-image.gif" server="ntc6-p2stl.ezhostingserver.com/wwwroot/" local="132034609781476603" remote="132034744800000000" Dst="2" />
<file name="loading.gif" server="ntc6-p2stl.ezhostingserver.com/wwwroot/" local="132034609781136612" remote="132034744800000000" Dst="2" />
<file name="markers.png" server="ntc6-p2stl.ezhostingserver.com/wwwroot/" local="132034609781686644" remote="132034744800000000" Dst="2" />
<file name="loading_2x.gif" server="ntc6-p2stl.ezhostingserver.com/wwwroot/" local="132034609781566616" remote="132034744800000000" Dst="2" />
<file name="markers_2x.png" server="ntc6-p2stl.ezhostingserver.com/wwwroot/" local="132034609781256648" remote="132034744800000000" Dst="2" />
<file name="slider-h.gif" server="ntc6-p2stl.ezhostingserver.com/wwwroot/" local="132034609780846453" remote="132034744800000000" Dst="2" />
<file name="slider-v.gif" server="ntc6-p2stl.ezhostingserver.com/wwwroot/" local="132034609781776759" remote="132034744800000000" Dst="2" />
<file name="sprite.png" server="ntc6-p2stl.ezhostingserver.com/wwwroot/" local="132034609780516376" remote="132034744800000000" Dst="2" />
<file name="sprite_2x.png" server="ntc6-p2stl.ezhostingserver.com/wwwroot/" local="132034609781376576" remote="132034744800000000" Dst="2" />
<file name="sprite_kpi.png" server="ntc6-p2stl.ezhostingserver.com/wwwroot/" local="132034609781886787" remote="132034744800000000" Dst="2" />
<file name="sprite_kpi_2x.png" server="ntc6-p2stl.ezhostingserver.com/wwwroot/" local="132034609781046499" remote="132034744800000000" Dst="2" />
<file name="_variables.css" server="ntc6-p2stl.ezhostingserver.com/wwwroot/" local="132034658782132981" remote="132034744800000000" Dst="2" />
<file name="_variables.less" server="ntc6-p2stl.ezhostingserver.com/wwwroot/" local="132034609780396352" remote="132034744800000000" Dst="2" />
<file name="editor.png" server="ftp.gregorysblog.org/wwwroot/" local="132046800336943250" remote="132047074800000000" Dst="2" />
<file name="imagebrowser.png" server="ftp.gregorysblog.org/wwwroot/" local="132046800337053277" remote="132047074800000000" Dst="2" />
<file name="indeterminate.gif" server="ftp.gregorysblog.org/wwwroot/" local="132046800337133299" remote="132047074800000000" Dst="2" />
<file name="loading-image.gif" server="ftp.gregorysblog.org/wwwroot/" local="132046800337393358" remote="132047074800000000" Dst="2" />
<file name="loading.gif" server="ftp.gregorysblog.org/wwwroot/" local="132046800337213321" remote="132047074800000000" Dst="2" />
<file name="loading_2x.gif" server="ftp.gregorysblog.org/wwwroot/" local="132046800337313336" remote="132047074800000000" Dst="2" />
<file name="markers.png" server="ftp.gregorysblog.org/wwwroot/" local="132046800337493386" remote="132047074800000000" Dst="2" />
<file name="markers_2x.png" server="ftp.gregorysblog.org/wwwroot/" local="132046800337613407" remote="132047074800000000" Dst="2" />
<file name="slider-h.gif" server="ftp.gregorysblog.org/wwwroot/" local="132046800337713431" remote="132047074800000000" Dst="2" />
<file name="slider-v.gif" server="ftp.gregorysblog.org/wwwroot/" local="132046800337813450" remote="132047074800000000" Dst="2" />
<file name="sprite.png" server="ftp.gregorysblog.org/wwwroot/" local="132046800337933477" remote="132047074800000000" Dst="2" />
<file name="sprite_2x.png" server="ftp.gregorysblog.org/wwwroot/" local="132046800338043501" remote="132047074800000000" Dst="2" />
<file name="sprite_kpi.png" server="ftp.gregorysblog.org/wwwroot/" local="132046800338153537" remote="132047074800000000" Dst="2" />
<file name="sprite_kpi_2x.png" server="ftp.gregorysblog.org/wwwroot/" local="132046800338263553" remote="132047074800000000" Dst="2" />
<file name="_variables.css" server="ftp.gregorysblog.org/wwwroot/" local="132046800336773215" remote="132047074800000000" Dst="2" />
<file name="_variables.less" server="ftp.gregorysblog.org/wwwroot/" local="132046800336853234" remote="132047074800000000" Dst="2" />
</dwsync>