<?xml version="1.0" encoding="utf-8"?>
<coldfish>
	<settings showLineNumbers="Yes" showToolbar="Yes" cachesize="100" defaultparser=""/>
	<types>
	 	<!-- General UI Settings -->
		<type name="TEXT" style="color:#000"/>
		<type name="TOOLBAR" style="width:99%;color:#FFF;background-color:#ccc;text-decoration:none;border: 1px solid #99a;vertical-align: middle;"/>
		<type name="TOOLBARLINK" style="color:#FFF;text-decoration:none;margin:0 1.5em 0 .5em;"/>
		<type name="LINENUMBER" style="display:block;float:left;clear:left;width:2em;color:#999;background-color:#fffff6;text-align:right;border-width:0 1px 0 1px;border-color:#faf0e6;border-style:solid;margin:0 .5em 0 0;padding:0 .2em 0 0;"/>
		
		<!-- CFML -->
		<type name="CFTAG" style="color:#990033"/>
		<type name="CFSET" style="color:#000000"/>
		<type name="CFCOMMENT" style="color:#333;background-color:#FF0"/>
		
		<!-- CFSCRIPT -->
		<type name="CFSCRIPT" style="color:#000000"/>
		<type name="CFSCRIPTCOMMENT" style="color:#AAA"/>
		<type name="CFSCRIPTVALUE" style="color:#006600"/>
		<type name="CFSCRIPTFUNCTIONS" style="color:blue" parser="cfscript" keywords="Abs,ACos,AddSOAPRequestHeader,AddSOAPResponseHeader,AjaxLink,AjaxOnLoad,ApplicationStop,ArrayAppend,ArrayAvg,ArrayClear,ArrayContains,ArrayDelete,ArrayDeleteAt,ArrayFind,ArrayFindNoCase,ArrayInsertAt,ArrayIsDefined,ArrayIsEmpty,ArrayLen,ArrayMax,ArrayMin,ArrayNew,ArrayPrepend,ArrayResize,ArraySet,ArraySort,ArraySum,ArraySwap,ArrayToList,Asc,ASin,Atn,AuthenticatedContext,AuthenticatedUser,BinaryDecode,BinaryEncode,BitAnd,BitMaskClear,BitMaskRead,BitMaskSet,BitNot,BitOr,BitSHLN,BitSHRN,BitXor,CacheGet,CacheGetAllIds,CacheGetMetadata,CacheGetProperties,CachePut,CacheRemove,CacheSetProperties,Ceiling,CharsetDecode,CharsetEncode,Chr,CJustify,Compare,CompareNoCase,Cos,CreateDate,CreateDateTime,CreateObject,CreateODBCDate,CreateODBCDateTime,CreateODBCTime,CreateTime,CreateTimeSpan,CreateUUID,DateAdd,DateCompare,DateConvert,DateDiff,DateFormat,DatePart,Day,DayOfWeek,DayOfWeekAsString,DayOfYear,DaysInMonth,DaysInYear,DE,DecimalFormat,DecrementValue,Decrypt,DecryptBinary,DeleteClientVariable,DeserializeJSON,DirectoryCreate,DirectoryDelete,DirectoryExists,DirectoryList,DirectoryRename,DollarFormat,DotNetToCFType,Duplicate,Encrypt,EncryptBinary,EntityDelete,EntityLoad,EntityLoadByExample,EntityLoadByPK,EntityMerge,EntityNew,EntityReload,EntitySave,EntitytoQuery,Evaluate,Exp,ExpandPath,FileClose,FileCopy,FileDelete,FileExists,FileIsEOF,FileMove,FileOpen,FileRead,FileReadBinary,FileReadLine,FileSeek,FileSetAccessMode,FileSetAttribute,FileSetLastModified,FileSkipBytes,FileWrite,FileWriteLine,Find,FindNoCase,FindOneOf,FirstDayOfMonth,Fix,FormatBaseN,GenerateSecretKey,GetAuthUser,GetBaseTagData,GetBaseTagList,GetBaseTemplatePath,GetClientVariablesList,GetComponentMetaData,GetContextRoot,GetCurrentTemplatePath,GetDirectoryFromPath,GetEncoding,GetException,GetFileFromPath,GetFileInfo,GetFunctionCalledName,GetFunctionList ,GetGatewayHelper,GetHttpRequestData,GetHttpTimeString,GetK2ServerDocCount,GetK2ServerDocCountLimit,GetLocale,GetLocaleDisplayName,GetLocalHostIP,GetMetaData,GetMetricData,GetPageContext,GetPrinterInfo,GetPrinterList,GetProfileSections,GetProfileString,GetReadableImageFormats,GetSOAPRequest,GetSOAPRequestHeader,GetSOAPResponse,GetSOAPResponseHeader,GetTempDirectory,GetTempFile,GetTemplatePath,GetTickCount,GetTimeZoneInfo,GetToken,GetUserRoles,GetVFSMetaData,GetWriteableImageFormats,Hash,HQL Methods,Hour,HTMLCodeFormat,HTMLEditFormat,IIf,ImageAddBorder,ImageBlur,ImageClearRect,ImageCopy,ImageCrop,ImageDrawArc,ImageDrawBeveledRect,ImageDrawCubicCurve,ImageDrawLine,ImageDrawLines,ImageDrawOval,ImageDrawPoint,ImageDrawQuadraticCurve,ImageDrawRect,ImageDrawRoundRect,ImageDrawText,ImageFlip,ImageGetBlob,ImageGetBufferedImage,ImageGetEXIFMetadata,ImageGetEXIFTag,ImageGetHeight,ImageGetIPTCMetadata,ImageGetIPTCTag,ImageGetWidth,ImageGrayscale,ImageInfo,ImageNegative,ImageNew,ImageOverlay,ImagePaste,ImageRead,ImageReadBase64,ImageResize,ImageRotate,ImageRotateDrawingAxis,ImageScaleToFit,ImageSetAntialiasing,ImageSetBackgroundColor,ImageSetDrawingColor,ImageSetDrawingStroke,ImageSetDrawingTransparency,ImageSharpen,ImageShear,ImageShearDrawingAxis,ImageTranslate,ImageTranslateDrawingAxis,ImageWrite,ImageWriteBase64,ImageXORDrawingMode,IncrementValue,InputBaseN,Insert,Int,IsArray,IsAuthenticated,IsAuthorized,IsBinary,IsBoolean,IsCustomFunction,IsDate,IsDDX,IsDebugMode,IsDefined,IsImage,IsImageFile,IsInstanceOf,IsIPv6,IsJSON,IsK2ServerABroker,IsK2ServerDocCountExceeded,IsK2ServerOnline,IsLeapYear,IsLocalHost,IsNull,IsNumeric,IsNumericDate,IsObject,IsPDFFile,IsPDFObject,IsProtected,IsQuery,IsSimpleValue,IsSOAPRequest,IsSpreadsheetFile,IsSpreadsheetObject,IsStruct,IsUserInAnyRole,IsUserInRole,IsUserLoggedIn,IsValid,IsWDDX,IsXML,IsXmlAttribute,IsXmlDoc,IsXmlElem,IsXmlNode,IsXmlRoot,JavaCast,JSStringFormat,LCase,Left,Len,ListAppend,ListChangeDelims,ListContains,ListContainsNoCase,ListDeleteAt,ListFind,ListFindNoCase,ListFirst,ListGetAt,ListInsertAt,ListLast,ListLen,ListPrepend,ListQualify,ListRest,ListSetAt,ListSort,ListToArray,ListValueCount,ListValueCountNoCase,LJustify,Location,Log,Log10,LSCurrencyFormat,LSDateFormat,LSEuroCurrencyFormat,LSIsCurrency,LSIsDate,LSIsNumeric,LSNumberFormat,LSParseCurrency,LSParseDateTime,LSParseEuroCurrency,LSParseNumber,LSTimeFormat,LTrim,Max,Mid,Min,Minute,Month,MonthAsString,Now,NumberFormat,ObjectEquals,ObjectLoad,ObjectSave,ORMClearSession,ORMCloseSession,ORMEvictCollection,ORMEvictEntity,ORMEvictQueries,ORMExecuteQuery,ORMFlush,ORMGetSession,ORMGetSessionFactory,ORMReload,ParagraphFormat,ParameterExists,ParseDateTime,Pi,PrecisionEvaluate,PreserveSingleQuotes,Quarter,QueryAddColumn,QueryAddRow,QueryConvertForGrid,QueryNew,QuerySetCell,QuotedValueList,Rand,Randomize,RandRange,REFind,REFindNoCase,REMatch,REMatchNoCase,ReleaseComObject,RemoveChars,RepeatString,Replace,ReplaceList,ReplaceNoCase,REReplace,REReplaceNoCase,Reverse,Right,RJustify,Round,RTrim,Second,SendGatewayMessage,SerializeJSON,SetEncoding,SetLocale,SetProfileString,SetVariable,Sgn,Sin,Sleep,SpanExcluding,SpanIncluding,SpreadsheetAddColumn,SpreadsheetAddImage,SpreadsheetAddFreezePane,SpreadsheetAddInfo,SpreadsheetAddRow,SpreadsheetAddRows,SpreadsheetAddSplitPane,SpreadsheetCreateSheet,SpreadsheetDeleteColumn,SpreadsheetDeleteColumns,SpreadsheetDeleteRow,SpreadsheetDeleteRows,SpreadsheetFormatCell,SpreadsheetFormatColumn,SpreadsheetFormatColumns,SpreadsheetFormatRow,SpreadsheetFormatRows,SpreadsheetGetCellComment,SpreadsheetGetCellFormula,SpreadsheetGetCellValue,SpreadsheetInfo,SpreadsheetMergeCells,SpreadsheetNew,SpreadsheetRead,SpreadsheetReadBinary,SpreadsheetSetActiveSheet,SpreadsheetSetActiveSheetNumber,SpreadsheetSetCellComment,SpreadsheetSetCellFormula,SpreadsheetSetCellValue,SpreadsheetSetColumnWidth,SpreadsheetSetFooter,SpreadsheetSetHeader,SpreadsheetSetRowHeight,SpreadsheetShiftColumns,SpreadsheetShiftRows,SpreadsheetWrite,Sqr,StripCR,StructAppend,StructClear,StructCopy,StructCount,StructDelete,StructFind,StructFindKey,StructFindValue,StructGet,StructInsert,StructIsEmpty,StructKeyArray,StructKeyExists,StructKeyList,StructNew,StructSort,StructUpdate,Tan,ThreadJoin,ThreadTerminate,Throw,TimeFormat,ToBase64,ToBinary,ToScript,ToString,Trace,TransactionCommit,TransactionRollback,TransactionSetSavePoint,Trim,UCase,URLDecode,URLEncodedFormat,URLSessionFormat,Val,ValueList,VerifyClient,Week,Wrap,Writedump,Writelog,WriteOutput,XmlChildPos,XmlElemNew,XmlFormat,XmlGetNodeType,XmlNew,XmlParse,XmlSearch,XmlTransform,XmlValidate,Year,YesNoFormat"/>
		<type name="CFSCRIPTKEYWORDS" style="color:blue" parser="cfscript" keywords="for,do,try,catch,function,while,if,else,break,return,case,switch,default,continue,import,finally,interface,abort,exit,include,throw,rethrow"/>
		<type name="CFSCRIPTOPERATORS" style="color:blue" parser="cfscript" keywords="and,not,eq,neq,gt,lt,lte,gte"/>
		
		<!-- HTML -->
		<type name="HTML" style="color:#000099"/>
		<type name="HTMLCOMMENT" style="color:#AAA"/>
		<type name="HTMLSTYLES" style="color:#990099"/>
		<type name="HTMLTABLES" style="color:#009999"/>
		<type name="HTMLFORMS" style="color:#FF9900"/>
		
		<!-- MXML -->
		<type name="MXML" style="color:#00F"/>
		<type name="MXMLCOMMENT" style="color:#093"/>
		<type name="MXMLATTRIBUTES" style="color:#000000"/>
		<type name="MXMLVALUE" style="color:#900"/>
		
		<!-- ACTIONSCRIPT -->
		<type name="ACTIONSCRIPT" style="color:#000"/>
		<type name="ACTIONSCRIPTCOMMENT" style="color:#AAA"/>
		<type name="ACTIONSCRIPTTAG" style="color:#093"/>
		<type name="ACTIONSCRIPTVALUE" style="color:#900"/>
		<type name="ACTIONSCRIPTKEYWORD1" style="color:#00F" parser="actionscript" keywords="as,break,case,catch,class,const,continue,default,delete,do,else,extends,false,finally,for,if,implements,import,in,instanceof,interface,internal,is,native,new,null,package,private,protected,public,return,super,switch,this,throw,to,true,try,typeof,use,void,while,with,each,get,set,namespace,include,dynamic,final,native,override,static,abstract,boolean,byte,cast,char,debugger,double,enum,export,float,goto,intrinsic,long,prototype,short,synchronized,throws,to,transient,type,virtual,volatile"/>
		<type name="ACTIONSCRIPTKEYWORD2" style="color:#093" parser="actionscript" keywords="function"/>
		<type name="ACTIONSCRIPTKEYWORD3" style="color:#69C" parser="actionscript" keywords="var"/>
		
		<!-- SQL -->
		<type name="SQL" style="color:#000"/>
		<type name="SQLVALUE" style="color:red"/>
		<type name="SQLCOMMENT" style="color:#008000"/>
		<type name="SQLKEYWORDS" style="color:#00F" parser="sql" keywords="OUTPUT,ADD,EXCEPT,PERCENT,ALL,EXEC,PLAN,ALTER,EXECUTE,PRECISION,AND,EXISTS,PRIMARY,ANY,EXIT,PRINT,AS,FETCH,PROC,ASC,FILE,PROCEDURE,AUTHORIZATION,FILLFACTOR,PUBLIC,BACKUP,FOR,RAISERROR,BEGIN,FOREIGN,READ,BETWEEN,FREETEXT,READTEXT,BREAK,FREETEXTTABLE,RECONFIGURE,BROWSE,FROM,REFERENCES,BULK,FULL,REPLICATION,BY,FUNCTION,RESTORE,CASCADE,GOTO,RESTRICT,CASE,GRANT,RETURN,CHECK,GROUP,REVOKE,CHECKPOINT,HAVING,RIGHT,CLOSE,HOLDLOCK,ROLLBACK,CLUSTERED,IDENTITY,ROWCOUNT,COALESCE,IDENTITY_INSERT,ROWGUIDCOL,COLLATE,IDENTITYCOL,RULE,COLUMN,IF,SAVE,COMMIT,IN,SCHEMA,COMPUTE,INDEX,SELECT,CONSTRAINT,INNER,SESSION_USER,CONTAINS,INSERT,SET,CONTAINSTABLE,INTERSECT,SETUSER,CONTINUE,INTO,SHUTDOWN,CONVERT,IS,SOME,CREATE,JOIN,STATISTICS,CROSS,KEY,SYSTEM_USER,CURRENT,KILL,TABLE,CURRENT_DATE,LEFT,TEXTSIZE,CURRENT_TIME,LIKE,THEN,CURRENT_TIMESTAMP,LINENO,TO,CURRENT_USER,LOAD,TOP,CURSOR,NATIONAL,TRAN,DATABASE,NOCHECK,TRANSACTION,DBCC,NONCLUSTERED,TRIGGER,DEALLOCATE,NOT,TRUNCATE,DECLARE,NULL,TSEQUAL,DEFAULT,NULLIF,UNION,DELETE,OF,UNIQUE,DENY,OFF,UPDATE,DESC,OFFSETS,UPDATETEXT,DISK,ON,USE,DISTINCT,OPEN,USER,DISTRIBUTED,OPENDATASOURCE,VALUES,DOUBLE,OPENQUERY,VARYING,DROP,OPENROWSET,VIEW,DUMMY,OPENXML,WAITFOR,DUMP,OPTION,WHEN,ELSE,OR,WHERE,END,ORDER,WHILE,ERRLVL,OUTER,WITH,ESCAPE,OVER,WRITETEXT"/>
		<type name="SQLSTOREDPROCS" style="color:#AF0000" parser="sql" keywords="rectory_SCP,sp_column_privileges,sp_special_columns,sp_columns,sp_sproc_columns,sp_databases,sp_statistics,sp_fkeys,sp_stored_procedures,sp_pkeys,sp_table_privileges,sp_server_info,sp_tables,sp_cursor_list,sp_describe_cursor_columns,sp_describe_cursor,sp_describe_cursor_tables,sp_add_maintenance_plan,sp_delete_maintenance_plan_db,sp_add_maintenance_plan_db,sp_delete_maintenance_plan_job,sp_add_maintenance_plan_job,sp_help_maintenance_plan,sp_delete_maintenance_plan,sp_addlinkedserver,sp_indexes,sp_addlinkedsrvlogin,sp_linkedservers,sp_catalogs,sp_primarykeys,sp_column_privileges_ex,sp_serveroption,sp_columns_ex,sp_table_privileges_ex,sp_droplinkedsrvlogin,sp_tables_ex,sp_foreignkeys,sp_fulltext_catalog,sp_help_fulltext_catalogs_cursor,sp_fulltext_column,sp_help_fulltext_columns,sp_fulltext_database,sp_help_fulltext_columns_cursor,sp_fulltext_service,sp_help_fulltext_tables,sp_fulltext_table,sp_help_fulltext_tables_cursor,sp_help_fulltext_catalogs,sp_add_log_shipping_database,sp_delete_log_shipping_database,sp_add_log_shipping_plan,sp_delete_log_shipping_plan,sp_add_log_shipping_plan_database,sp_delete_log_shipping_plan_database,sp_add_log_shipping_primary,sp_delete_log_shipping_primary,sp_add_log_shipping_secondary,sp_delete_log_shipping_secondary,sp_can_tlog_be_applied,sp_get_log_shipping_monitor_info,sp_change_monitor_role,sp_remove_log_shipping_monitor,sp_change_primary_role,sp_resolve_logins,sp_change_secondary_role,sp_update_log_shipping_monitor_info,sp_create_log_shipping_monitor_account,sp_update_log_shipping_plan,sp_define_log_shipping_monitor,sp_update_log_shipping_plan_database,sp_OACreate,sp_OAMethod,sp_OADestroy,sp_OASetProperty,sp_OAGetErrorInfo,sp_OAStop,sp_OAGetPropertyObjectHierarchySyntax,sp_add_agent_parameter,sp_enableagentoffload,sp_add_agent_profile,sp_enumcustomresolvers,sp_addarticle,sp_enumdsn,sp_adddistpublisher,sp_enumfullsubscribers,sp_adddistributiondb,sp_expired_subscription_cleanup,sp_adddistributor,sp_generatefilters,sp_addmergealternatepublisher,sp_getagentoffloadinfo,sp_addmergearticle,sp_getmergedeletetype,sp_addmergefilter,sp_get_distributor,sp_addmergepublication,sp_getqueuedrows,sp_addmergepullsubscription,sp_getsubscriptiondtspackagename,sp_addmergepullsubscription_agent,sp_grant_publication_access,sp_addmergesubscription,sp_help_agent_default,sp_addpublication,sp_help_agent_parameter,sp_addpublication_snapshot,sp_help_agent_profile,sp_addpublisher70,sp_helparticle,sp_addpullsubscription,sp_helparticlecolumns,sp_addpullsubscription_agent,sp_helparticledts,sp_addscriptexec,sp_helpdistpublisher,sp_addsubscriber,sp_helpdistributiondb,sp_addsubscriber_schedule,sp_helpdistributor,sp_addsubscription,sp_helpmergealternatepublisher,sp_addsynctriggers,sp_helpmergearticle,sp_addtabletocontents,sp_helpmergearticlecolumn,sp_adjustpublisheridentityrange,sp_helpmergearticleconflicts,sp_article_validation,sp_helpmergeconflictrows,sp_articlecolumn,sp_helpmergedeleteconflictrows,sp_articlefilter,sp_helpmergefilter,sp_articlesynctranprocs,sp_helpmergepublication,sp_articleview,sp_helpmergepullsubscription,sp_attachsubscription,sp_helpmergesubscription,sp_browsesnapshotfolder,sp_helppublication,sp_browsemergesnapshotfolder,sp_help_publication_access,sp_browsereplcmds,sp_helppullsubscription,sp_change_agent_parameter,sp_helpreplfailovermode,sp_change_agent_profile,sp_helpreplicationdboption,sp_changearticle,sp_helpreplicationoption,sp_changedistpublisher,sp_helpsubscriberinfo,sp_changedistributiondb,sp_helpsubscription,sp_changedistributor_password,sp_helpsubscription_properties,sp_changedistributor_property,sp_ivindexhasnullcols,sp_changemergearticle,sp_link_publication,sp_changemergefilter,sp_marksubscriptionvalidation,sp_changemergepublication,sp_mergearticlecolumn,sp_changemergepullsubscription,sp_mergecleanupmetadata,sp_changemergesubscription,sp_mergedummyupdate,sp_changepublication,sp_mergesubscription_cleanup,sp_changesubscriber,sp_publication_validation,sp_changesubscriber_schedule,sp_refreshsubscriptions,sp_changesubscriptiondtsinfo,sp_reinitmergepullsubscription,sp_changesubstatus,sp_reinitmergesubscription,sp_change_subscription_properties,sp_reinitpullsubscription,sp_check_for_sync_trigger,sp_reinitsubscription,sp_copymergesnapshot,sp_removedbreplication,sp_copysnapshot,sp_repladdcolumn,sp_copysubscription,sp_replcmds,sp_deletemergeconflictrow,sp_replcounters,sp_disableagentoffload,sp_repldone,sp_drop_agent_parameter,sp_repldropcolumn,sp_drop_agent_profile,sp_replflush,sp_droparticle,sp_replicationdboption,sp_dropanonymouseagent,sp_replication_agent_checkup,sp_dropdistpublisher,sp_replqueuemonitor,sp_dropdistributiondb,sp_replsetoriginator,sp_dropmergealternatepublisher,sp_replshowcmds,sp_dropdistributor,sp_repltrans,sp_dropmergearticle,sp_restoredbreplication,sp_dropmergefilter,sp_resyncmergesubscription,sp_revoke_publication_access,sp_dropmergepublication,sp_scriptsubconflicttable,sp_dropmergepullsubscription,sp_script_synctran_commands,sp_setreplfailovermode,sp_dropmergesubscription,sp_showrowreplicainfo,sp_droppublication,sp_subscription_cleanup,sp_droppullsubscription,sp_table_validation,sp_dropsubscriber,sp_update_agent_profile,sp_dropsubscription,sp_validatemergepublication,sp_dsninfo,sp_validatemergesubscription,sp_dumpparamcmd,sp_vupgrade_replication,sp_addalias,sp_droprolemember,sp_addapprole,sp_dropserver,sp_addgroup,sp_dropsrvrolemember,sp_addlinkedsrvlogin,sp_dropuser,sp_addlogin,sp_grantdbaccess,sp_addremotelogin,sp_grantlogin,sp_addrole,sp_helpdbfixedrole,sp_addrolemember,sp_helpgroup,sp_addserver,sp_helplinkedsrvlogin,sp_addsrvrolemember,sp_helplogins,sp_adduser,sp_helpntgroup,sp_approlepassword,sp_helpremotelogin,sp_changedbowner,sp_helprole,sp_changegroup,sp_helprolemember,sp_changeobjectowner,sp_helprotect,sp_change_users_login,sp_helpsrvrole,sp_dbfixedrolepermission,sp_helpsrvrolemember,sp_defaultdb,sp_helpuser,sp_defaultlanguage,sp_MShasdbaccess,sp_denylogin,sp_password,sp_dropalias,sp_remoteoption,sp_dropapprole,sp_revokedbaccess,sp_dropgroup,sp_revokelogin,sp_droplinkedsrvlogin,sp_setapprole,sp_droplogin,sp_srvrolepermission,sp_dropremotelogin,sp_validatelogins,sp_droprole,sp_processmail,xp_sendmail,xp_deletemail,xp_startmail,xp_findnextmsg,xp_stopmail,xp_readmail,sp_trace_create,sp_trace_setfilter,sp_trace_generateevent,sp_trace_setstatus,sp_trace_setevent,sp_add_alert,sp_help_jobhistory,sp_add_category,sp_help_jobschedule,sp_add_job,sp_help_jobserver,sp_add_jobschedule,sp_help_jobstep,sp_add_jobserver,sp_help_notification,sp_add_jobstep,sp_help_operator,sp_add_notification,sp_help_targetserver,sp_add_operator,sp_help_targetservergroup,sp_add_targetservergroup,sp_helptask,sp_add_targetsvrgrp_member,sp_manage_jobs_by_login,sp_addtask,sp_msx_defect,sp_apply_job_to_targets,sp_msx_enlist,sp_delete_alert,sp_post_msx_operation,sp_delete_category,sp_purgehistory,sp_delete_job,sp_purge_jobhistory,sp_delete_jobschedule,sp_reassigntask,sp_delete_jobserver,sp_remove_job_from_targets,sp_delete_jobstep,sp_resync_targetserver,sp_delete_notification,sp_start_job,sp_delete_operator,sp_stop_job,sp_delete_targetserver,sp_update_alert,sp_delete_targetservergroup,sp_update_category,sp_delete_targetsvrgrp_member,sp_update_job,sp_droptask,sp_update_jobschedule,sp_help_alert,sp_update_jobstep,sp_help_category,sp_update_notification,sp_help_downloadlist,sp_update_operator,sp_helphistory,sp_update_targetservergroup,sp_help_job,sp_updatetask,xp_sqlagent_proxy_account,sp_add_data_file_recover_suspect_db,sp_helpconstraint,sp_addextendedproc,sp_helpdb,sp_addextendedproperty,sp_helpdevice,sp_add_log_file_recover_suspect_db,sp_helpextendedproc,sp_addmessage,sp_helpfile,sp_addtype,sp_helpfilegroup,sp_addumpdevice,sp_helpindex,sp_altermessage,sp_helplanguage,sp_autostats,sp_helpserver,sp_attach_db,sp_helpsort,sp_attach_single_file_db,sp_helpstats,sp_bindefault,sp_helptext,sp_bindrule,sp_helptrigger,sp_bindsession,sp_indexoption,sp_certify_removable,sp_invalidate_textptr,sp_configure,sp_lock,sp_create_removable,sp_monitor,sp_createstats,sp_procoption,sp_cycle_errorlog,sp_recompile,sp_datatype_info,sp_refreshview,sp_dbcmptlevel,sp_releaseapplock,sp_dboption,sp_rename,sp_dbremove,sp_renamedb,sp_delete_backuphistory,sp_resetstatus,sp_depends,sp_serveroption,sp_detach_db,sp_setnetname,sp_dropdevice,sp_settriggerorder,sp_dropextendedproc,sp_spaceused,sp_dropextendedproperty,sp_tableoption,sp_dropmessage,sp_unbindefault,sp_droptype,sp_unbindrule,sp_executesql,sp_updateextendedproperty,sp_getapplock,sp_updatestats,sp_getbindtoken,sp_validname,sp_help,sp_who,sp_dropwebtask,sp_makewebtask,sp_enumcodepages,sp_runwebtask,sp_xml_preparedocument,sp_xml_removedocument,xp_cmdshell,xp_logininfo,xp_enumgroups,xp_msver,xp_findnextmsg,xp_revokelogin,xp_grantlogin,xp_sprintf,xp_logevent,xp_sqlmaint,xp_loginconfig,xp_sscanf"/>
		<type name="SQLSYSTEMTABLES" style="color:Green" parser="sql" keywords="sysaltfiles,syslockinfo,syscacheobjects,syslogins,syscharsets,sysmessages,sysconfigures,sysoledbusers,syscurconfigs,sysperfinfo,sysdatabases,sysprocesses,sysdevices,sysremotelogins,syslanguages,sysservers,syscolumns,sysindexkeys,syscomments,sysmembers,sysconstraints,sysobjects,sysdepends,syspermissions,sysfilegroups,sysprotects,sysfiles,sysreferences,sysforeignkeys,systypes,sysfulltextcatalogs,sysusers,sysindexes,sysalerts,sysjobsteps,syscategories,sysnotifications,sysdownloadlist,sysoperators,sysjobhistory,systargetservergroupmembers,sysjobs,systargetservergroups,sysjobschedules,systargetservers,sysjobservers,systaskids,backupfile,restorefile,backupmediafamily,restorefilegroup,backupmediaset,restorehistory,backupset,sysdatabases,sysservers,sysreplicationalerts,MSagent_parameters,Mspublisher_databases,MSagent_profiles,MSreplication_objects,MSarticles,MSreplication_subscriptions,MSdistpublishers,MSrepl_commands,MSdistributiondbs,MSrepl_errors,MSdistribution_agents,MSrepl_originators,MSdistribution_history,MSrepl_transactions,MSdistributor,MSrepl_version,MSlogreader_agents,MSsnapshot_agents,MSlogreader_history,MSsnapshot_history,MSmerge_agents,MSsubscriber_info,MSmerge_history,MSsubscriber_schedule,MSmerge_subscriptions,MSsubscriptions,MSpublication_access,MSsubscription_properties,Mspublications,MSmerge_contents,sysmergearticles,MSmerge_delete_conflicts,sysmergepublications,MSmerge_genhistory,sysmergeschemachange,MSmerge_replinfo,sysmergesubscriptions,MSmerge_tombstone,sysmergesubsetfilters,sysarticles,syspublications,sysarticleupdates,syssubscriptions"/>
		<type name="SQLSYSTEMFUNCTIONS" style="color:magenta" parser="sql" keywords="AVG,MAX,BINARY_CHECKSUM,MIN,CHECKSUM,SUM,CHECKSUM_AGG,STDEV,COUNT,STDEVP,COUNT_BIG,VAR,GROUPING,VARP,@@DATEFIRST,@@OPTIONS,@@DBTS,@@REMSERVER,@@LANGID,@@SERVERNAME,@@LANGUAGE,@@SERVICENAME,@@LOCK_TIMEOUT,@@SPID,@@MAX_CONNECTIONS,@@TEXTSIZE,@@MAX_PRECISION,@@VERSION,@@NESTLEVEL,@@CURSOR_ROWS,CURSOR_STATUS,@@FETCH_STATUS,DATEADD,DATEDIFF,DATENAME,DATEPART,DAY,GETDATE,GETUTCDATE,MONTH,YEAR,ABS,DEGREES,RAND,ACOS,EXP,ROUND,ASIN,FLOOR,SIGN,ATAN,LOG,SIN,ATN2,LOG10,SQUARE,CEILING,PI,SQRT,COS,POWER,TAN,COT,RADIANS,COL_LENGTH,fn_listextendedproperty,COL_NAME,FULLTEXTCATALOGPROPERTY,COLUMNPROPERTY,FULLTEXTSERVICEPROPERTY,DATABASEPROPERTY,INDEX_COL,DATABASEPROPERTYEX,INDEXKEY_PROPERTY,DB_ID,INDEXPROPERTY,DB_NAME,OBJECT_ID,FILE_ID,OBJECT_NAME,FILE_NAME,OBJECTPROPERTY,FILEGROUP_ID,@@PROCID,FILEGROUP_NAME,SQL_VARIANT_PROPERTY,FILEGROUPPROPERTY,TYPEPROPERTY,FILEPROPERTY,CONTAINSTABLE,FREETEXTTABLE,OPENDATASOURCE,OPENQUERY,OPENROWSET,OPENXML,fn_trace_geteventinfo,IS_SRVROLEMEMBER,fn_trace_getfilterinfo,SUSER_SID,fn_trace_getinfo,SUSER_SNAME,fn_trace_gettable,USER_ID,HAS_DBACCESS,USER,IS_MEMBER,ASCII,NCHAR,SOUNDEX,CHAR,PATINDEX,SPACE,CHARINDEX,REPLACE,STR,DIFFERENCE,QUOTENAME,STUFF,LEFT,REPLICATE,SUBSTRING,LEN,REVERSE,UNICODE,LOWER,RIGHT,UPPER,LTRIM,RTRIM,APP_NAME,CASE,expression,CAST,CONVERT,COALESCE,COLLATIONPROPERTY,CURRENT_TIMESTAMP,CURRENT_USER,DATALENGTH,@@ERROR,fn_helpcollations,fn_servershareddrives,fn_virtualfilestats,FORMATMESSAGE,GETANSINULL,HOST_ID,HOST_NAME,IDENT_CURRENT,IDENT_INCR,IDENT_SEED,@@IDENTITY,IDENTITY,(Function),ISDATE,ISNULL,ISNUMERIC,NEWID,NULLIF,PARSENAME,PERMISSIONS,@@ROWCOUNT,ROWCOUNT_BIG,SCOPE_IDENTITY,SERVERPROPERTY,SESSIONPROPERTY,SESSION_USER,STATS_DATE,SYSTEM_USER,@@TRANCOUNT,USER_NAME,@@CONNECTIONS,@@PACK_RECEIVED,@@CPU_BUSY,@@PACK_SENT,fn_virtualfilestats,@@TIMETICKS,@@IDLE,@@TOTAL_ERRORS,@@IO_BUSY,@@TOTAL_READ,@@PACKET_ERRORS,@@TOTAL_WRITE,PATINDEX,TEXTPTR,TEXTVALID"/>
		<type name="SQLDATATYPES" style="color:#00F" parser="sql" keywords="bigint,decimal,int,numeric,smallint,money,tinyint,smallmoney,bit,float,real,datetime,smalldatetime,char,text,varchar,nchar,ntext,nvarchar,binary,image,varbinary,cursor,timestamp,sql_variant,uniqueidentifier,table,xml"/>
				
		<!-- VALUE Tags -->
		<type name="VALUE" style="color:#0000CC"/>
		
		<!-- Bindings -->
		<type name="BIND" style="color:#000099"/>
	</types>
</coldfish>