<?xml version="1.0" encoding="utf-8" ?>
<dwsync>
<file name="actionsheet.less" server="gregoryalexander.com/wwwroot/" local="132034609728734616" remote="132034691400000000" Dst="2" />
<file name="all.less" server="gregoryalexander.com/wwwroot/" local="132034609727994625" remote="132034691400000000" Dst="2" />
<file name="base.less" server="gregoryalexander.com/wwwroot/" local="132034609728374627" remote="132034691400000000" Dst="2" />
<file name="button.less" server="gregoryalexander.com/wwwroot/" local="132034609727844420" remote="132034691400000000" Dst="2" />
<file name="buttongroup.less" server="gregoryalexander.com/wwwroot/" local="132034609728514660" remote="132034691400000000" Dst="2" />
<file name="button.css" server="gregoryalexander.com/wwwroot/" local="132034610376501740" remote="132034691400000000" Dst="2" />
<file name="dark.less" server="gregoryalexander.com/wwwroot/" local="132034609728234507" remote="132034691400000000" Dst="2" />
<file name="dark.css" server="gregoryalexander.com/wwwroot/" local="132034610055238766" remote="132034691400000000" Dst="2" />
<file name="drawer.css" server="gregoryalexander.com/wwwroot/" local="132034610376481738" remote="132034691400000000" Dst="2" />
<file name="forms.less" server="gregoryalexander.com/wwwroot/" local="132034609728664599" remote="132034691400000000" Dst="2" />
<file name="drawer.less" server="gregoryalexander.com/wwwroot/" local="132034609727924433" remote="132034691400000000" Dst="2" />
<file name="listview.less" server="gregoryalexander.com/wwwroot/" local="132034609727544361" remote="132034691400000000" Dst="2" />
<file name="modalview.less" server="gregoryalexander.com/wwwroot/" local="132034609728154488" remote="132034691400000000" Dst="2" />
<file name="listview.css" server="gregoryalexander.com/wwwroot/" local="132034610376471831" remote="132034691400000000" Dst="2" />
<file name="navbar.less" server="gregoryalexander.com/wwwroot/" local="132034609728074469" remote="132034691400000000" Dst="2" />
<file name="popover.less" server="gregoryalexander.com/wwwroot/" local="132034609727774404" remote="132034691400000000" Dst="2" />
<file name="popover.css" server="gregoryalexander.com/wwwroot/" local="132034610376511749" remote="132034691400000000" Dst="2" />
<file name="scroller.less" server="gregoryalexander.com/wwwroot/" local="132034609728304520" remote="132034691400000000" Dst="2" />
<file name="scrollview.less" server="gregoryalexander.com/wwwroot/" local="132034609728584686" remote="132034691400000000" Dst="2" />
<file name="switch.less" server="gregoryalexander.com/wwwroot/" local="132034609728444565" remote="132034691400000000" Dst="2" />
<file name="splitview.less" server="gregoryalexander.com/wwwroot/" local="132034609727624365" remote="132034691400000000" Dst="2" />
<file name="splitview.css" server="gregoryalexander.com/wwwroot/" local="132034610376491743" remote="132034691400000000" Dst="2" />
<file name="tabstrip.less" server="gregoryalexander.com/wwwroot/" local="132034609728804725" remote="132034691400000000" Dst="2" />
<file name="template.less" server="gregoryalexander.com/wwwroot/" local="132034609727474336" remote="132034691400000000" Dst="2" />
<file name="toolbar.less" server="gregoryalexander.com/wwwroot/" local="132034609727694384" remote="132034691400000000" Dst="2" />
<file name="toolbar.css" server="gregoryalexander.com/wwwroot/" local="132034610376481738" remote="132034691400000000" Dst="2" />
<file name="actionsheet.less" server="ntc6-p2stl.ezhostingserver.com/wwwroot/" local="132034609728734616" remote="132034744800000000" Dst="2" />
<file name="all.less" server="ntc6-p2stl.ezhostingserver.com/wwwroot/" local="132034609727994625" remote="132034744800000000" Dst="2" />
<file name="base.less" server="ntc6-p2stl.ezhostingserver.com/wwwroot/" local="132034609728374627" remote="132034744800000000" Dst="2" />
<file name="button.less" server="ntc6-p2stl.ezhostingserver.com/wwwroot/" local="132034609727844420" remote="132034744800000000" Dst="2" />
<file name="buttongroup.less" server="ntc6-p2stl.ezhostingserver.com/wwwroot/" local="132034609728514660" remote="132034744800000000" Dst="2" />
<file name="button.css" server="ntc6-p2stl.ezhostingserver.com/wwwroot/" local="132034610376501740" remote="132034744800000000" Dst="2" />
<file name="dark.css" server="ntc6-p2stl.ezhostingserver.com/wwwroot/" local="132034610055238766" remote="132034744800000000" Dst="2" />
<file name="dark.less" server="ntc6-p2stl.ezhostingserver.com/wwwroot/" local="132034609728234507" remote="132034744800000000" Dst="2" />
<file name="drawer.css" server="ntc6-p2stl.ezhostingserver.com/wwwroot/" local="132034610376481738" remote="132034744800000000" Dst="2" />
<file name="drawer.less" server="ntc6-p2stl.ezhostingserver.com/wwwroot/" local="132034609727924433" remote="132034744800000000" Dst="2" />
<file name="forms.less" server="ntc6-p2stl.ezhostingserver.com/wwwroot/" local="132034609728664599" remote="132034744800000000" Dst="2" />
<file name="listview.less" server="ntc6-p2stl.ezhostingserver.com/wwwroot/" local="132034609727544361" remote="132034744800000000" Dst="2" />
<file name="listview.css" server="ntc6-p2stl.ezhostingserver.com/wwwroot/" local="132034610376471831" remote="132034744800000000" Dst="2" />
<file name="modalview.less" server="ntc6-p2stl.ezhostingserver.com/wwwroot/" local="132034609728154488" remote="132034744800000000" Dst="2" />
<file name="navbar.less" server="ntc6-p2stl.ezhostingserver.com/wwwroot/" local="132034609728074469" remote="132034744800000000" Dst="2" />
<file name="popover.less" server="ntc6-p2stl.ezhostingserver.com/wwwroot/" local="132034609727774404" remote="132034744800000000" Dst="2" />
<file name="scroller.less" server="ntc6-p2stl.ezhostingserver.com/wwwroot/" local="132034609728304520" remote="132034744800000000" Dst="2" />
<file name="popover.css" server="ntc6-p2stl.ezhostingserver.com/wwwroot/" local="132034610376511749" remote="132034744800000000" Dst="2" />
<file name="scrollview.less" server="ntc6-p2stl.ezhostingserver.com/wwwroot/" local="132034609728584686" remote="132034744800000000" Dst="2" />
<file name="splitview.less" server="ntc6-p2stl.ezhostingserver.com/wwwroot/" local="132034609727624365" remote="132034744800000000" Dst="2" />
<file name="splitview.css" server="ntc6-p2stl.ezhostingserver.com/wwwroot/" local="132034610376491743" remote="132034744800000000" Dst="2" />
<file name="tabstrip.less" server="ntc6-p2stl.ezhostingserver.com/wwwroot/" local="132034609728804725" remote="132034744800000000" Dst="2" />
<file name="switch.less" server="ntc6-p2stl.ezhostingserver.com/wwwroot/" local="132034609728444565" remote="132034744800000000" Dst="2" />
<file name="template.less" server="ntc6-p2stl.ezhostingserver.com/wwwroot/" local="132034609727474336" remote="132034744800000000" Dst="2" />
<file name="toolbar.less" server="ntc6-p2stl.ezhostingserver.com/wwwroot/" local="132034609727694384" remote="132034744800000000" Dst="2" />
<file name="toolbar.css" server="ntc6-p2stl.ezhostingserver.com/wwwroot/" local="132034610376481738" remote="132034744800000000" Dst="2" />
<file name="all.less" server="ftp.gregorysblog.org/wwwroot/" local="132046800298784670" remote="132047074200000000" Dst="2" />
<file name="actionsheet.less" server="ftp.gregorysblog.org/wwwroot/" local="132046800298714651" remote="132047074200000000" Dst="2" />
<file name="base.less" server="ftp.gregorysblog.org/wwwroot/" local="132046800298864686" remote="132047074200000000" Dst="2" />
<file name="button.less" server="ftp.gregorysblog.org/wwwroot/" local="132046800299044730" remote="132047074200000000" Dst="2" />
<file name="buttongroup.less" server="ftp.gregorysblog.org/wwwroot/" local="132046800299144748" remote="132047074200000000" Dst="2" />
<file name="button.css" server="ftp.gregorysblog.org/wwwroot/" local="132046800298964702" remote="132047074200000000" Dst="2" />
<file name="dark.css" server="ftp.gregorysblog.org/wwwroot/" local="132046800299274775" remote="132047074200000000" Dst="2" />
<file name="dark.less" server="ftp.gregorysblog.org/wwwroot/" local="132046800299374802" remote="132047074200000000" Dst="2" />
<file name="drawer.css" server="ftp.gregorysblog.org/wwwroot/" local="132046800299504829" remote="132047074200000000" Dst="2" />
<file name="drawer.less" server="ftp.gregorysblog.org/wwwroot/" local="132046800299604854" remote="132047074200000000" Dst="2" />
<file name="forms.less" server="ftp.gregorysblog.org/wwwroot/" local="132046800299684870" remote="132047074200000000" Dst="2" />
<file name="listview.less" server="ftp.gregorysblog.org/wwwroot/" local="132046800299864907" remote="132047074200000000" Dst="2" />
<file name="modalview.less" server="ftp.gregorysblog.org/wwwroot/" local="132046800299944938" remote="132047074200000000" Dst="2" />
<file name="listview.css" server="ftp.gregorysblog.org/wwwroot/" local="132046800299784891" remote="132047074200000000" Dst="2" />
<file name="navbar.less" server="ftp.gregorysblog.org/wwwroot/" local="132046800300034945" remote="132047074200000000" Dst="2" />
<file name="popover.css" server="ftp.gregorysblog.org/wwwroot/" local="132046800300154975" remote="132047074200000000" Dst="2" />
<file name="popover.less" server="ftp.gregorysblog.org/wwwroot/" local="132046800300234994" remote="132047074200000000" Dst="2" />
<file name="scroller.less" server="ftp.gregorysblog.org/wwwroot/" local="132046800300315019" remote="132047074200000000" Dst="2" />
<file name="scrollview.less" server="ftp.gregorysblog.org/wwwroot/" local="132046800300395026" remote="132047074200000000" Dst="2" />
<file name="splitview.less" server="ftp.gregorysblog.org/wwwroot/" local="132046800300595069" remote="132047074200000000" Dst="2" />
<file name="splitview.css" server="ftp.gregorysblog.org/wwwroot/" local="132046800300505065" remote="132047074200000000" Dst="2" />
<file name="switch.less" server="ftp.gregorysblog.org/wwwroot/" local="132046800300695108" remote="132047074200000000" Dst="2" />
<file name="tabstrip.less" server="ftp.gregorysblog.org/wwwroot/" local="132046800300795118" remote="132047074200000000" Dst="2" />
<file name="template.less" server="ftp.gregorysblog.org/wwwroot/" local="132046800300895148" remote="132047074200000000" Dst="2" />
<file name="toolbar.css" server="ftp.gregorysblog.org/wwwroot/" local="132046800301075183" remote="132047074200000000" Dst="2" />
<file name="toolbar.less" server="ftp.gregorysblog.org/wwwroot/" local="132046800301165202" remote="132047074200000000" Dst="2" />
</dwsync>