<?xml version="1.0" encoding="utf-8" ?>
<dwsync>
<file name="editor.png" server="gregoryalexander.com/wwwroot/" local="132034609769593910" remote="132034691400000000" Dst="2" />
<file name="indeterminate.gif" server="gregoryalexander.com/wwwroot/" local="132034609770494099" remote="132034691400000000" Dst="2" />
<file name="loading-image.gif" server="gregoryalexander.com/wwwroot/" local="132034609769673917" remote="132034691400000000" Dst="2" />
<file name="imagebrowser.png" server="gregoryalexander.com/wwwroot/" local="132034609769773941" remote="132034691400000000" Dst="2" />
<file name="loading.gif" server="gregoryalexander.com/wwwroot/" local="132034609770144023" remote="132034691400000000" Dst="2" />
<file name="markers.png" server="gregoryalexander.com/wwwroot/" local="132034609770054004" remote="132034691400000000" Dst="2" />
<file name="loading_2x.gif" server="gregoryalexander.com/wwwroot/" local="132034609769953985" remote="132034691400000000" Dst="2" />
<file name="markers_2x.png" server="gregoryalexander.com/wwwroot/" local="132034609769874054" remote="132034691400000000" Dst="2" />
<file name="slider-v.gif" server="gregoryalexander.com/wwwroot/" local="132034609770224039" remote="132034691400000000" Dst="2" />
<file name="slider-h.gif" server="gregoryalexander.com/wwwroot/" local="132034609769383945" remote="132034691400000000" Dst="2" />
<file name="sprite.png" server="gregoryalexander.com/wwwroot/" local="132034609769303832" remote="132034691400000000" Dst="2" />
<file name="sprite_kpi.png" server="gregoryalexander.com/wwwroot/" local="132034609769203807" remote="132034691400000000" Dst="2" />
<file name="sprite_2x.png" server="gregoryalexander.com/wwwroot/" local="132034609769493969" remote="132034691400000000" Dst="2" />
<file name="sprite_kpi_2x.png" server="gregoryalexander.com/wwwroot/" local="132034609770404074" remote="132034691400000000" Dst="2" />
<file name="_variables.css" server="gregoryalexander.com/wwwroot/" local="132034610055838902" remote="132034691400000000" Dst="2" />
<file name="_variables.less" server="gregoryalexander.com/wwwroot/" local="132034609770294061" remote="132034691400000000" Dst="2" />
<file name="editor.png" server="ntc6-p2stl.ezhostingserver.com/wwwroot/" local="132034609769593910" remote="132034744800000000" Dst="2" />
<file name="imagebrowser.png" server="ntc6-p2stl.ezhostingserver.com/wwwroot/" local="132034609769773941" remote="132034744800000000" Dst="2" />
<file name="indeterminate.gif" server="ntc6-p2stl.ezhostingserver.com/wwwroot/" local="132034609770494099" remote="132034744800000000" Dst="2" />
<file name="loading-image.gif" server="ntc6-p2stl.ezhostingserver.com/wwwroot/" local="132034609769673917" remote="132034744800000000" Dst="2" />
<file name="loading.gif" server="ntc6-p2stl.ezhostingserver.com/wwwroot/" local="132034609770144023" remote="132034744800000000" Dst="2" />
<file name="loading_2x.gif" server="ntc6-p2stl.ezhostingserver.com/wwwroot/" local="132034609769953985" remote="132034744800000000" Dst="2" />
<file name="markers.png" server="ntc6-p2stl.ezhostingserver.com/wwwroot/" local="132034609770054004" remote="132034744800000000" Dst="2" />
<file name="markers_2x.png" server="ntc6-p2stl.ezhostingserver.com/wwwroot/" local="132034609769874054" remote="132034744800000000" Dst="2" />
<file name="slider-h.gif" server="ntc6-p2stl.ezhostingserver.com/wwwroot/" local="132034609769383945" remote="132034744800000000" Dst="2" />
<file name="slider-v.gif" server="ntc6-p2stl.ezhostingserver.com/wwwroot/" local="132034609770224039" remote="132034744800000000" Dst="2" />
<file name="sprite.png" server="ntc6-p2stl.ezhostingserver.com/wwwroot/" local="132034609769303832" remote="132034744800000000" Dst="2" />
<file name="sprite_2x.png" server="ntc6-p2stl.ezhostingserver.com/wwwroot/" local="132034609769493969" remote="132034744800000000" Dst="2" />
<file name="sprite_kpi.png" server="ntc6-p2stl.ezhostingserver.com/wwwroot/" local="132034609769203807" remote="132034744800000000" Dst="2" />
<file name="sprite_kpi_2x.png" server="ntc6-p2stl.ezhostingserver.com/wwwroot/" local="132034609770404074" remote="132034744800000000" Dst="2" />
<file name="_variables.css" server="ntc6-p2stl.ezhostingserver.com/wwwroot/" local="132034658782132981" remote="132034744800000000" Dst="2" />
<file name="_variables.less" server="ntc6-p2stl.ezhostingserver.com/wwwroot/" local="132034609770294061" remote="132034744800000000" Dst="2" />
<file name="editor.png" server="ftp.gregorysblog.org/wwwroot/" local="132046800338793674" remote="132047074800000000" Dst="2" />
<file name="imagebrowser.png" server="ftp.gregorysblog.org/wwwroot/" local="132046800338903705" remote="132047074800000000" Dst="2" />
<file name="loading-image.gif" server="ftp.gregorysblog.org/wwwroot/" local="132046800339243777" remote="132047074800000000" Dst="2" />
<file name="indeterminate.gif" server="ftp.gregorysblog.org/wwwroot/" local="132046800338993714" remote="132047074800000000" Dst="2" />
<file name="loading.gif" server="ftp.gregorysblog.org/wwwroot/" local="132046800339073833" remote="132047074800000000" Dst="2" />
<file name="loading_2x.gif" server="ftp.gregorysblog.org/wwwroot/" local="132046800339163755" remote="132047074800000000" Dst="2" />
<file name="markers.png" server="ftp.gregorysblog.org/wwwroot/" local="132046800339343798" remote="132047074800000000" Dst="2" />
<file name="markers_2x.png" server="ftp.gregorysblog.org/wwwroot/" local="132046800339443817" remote="132047074800000000" Dst="2" />
<file name="slider-h.gif" server="ftp.gregorysblog.org/wwwroot/" local="132046800339533839" remote="132047074800000000" Dst="2" />
<file name="slider-v.gif" server="ftp.gregorysblog.org/wwwroot/" local="132046800339623860" remote="132047074800000000" Dst="2" />
<file name="sprite.png" server="ftp.gregorysblog.org/wwwroot/" local="132046800339733882" remote="132047074800000000" Dst="2" />
<file name="sprite_2x.png" server="ftp.gregorysblog.org/wwwroot/" local="132046800339843906" remote="132047074800000000" Dst="2" />
<file name="sprite_kpi.png" server="ftp.gregorysblog.org/wwwroot/" local="132046800339933940" remote="132047074800000000" Dst="2" />
<file name="sprite_kpi_2x.png" server="ftp.gregorysblog.org/wwwroot/" local="132046800340043958" remote="132047074800000000" Dst="2" />
<file name="_variables.css" server="ftp.gregorysblog.org/wwwroot/" local="132046800338623631" remote="132047074800000000" Dst="2" />
<file name="_variables.less" server="ftp.gregorysblog.org/wwwroot/" local="132046800338693650" remote="132047074800000000" Dst="2" />
</dwsync>