<?xml version="1.0" encoding="utf-8" ?>
<dwsync>
<file name="actionsheet.less" server="gregoryalexander.com/wwwroot/" local="132034609724973763" remote="132034691400000000" Dst="2" />
<file name="all.less" server="gregoryalexander.com/wwwroot/" local="132034609724823721" remote="132034691400000000" Dst="2" />
<file name="button.less" server="gregoryalexander.com/wwwroot/" local="132034609725123789" remote="132034691400000000" Dst="2" />
<file name="base.less" server="gregoryalexander.com/wwwroot/" local="132034609724443643" remote="132034691400000000" Dst="2" />
<file name="drawer.less" server="gregoryalexander.com/wwwroot/" local="132034609725263925" remote="132034691400000000" Dst="2" />
<file name="buttongroup.less" server="gregoryalexander.com/wwwroot/" local="132034609724893886" remote="132034691400000000" Dst="2" />
<file name="listview.less" server="gregoryalexander.com/wwwroot/" local="132034609725503889" remote="132034691400000000" Dst="2" />
<file name="forms.css" server="gregoryalexander.com/wwwroot/" local="132034610376491743" remote="132034691400000000" Dst="2" />
<file name="forms.less" server="gregoryalexander.com/wwwroot/" local="132034609724515675" remote="132034691400000000" Dst="2" />
<file name="modalview.less" server="gregoryalexander.com/wwwroot/" local="132034609724733715" remote="132034691400000000" Dst="2" />
<file name="navbar.css" server="gregoryalexander.com/wwwroot/" local="132034610376511749" remote="132034691400000000" Dst="2" />
<file name="modalview.css" server="gregoryalexander.com/wwwroot/" local="132034610376501740" remote="132034691400000000" Dst="2" />
<file name="navbar.less" server="gregoryalexander.com/wwwroot/" local="132034609724663698" remote="132034691400000000" Dst="2" />
<file name="scroller.css" server="gregoryalexander.com/wwwroot/" local="132034610376501740" remote="132034691400000000" Dst="2" />
<file name="popover.less" server="gregoryalexander.com/wwwroot/" local="132034609725413867" remote="132034691400000000" Dst="2" />
<file name="scroller.less" server="gregoryalexander.com/wwwroot/" local="132034609724593676" remote="132034691400000000" Dst="2" />
<file name="scrollview.less" server="gregoryalexander.com/wwwroot/" local="132034609725673924" remote="132034691400000000" Dst="2" />
<file name="splitview.less" server="gregoryalexander.com/wwwroot/" local="132034609725193902" remote="132034691400000000" Dst="2" />
<file name="switch.css" server="gregoryalexander.com/wwwroot/" local="132034610376491743" remote="132034691400000000" Dst="2" />
<file name="switch.less" server="gregoryalexander.com/wwwroot/" local="132034609724373627" remote="132034691400000000" Dst="2" />
<file name="tabstrip.less" server="gregoryalexander.com/wwwroot/" local="132034609725043776" remote="132034691400000000" Dst="2" />
<file name="template.less" server="gregoryalexander.com/wwwroot/" local="132034609725333890" remote="132034691400000000" Dst="2" />
<file name="toolbar.less" server="gregoryalexander.com/wwwroot/" local="132034609725593902" remote="132034691400000000" Dst="2" />
<file name="actionsheet.less" server="ntc6-p2stl.ezhostingserver.com/wwwroot/" local="132034609724973763" remote="132034744800000000" Dst="2" />
<file name="all.less" server="ntc6-p2stl.ezhostingserver.com/wwwroot/" local="132034609724823721" remote="132034744800000000" Dst="2" />
<file name="base.less" server="ntc6-p2stl.ezhostingserver.com/wwwroot/" local="132034609724443643" remote="132034744800000000" Dst="2" />
<file name="button.less" server="ntc6-p2stl.ezhostingserver.com/wwwroot/" local="132034609725123789" remote="132034744800000000" Dst="2" />
<file name="buttongroup.less" server="ntc6-p2stl.ezhostingserver.com/wwwroot/" local="132034609724893886" remote="132034744800000000" Dst="2" />
<file name="drawer.less" server="ntc6-p2stl.ezhostingserver.com/wwwroot/" local="132034609725263925" remote="132034744800000000" Dst="2" />
<file name="forms.less" server="ntc6-p2stl.ezhostingserver.com/wwwroot/" local="132034609724515675" remote="132034744800000000" Dst="2" />
<file name="forms.css" server="ntc6-p2stl.ezhostingserver.com/wwwroot/" local="132034610376491743" remote="132034744800000000" Dst="2" />
<file name="listview.less" server="ntc6-p2stl.ezhostingserver.com/wwwroot/" local="132034609725503889" remote="132034744800000000" Dst="2" />
<file name="modalview.css" server="ntc6-p2stl.ezhostingserver.com/wwwroot/" local="132034610376501740" remote="132034744800000000" Dst="2" />
<file name="modalview.less" server="ntc6-p2stl.ezhostingserver.com/wwwroot/" local="132034609724733715" remote="132034744800000000" Dst="2" />
<file name="navbar.css" server="ntc6-p2stl.ezhostingserver.com/wwwroot/" local="132034610376511749" remote="132034744800000000" Dst="2" />
<file name="navbar.less" server="ntc6-p2stl.ezhostingserver.com/wwwroot/" local="132034609724663698" remote="132034744800000000" Dst="2" />
<file name="popover.less" server="ntc6-p2stl.ezhostingserver.com/wwwroot/" local="132034609725413867" remote="132034744800000000" Dst="2" />
<file name="scroller.css" server="ntc6-p2stl.ezhostingserver.com/wwwroot/" local="132034610376501740" remote="132034744800000000" Dst="2" />
<file name="scrollview.less" server="ntc6-p2stl.ezhostingserver.com/wwwroot/" local="132034609725673924" remote="132034744800000000" Dst="2" />
<file name="scroller.less" server="ntc6-p2stl.ezhostingserver.com/wwwroot/" local="132034609724593676" remote="132034744800000000" Dst="2" />
<file name="splitview.less" server="ntc6-p2stl.ezhostingserver.com/wwwroot/" local="132034609725193902" remote="132034744800000000" Dst="2" />
<file name="switch.less" server="ntc6-p2stl.ezhostingserver.com/wwwroot/" local="132034609724373627" remote="132034744800000000" Dst="2" />
<file name="switch.css" server="ntc6-p2stl.ezhostingserver.com/wwwroot/" local="132034610376491743" remote="132034744800000000" Dst="2" />
<file name="tabstrip.less" server="ntc6-p2stl.ezhostingserver.com/wwwroot/" local="132034609725043776" remote="132034744800000000" Dst="2" />
<file name="template.less" server="ntc6-p2stl.ezhostingserver.com/wwwroot/" local="132034609725333890" remote="132034744800000000" Dst="2" />
<file name="toolbar.less" server="ntc6-p2stl.ezhostingserver.com/wwwroot/" local="132034609725593902" remote="132034744800000000" Dst="2" />
<file name="actionsheet.less" server="ftp.gregorysblog.org/wwwroot/" local="132046800304025850" remote="132047074200000000" Dst="2" />
<file name="all.less" server="ftp.gregorysblog.org/wwwroot/" local="132046800304105857" remote="132047074200000000" Dst="2" />
<file name="base.less" server="ftp.gregorysblog.org/wwwroot/" local="132046800304195921" remote="132047074200000000" Dst="2" />
<file name="button.less" server="ftp.gregorysblog.org/wwwroot/" local="132046800304275903" remote="132047074200000000" Dst="2" />
<file name="buttongroup.less" server="ftp.gregorysblog.org/wwwroot/" local="132046800304355919" remote="132047074200000000" Dst="2" />
<file name="drawer.less" server="ftp.gregorysblog.org/wwwroot/" local="132046800304435944" remote="132047074200000000" Dst="2" />
<file name="forms.less" server="ftp.gregorysblog.org/wwwroot/" local="132046800304645978" remote="132047074200000000" Dst="2" />
<file name="listview.less" server="ftp.gregorysblog.org/wwwroot/" local="132046800304725994" remote="132047074200000000" Dst="2" />
<file name="forms.css" server="ftp.gregorysblog.org/wwwroot/" local="132046800304565989" remote="132047074200000000" Dst="2" />
<file name="modalview.css" server="ftp.gregorysblog.org/wwwroot/" local="132046800304826040" remote="132047074200000000" Dst="2" />
<file name="modalview.less" server="ftp.gregorysblog.org/wwwroot/" local="132046800304896053" remote="132047074200000000" Dst="2" />
<file name="navbar.css" server="ftp.gregorysblog.org/wwwroot/" local="132046800304996077" remote="132047074200000000" Dst="2" />
<file name="popover.less" server="ftp.gregorysblog.org/wwwroot/" local="132046800305186127" remote="132047074800000000" Dst="2" />
<file name="navbar.less" server="ftp.gregorysblog.org/wwwroot/" local="132046800305086090" remote="132047074200000000" Dst="2" />
<file name="scroller.css" server="ftp.gregorysblog.org/wwwroot/" local="132046800305306148" remote="132047074800000000" Dst="2" />
<file name="scroller.less" server="ftp.gregorysblog.org/wwwroot/" local="132046800305376152" remote="132047074800000000" Dst="2" />
<file name="scrollview.less" server="ftp.gregorysblog.org/wwwroot/" local="132046800305456171" remote="132047074800000000" Dst="2" />
<file name="splitview.less" server="ftp.gregorysblog.org/wwwroot/" local="132046800305536187" remote="132047074800000000" Dst="2" />
<file name="switch.less" server="ftp.gregorysblog.org/wwwroot/" local="132046800305716227" remote="132047074800000000" Dst="2" />
<file name="switch.css" server="ftp.gregorysblog.org/wwwroot/" local="132046800305646217" remote="132047074800000000" Dst="2" />
<file name="tabstrip.less" server="ftp.gregorysblog.org/wwwroot/" local="132046800305786253" remote="132047074800000000" Dst="2" />
<file name="template.less" server="ftp.gregorysblog.org/wwwroot/" local="132046800305866263" remote="132047074800000000" Dst="2" />
<file name="toolbar.less" server="ftp.gregorysblog.org/wwwroot/" local="132046800305936282" remote="132047074800000000" Dst="2" />
</dwsync>