<?xml version="1.0" encoding="utf-8" ?>
<dwsync>
<file name="actionsheet.less" server="gregoryalexander.com/wwwroot/" local="132034609723503428" remote="132034690800000000" Dst="2" />
<file name="all.less" server="gregoryalexander.com/wwwroot/" local="132034609723063423" remote="132034690800000000" Dst="2" />
<file name="base.css" server="gregoryalexander.com/wwwroot/" local="132034610097328419" remote="132034690800000000" Dst="2" />
<file name="base.less" server="gregoryalexander.com/wwwroot/" local="132034609722993310" remote="132034690800000000" Dst="2" />
<file name="button.less" server="gregoryalexander.com/wwwroot/" local="132034609723143343" remote="132034690800000000" Dst="2" />
<file name="buttongroup.less" server="gregoryalexander.com/wwwroot/" local="132034609723573435" remote="132034690800000000" Dst="2" />
<file name="drawer.less" server="gregoryalexander.com/wwwroot/" local="132034609723353486" remote="132034690800000000" Dst="2" />
<file name="forms.less" server="gregoryalexander.com/wwwroot/" local="132034609723433408" remote="132034690800000000" Dst="2" />
<file name="listview.less" server="gregoryalexander.com/wwwroot/" local="132034609724033641" remote="132034690800000000" Dst="2" />
<file name="modalview.less" server="gregoryalexander.com/wwwroot/" local="132034609723963531" remote="132034690800000000" Dst="2" />
<file name="navbar.less" server="gregoryalexander.com/wwwroot/" local="132034609723883512" remote="132034690800000000" Dst="2" />
<file name="popover.less" server="gregoryalexander.com/wwwroot/" local="132034609724183580" remote="132034690800000000" Dst="2" />
<file name="scroller.less" server="gregoryalexander.com/wwwroot/" local="132034609723653454" remote="132034690800000000" Dst="2" />
<file name="scrollview.less" server="gregoryalexander.com/wwwroot/" local="132034609723803592" remote="132034690800000000" Dst="2" />
<file name="splitview.less" server="gregoryalexander.com/wwwroot/" local="132034609723213356" remote="132034690800000000" Dst="2" />
<file name="switch.less" server="gregoryalexander.com/wwwroot/" local="132034609723733473" remote="132034690800000000" Dst="2" />
<file name="tabstrip.less" server="gregoryalexander.com/wwwroot/" local="132034609723283469" remote="132034690800000000" Dst="2" />
<file name="template.less" server="gregoryalexander.com/wwwroot/" local="132034609724253708" remote="132034690800000000" Dst="2" />
<file name="toolbar.less" server="gregoryalexander.com/wwwroot/" local="132034609724105622" remote="132034690800000000" Dst="2" />
<file name="actionsheet.less" server="ntc6-p2stl.ezhostingserver.com/wwwroot/" local="132034609723503428" remote="132034744200000000" Dst="2" />
<file name="all.less" server="ntc6-p2stl.ezhostingserver.com/wwwroot/" local="132034609723063423" remote="132034744200000000" Dst="2" />
<file name="base.css" server="ntc6-p2stl.ezhostingserver.com/wwwroot/" local="132034610097328419" remote="132034744200000000" Dst="2" />
<file name="base.less" server="ntc6-p2stl.ezhostingserver.com/wwwroot/" local="132034609722993310" remote="132034744200000000" Dst="2" />
<file name="button.less" server="ntc6-p2stl.ezhostingserver.com/wwwroot/" local="132034609723143343" remote="132034744200000000" Dst="2" />
<file name="buttongroup.less" server="ntc6-p2stl.ezhostingserver.com/wwwroot/" local="132034609723573435" remote="132034744200000000" Dst="2" />
<file name="drawer.less" server="ntc6-p2stl.ezhostingserver.com/wwwroot/" local="132034609723353486" remote="132034744200000000" Dst="2" />
<file name="forms.less" server="ntc6-p2stl.ezhostingserver.com/wwwroot/" local="132034609723433408" remote="132034744200000000" Dst="2" />
<file name="listview.less" server="ntc6-p2stl.ezhostingserver.com/wwwroot/" local="132034609724033641" remote="132034744200000000" Dst="2" />
<file name="modalview.less" server="ntc6-p2stl.ezhostingserver.com/wwwroot/" local="132034609723963531" remote="132034744200000000" Dst="2" />
<file name="navbar.less" server="ntc6-p2stl.ezhostingserver.com/wwwroot/" local="132034609723883512" remote="132034744200000000" Dst="2" />
<file name="popover.less" server="ntc6-p2stl.ezhostingserver.com/wwwroot/" local="132034609724183580" remote="132034744200000000" Dst="2" />
<file name="scroller.less" server="ntc6-p2stl.ezhostingserver.com/wwwroot/" local="132034609723653454" remote="132034744200000000" Dst="2" />
<file name="scrollview.less" server="ntc6-p2stl.ezhostingserver.com/wwwroot/" local="132034609723803592" remote="132034744200000000" Dst="2" />
<file name="splitview.less" server="ntc6-p2stl.ezhostingserver.com/wwwroot/" local="132034609723213356" remote="132034744200000000" Dst="2" />
<file name="switch.less" server="ntc6-p2stl.ezhostingserver.com/wwwroot/" local="132034609723733473" remote="132034744200000000" Dst="2" />
<file name="tabstrip.less" server="ntc6-p2stl.ezhostingserver.com/wwwroot/" local="132034609723283469" remote="132034744200000000" Dst="2" />
<file name="template.less" server="ntc6-p2stl.ezhostingserver.com/wwwroot/" local="132034609724253708" remote="132034744200000000" Dst="2" />
<file name="toolbar.less" server="ntc6-p2stl.ezhostingserver.com/wwwroot/" local="132034609724105622" remote="132034744200000000" Dst="2" />
<file name="actionsheet.less" server="ftp.gregorysblog.org/wwwroot/" local="132046800292863343" remote="132047074200000000" Dst="2" />
<file name="all.less" server="ftp.gregorysblog.org/wwwroot/" local="132046800292933359" remote="132047074200000000" Dst="2" />
<file name="base.css" server="ftp.gregorysblog.org/wwwroot/" local="132046800293043386" remote="132047074200000000" Dst="2" />
<file name="base.less" server="ftp.gregorysblog.org/wwwroot/" local="132046800293113406" remote="132047074200000000" Dst="2" />
<file name="button.less" server="ftp.gregorysblog.org/wwwroot/" local="132046800293193404" remote="132047074200000000" Dst="2" />
<file name="drawer.less" server="ftp.gregorysblog.org/wwwroot/" local="132046800293333451" remote="132047074200000000" Dst="2" />
<file name="buttongroup.less" server="ftp.gregorysblog.org/wwwroot/" local="132046800293263444" remote="132047074200000000" Dst="2" />
<file name="forms.less" server="ftp.gregorysblog.org/wwwroot/" local="132046800293403461" remote="132047074200000000" Dst="2" />
<file name="listview.less" server="ftp.gregorysblog.org/wwwroot/" local="132046800293473472" remote="132047074200000000" Dst="2" />
<file name="modalview.less" server="ftp.gregorysblog.org/wwwroot/" local="132046800293543497" remote="132047074200000000" Dst="2" />
<file name="navbar.less" server="ftp.gregorysblog.org/wwwroot/" local="132046800293623513" remote="132047074200000000" Dst="2" />
<file name="popover.less" server="ftp.gregorysblog.org/wwwroot/" local="132046800293683614" remote="132047074200000000" Dst="2" />
<file name="scroller.less" server="ftp.gregorysblog.org/wwwroot/" local="132046800293753630" remote="132047074200000000" Dst="2" />
<file name="scrollview.less" server="ftp.gregorysblog.org/wwwroot/" local="132046800293833556" remote="132047074200000000" Dst="2" />
<file name="splitview.less" server="ftp.gregorysblog.org/wwwroot/" local="132046800293903575" remote="132047074200000000" Dst="2" />
<file name="switch.less" server="ftp.gregorysblog.org/wwwroot/" local="132046800293983594" remote="132047074200000000" Dst="2" />
<file name="tabstrip.less" server="ftp.gregorysblog.org/wwwroot/" local="132046800294053613" remote="132047074200000000" Dst="2" />
<file name="toolbar.less" server="ftp.gregorysblog.org/wwwroot/" local="132046800294193637" remote="132047074200000000" Dst="2" />
<file name="template.less" server="ftp.gregorysblog.org/wwwroot/" local="132046800294123626" remote="132047074200000000" Dst="2" />
<file name="actionsheet.css" server="ftp.gregorysblog.org/wwwroot/" local="132046800604348234" remote="132047074200000000" Dst="2" />
</dwsync>