<?xml version="1.0" encoding="utf-8" ?>
<dwsync>
<file name="imagebrowser.png" server="gregoryalexander.com/wwwroot/" local="132034609750109470" remote="132034691400000000" Dst="2" />
<file name="editor.png" server="gregoryalexander.com/wwwroot/" local="132034609749469323" remote="132034691400000000" Dst="2" />
<file name="indeterminate.gif" server="gregoryalexander.com/wwwroot/" local="132034609750289508" remote="132034691400000000" Dst="2" />
<file name="loading-image.gif" server="gregoryalexander.com/wwwroot/" local="132034609749179261" remote="132034691400000000" Dst="2" />
<file name="loading.gif" server="gregoryalexander.com/wwwroot/" local="132034609749739476" remote="132034691400000000" Dst="2" />
<file name="loading_2x.gif" server="gregoryalexander.com/wwwroot/" local="132034609749929426" remote="132034691400000000" Dst="2" />
<file name="markers.png" server="gregoryalexander.com/wwwroot/" local="132034609749839410" remote="132034691400000000" Dst="2" />
<file name="markers_2x.png" server="gregoryalexander.com/wwwroot/" local="132034609749659370" remote="132034691400000000" Dst="2" />
<file name="slider-v.gif" server="gregoryalexander.com/wwwroot/" local="132034609749089233" remote="132034691400000000" Dst="2" />
<file name="slider-h.gif" server="gregoryalexander.com/wwwroot/" local="132034609750009446" remote="132034691400000000" Dst="2" />
<file name="sprite.png" server="gregoryalexander.com/wwwroot/" local="132034609749569345" remote="132034691400000000" Dst="2" />
<file name="sprite_kpi.png" server="gregoryalexander.com/wwwroot/" local="132034609750399536" remote="132034691400000000" Dst="2" />
<file name="sprite_kpi_2x.png" server="gregoryalexander.com/wwwroot/" local="132034609750199498" remote="132034691400000000" Dst="2" />
<file name="sprite_2x.png" server="gregoryalexander.com/wwwroot/" local="132034609749359398" remote="132034691400000000" Dst="2" />
<file name="_variables.css" server="gregoryalexander.com/wwwroot/" local="132034610055408801" remote="132034691400000000" Dst="2" />
<file name="_variables.less" server="gregoryalexander.com/wwwroot/" local="132034609749259280" remote="132034691400000000" Dst="2" />
<file name="editor.png" server="ntc6-p2stl.ezhostingserver.com/wwwroot/" local="132034609749469323" remote="132034744800000000" Dst="2" />
<file name="imagebrowser.png" server="ntc6-p2stl.ezhostingserver.com/wwwroot/" local="132034609750109470" remote="132034744800000000" Dst="2" />
<file name="loading-image.gif" server="ntc6-p2stl.ezhostingserver.com/wwwroot/" local="132034609749179261" remote="132034744800000000" Dst="2" />
<file name="indeterminate.gif" server="ntc6-p2stl.ezhostingserver.com/wwwroot/" local="132034609750289508" remote="132034744800000000" Dst="2" />
<file name="loading.gif" server="ntc6-p2stl.ezhostingserver.com/wwwroot/" local="132034609749739476" remote="132034744800000000" Dst="2" />
<file name="loading_2x.gif" server="ntc6-p2stl.ezhostingserver.com/wwwroot/" local="132034609749929426" remote="132034744800000000" Dst="2" />
<file name="markers.png" server="ntc6-p2stl.ezhostingserver.com/wwwroot/" local="132034609749839410" remote="132034744800000000" Dst="2" />
<file name="markers_2x.png" server="ntc6-p2stl.ezhostingserver.com/wwwroot/" local="132034609749659370" remote="132034744800000000" Dst="2" />
<file name="slider-h.gif" server="ntc6-p2stl.ezhostingserver.com/wwwroot/" local="132034609750009446" remote="132034744800000000" Dst="2" />
<file name="slider-v.gif" server="ntc6-p2stl.ezhostingserver.com/wwwroot/" local="132034609749089233" remote="132034744800000000" Dst="2" />
<file name="sprite.png" server="ntc6-p2stl.ezhostingserver.com/wwwroot/" local="132034609749569345" remote="132034744800000000" Dst="2" />
<file name="sprite_2x.png" server="ntc6-p2stl.ezhostingserver.com/wwwroot/" local="132034609749359398" remote="132034744800000000" Dst="2" />
<file name="sprite_kpi.png" server="ntc6-p2stl.ezhostingserver.com/wwwroot/" local="132034609750399536" remote="132034744800000000" Dst="2" />
<file name="sprite_kpi_2x.png" server="ntc6-p2stl.ezhostingserver.com/wwwroot/" local="132034609750199498" remote="132034744800000000" Dst="2" />
<file name="_variables.css" server="ntc6-p2stl.ezhostingserver.com/wwwroot/" local="132034658782132981" remote="132034744800000000" Dst="2" />
<file name="_variables.less" server="ntc6-p2stl.ezhostingserver.com/wwwroot/" local="132034609749259280" remote="132034744800000000" Dst="2" />
<file name="editor.png" server="ftp.gregorysblog.org/wwwroot/" local="132046800331562041" remote="132047074800000000" Dst="2" />
<file name="imagebrowser.png" server="ftp.gregorysblog.org/wwwroot/" local="132046800331662068" remote="132047074800000000" Dst="2" />
<file name="indeterminate.gif" server="ftp.gregorysblog.org/wwwroot/" local="132046800331752093" remote="132047074800000000" Dst="2" />
<file name="loading-image.gif" server="ftp.gregorysblog.org/wwwroot/" local="132046800332022161" remote="132047074800000000" Dst="2" />
<file name="loading.gif" server="ftp.gregorysblog.org/wwwroot/" local="132046800331842121" remote="132047074800000000" Dst="2" />
<file name="loading_2x.gif" server="ftp.gregorysblog.org/wwwroot/" local="132046800331932140" remote="132047074800000000" Dst="2" />
<file name="markers.png" server="ftp.gregorysblog.org/wwwroot/" local="132046800332122168" remote="132047074800000000" Dst="2" />
<file name="markers_2x.png" server="ftp.gregorysblog.org/wwwroot/" local="132046800332232195" remote="132047074800000000" Dst="2" />
<file name="slider-v.gif" server="ftp.gregorysblog.org/wwwroot/" local="132046800332402227" remote="132047074800000000" Dst="2" />
<file name="slider-h.gif" server="ftp.gregorysblog.org/wwwroot/" local="132046800332312223" remote="132047074800000000" Dst="2" />
<file name="sprite.png" server="ftp.gregorysblog.org/wwwroot/" local="132046800332512251" remote="132047074800000000" Dst="2" />
<file name="sprite_kpi_2x.png" server="ftp.gregorysblog.org/wwwroot/" local="132046800332872335" remote="132047074800000000" Dst="2" />
<file name="sprite_kpi.png" server="ftp.gregorysblog.org/wwwroot/" local="132046800332762308" remote="132047074800000000" Dst="2" />
<file name="sprite_2x.png" server="ftp.gregorysblog.org/wwwroot/" local="132046800332642281" remote="132047074800000000" Dst="2" />
<file name="_variables.css" server="ftp.gregorysblog.org/wwwroot/" local="132046800331372004" remote="132047074800000000" Dst="2" />
<file name="_variables.less" server="ftp.gregorysblog.org/wwwroot/" local="132046800331452016" remote="132047074800000000" Dst="2" />
</dwsync>