<?xml version="1.0" encoding="utf-8" ?>
<dwsync>
<file name="dejavu.css" server="gregoryalexander.com/wwwroot/" local="132034610055458805" remote="132034691400000000" Dst="2" />
<file name="dejavu.less" server="gregoryalexander.com/wwwroot/" local="132034609755480784" remote="132034691400000000" Dst="2" />
<file name="DejaVuSans-ExtraLight.ttf" server="gregoryalexander.com/wwwroot/" local="132034609754220402" remote="132034691400000000" Dst="2" />
<file name="DejaVuSans-BoldOblique.ttf" server="gregoryalexander.com/wwwroot/" local="132034609755200628" remote="132034691400000000" Dst="2" />
<file name="DejaVuSans-Bold.ttf" server="gregoryalexander.com/wwwroot/" local="132034609755670828" remote="132034691400000000" Dst="2" />
<file name="DejaVuSans-Oblique.ttf" server="gregoryalexander.com/wwwroot/" local="132034609754560623" remote="132034692000000000" Dst="2" />
<file name="DejaVuSansMono-Bold.ttf" server="gregoryalexander.com/wwwroot/" local="132034609756240865" remote="132034692000000000" Dst="2" />
<file name="DejaVuSans.ttf" server="gregoryalexander.com/wwwroot/" local="132034609755400765" remote="132034692000000000" Dst="2" />
<file name="DejaVuSansMono-BoldOblique.ttf" server="gregoryalexander.com/wwwroot/" local="132034609755010678" remote="132034692000000000" Dst="2" />
<file name="DejaVuSansMono-Oblique.ttf" server="gregoryalexander.com/wwwroot/" local="132034609754710523" remote="132034692000000000" Dst="2" />
<file name="DejaVuSansMono.ttf" server="gregoryalexander.com/wwwroot/" local="132034609754370434" remote="132034692000000000" Dst="2" />
<file name="DejaVuSerif-Bold.ttf" server="gregoryalexander.com/wwwroot/" local="132034609755970815" remote="132034692000000000" Dst="2" />
<file name="DejaVuSerif-BoldItalic.ttf" server="gregoryalexander.com/wwwroot/" local="132034609756400910" remote="132034692000000000" Dst="2" />
<file name="LICENSE.txt" server="gregoryalexander.com/wwwroot/" local="132034609756090824" remote="132034692000000000" Dst="2" />
<file name="DejaVuSerif-Italic.ttf" server="gregoryalexander.com/wwwroot/" local="132034609755820767" remote="132034692000000000" Dst="2" />
<file name="DejaVuSerif.ttf" server="gregoryalexander.com/wwwroot/" local="132034609754860552" remote="132034692000000000" Dst="2" />
<file name="dejavu.css" server="ntc6-p2stl.ezhostingserver.com/wwwroot/" local="132034610055458805" remote="132034744800000000" Dst="2" />
<file name="dejavu.less" server="ntc6-p2stl.ezhostingserver.com/wwwroot/" local="132034609755480784" remote="132034744800000000" Dst="2" />
<file name="DejaVuSans-ExtraLight.ttf" server="ntc6-p2stl.ezhostingserver.com/wwwroot/" local="132034609754220402" remote="132034744800000000" Dst="2" />
<file name="DejaVuSans-Bold.ttf" server="ntc6-p2stl.ezhostingserver.com/wwwroot/" local="132034609755670828" remote="132034744800000000" Dst="2" />
<file name="DejaVuSans-BoldOblique.ttf" server="ntc6-p2stl.ezhostingserver.com/wwwroot/" local="132034609755200628" remote="132034744800000000" Dst="2" />
<file name="DejaVuSansMono-Bold.ttf" server="ntc6-p2stl.ezhostingserver.com/wwwroot/" local="132034609756240865" remote="132034744800000000" Dst="2" />
<file name="DejaVuSans.ttf" server="ntc6-p2stl.ezhostingserver.com/wwwroot/" local="132034609755400765" remote="132034744800000000" Dst="2" />
<file name="DejaVuSansMono-BoldOblique.ttf" server="ntc6-p2stl.ezhostingserver.com/wwwroot/" local="132034609755010678" remote="132034744800000000" Dst="2" />
<file name="DejaVuSans-Oblique.ttf" server="ntc6-p2stl.ezhostingserver.com/wwwroot/" local="132034609754560623" remote="132034744800000000" Dst="2" />
<file name="DejaVuSansMono-Oblique.ttf" server="ntc6-p2stl.ezhostingserver.com/wwwroot/" local="132034609754710523" remote="132034744800000000" Dst="2" />
<file name="DejaVuSansMono.ttf" server="ntc6-p2stl.ezhostingserver.com/wwwroot/" local="132034609754370434" remote="132034744800000000" Dst="2" />
<file name="DejaVuSerif-Bold.ttf" server="ntc6-p2stl.ezhostingserver.com/wwwroot/" local="132034609755970815" remote="132034744800000000" Dst="2" />
<file name="DejaVuSerif-BoldItalic.ttf" server="ntc6-p2stl.ezhostingserver.com/wwwroot/" local="132034609756400910" remote="132034744800000000" Dst="2" />
<file name="LICENSE.txt" server="ntc6-p2stl.ezhostingserver.com/wwwroot/" local="132034609756090824" remote="132034744800000000" Dst="2" />
<file name="DejaVuSerif-Italic.ttf" server="ntc6-p2stl.ezhostingserver.com/wwwroot/" local="132034609755820767" remote="132034744800000000" Dst="2" />
<file name="DejaVuSerif.ttf" server="ntc6-p2stl.ezhostingserver.com/wwwroot/" local="132034609754860552" remote="132034744800000000" Dst="2" />
<file name="dejavu.css" server="ftp.gregorysblog.org/wwwroot/" local="132046800340454050" remote="132047074800000000" Dst="2" />
<file name="dejavu.less" server="ftp.gregorysblog.org/wwwroot/" local="132046800340544065" remote="132047074800000000" Dst="2" />
<file name="DejaVuSans-ExtraLight.ttf" server="ftp.gregorysblog.org/wwwroot/" local="132046800341264321" remote="132047074800000000" Dst="2" />
<file name="DejaVuSans-Bold.ttf" server="ftp.gregorysblog.org/wwwroot/" local="132046800340934248" remote="132047074800000000" Dst="2" />
<file name="DejaVuSans-BoldOblique.ttf" server="ftp.gregorysblog.org/wwwroot/" local="132046800341114201" remote="132047074800000000" Dst="2" />
<file name="DejaVuSans-Oblique.ttf" server="ftp.gregorysblog.org/wwwroot/" local="132046800342024403" remote="132047074800000000" Dst="2" />
<file name="DejaVuSansMono-Bold.ttf" server="ftp.gregorysblog.org/wwwroot/" local="132046800341564295" remote="132047074800000000" Dst="2" />
<file name="DejaVuSansMono-BoldOblique.ttf" server="ftp.gregorysblog.org/wwwroot/" local="132046800341694418" remote="132047074800000000" Dst="2" />
<file name="DejaVuSans.ttf" server="ftp.gregorysblog.org/wwwroot/" local="132046800340744142" remote="132047074800000000" Dst="2" />
<file name="DejaVuSansMono-Oblique.ttf" server="ftp.gregorysblog.org/wwwroot/" local="132046800341844360" remote="132047074800000000" Dst="2" />
<file name="DejaVuSansMono.ttf" server="ftp.gregorysblog.org/wwwroot/" local="132046800341414278" remote="132047074800000000" Dst="2" />
<file name="DejaVuSerif-Bold.ttf" server="ftp.gregorysblog.org/wwwroot/" local="132046800342334476" remote="132047074800000000" Dst="2" />
<file name="DejaVuSerif-BoldItalic.ttf" server="ftp.gregorysblog.org/wwwroot/" local="132046800342484500" remote="132047074800000000" Dst="2" />
<file name="DejaVuSerif-Italic.ttf" server="ftp.gregorysblog.org/wwwroot/" local="132046800342794570" remote="132047074800000000" Dst="2" />
<file name="LICENSE.txt" server="ftp.gregorysblog.org/wwwroot/" local="132046800342894691" remote="132047074800000000" Dst="2" />
<file name="DejaVuSerif.ttf" server="ftp.gregorysblog.org/wwwroot/" local="132046800342184432" remote="132047074800000000" Dst="2" />
</dwsync>