<?xml version="1.0" encoding="utf-8" ?>
<dwsync>
<file name="about.cfm" server="ftp.gregorysblog.org/wwwroot/" local="132048334926213930" remote="132048406800000000" Dst="2" />
<file name="addThis.cfm" server="ftp.gregorysblog.org/wwwroot/" local="132046799887191758" remote="132047080800000000" Dst="2" />
<file name="addCommentSubscribe.cfm" server="ftp.gregorysblog.org/wwwroot/" local="132046799887071731" remote="132047080800000000" Dst="2" />
<file name="Application.cfc" server="ftp.gregorysblog.org/wwwroot/" local="132048839448369521" remote="132048911400000000" Dst="2" />
<file name="applicationProxyReference.cfc" server="ftp.gregorysblog.org/wwwroot/" local="132046799889772242" remote="132047080800000000" Dst="2" />
<file name="confirmsubscription.cfm" server="ftp.gregorysblog.org/wwwroot/" local="132046799889882266" remote="132047080800000000" Dst="2" />
<file name="googlesitemap.cfm" server="ftp.gregorysblog.org/wwwroot/" local="132046799890002302" remote="132047080800000000" Dst="2" />
<file name="index.cfm" server="ftp.gregorysblog.org/wwwroot/" local="132046799890142332" remote="132047080800000000" Dst="2" />
<file name="LICENSE-2.0.txt" server="ftp.gregorysblog.org/wwwroot/" local="132046800513287734" remote="132047080800000000" Dst="2" />
<file name="page.cfm" server="ftp.gregorysblog.org/wwwroot/" local="132046799890272359" remote="132047080800000000" Dst="2" />
<file name="print.cfm" server="ftp.gregorysblog.org/wwwroot/" local="132046799890404808" remote="132047080800000000" Dst="2" />
<file name="rss.cfm" server="ftp.gregorysblog.org/wwwroot/" local="132046799890634863" remote="132047080800000000" Dst="2" />
<file name="robots.txt" server="ftp.gregorysblog.org/wwwroot/" local="132046799890514836" remote="132047019600000000" Dst="2" />
<file name="search.cfm" server="ftp.gregorysblog.org/wwwroot/" local="132046799890744902" remote="132047080800000000" Dst="2" />
<file name="searchResults.cfm" server="ftp.gregorysblog.org/wwwroot/" local="132046799890874923" remote="132047080800000000" Dst="2" />
<file name="showCaptcha.cfm" server="ftp.gregorysblog.org/wwwroot/" local="132046799890984947" remote="132047080800000000" Dst="2" />
<file name="slideshow.cfm" server="ftp.gregorysblog.org/wwwroot/" local="132046799891105052" remote="132047080800000000" Dst="2" />
<file name="unsubscribe.cfm" server="ftp.gregorysblog.org/wwwroot/" local="132046799891234998" remote="132047080800000000" Dst="2" />
</dwsync>