<?xml version="1.0" encoding="utf-8" ?>
<dwsync>
<file name="kendo.autocomplete.js" server="gregoryalexander.com/wwwroot/" local="132034609787868043" remote="132034690200000000" Dst="2" />
<file name="kendo.angular.js" server="gregoryalexander.com/wwwroot/" local="132034609792539200" remote="132034690800000000" Dst="2" />
<file name="jquery.js" server="gregoryalexander.com/wwwroot/" local="132034609791078777" remote="132034690800000000" Dst="2" />
<file name="kendo.button.js" server="gregoryalexander.com/wwwroot/" local="132034609792249137" remote="132034690800000000" Dst="2" />
<file name="kendo.binder.js" server="gregoryalexander.com/wwwroot/" local="132034609793729472" remote="132034690800000000" Dst="2" />
<file name="kendo.calendar.js" server="gregoryalexander.com/wwwroot/" local="132034609794339518" remote="132034690800000000" Dst="2" />
<file name="kendo.color.js" server="gregoryalexander.com/wwwroot/" local="132034609788418178" remote="132034690800000000" Dst="2" />
<file name="kendo.colorpicker.js" server="gregoryalexander.com/wwwroot/" local="132034609788668323" remote="132034690800000000" Dst="2" />
<file name="kendo.combobox.js" server="gregoryalexander.com/wwwroot/" local="132034609791608893" remote="132034690800000000" Dst="2" />
<file name="kendo.core.js" server="gregoryalexander.com/wwwroot/" local="132034609790428723" remote="132034690800000000" Dst="2" />
<file name="kendo.data.odata.js" server="gregoryalexander.com/wwwroot/" local="132034609796160028" remote="132034690800000000" Dst="2" />
<file name="kendo.data.signalr.js" server="gregoryalexander.com/wwwroot/" local="132034609786517742" remote="132034690800000000" Dst="2" />
<file name="kendo.data.js" server="gregoryalexander.com/wwwroot/" local="132034609789678551" remote="132034690800000000" Dst="2" />
<file name="kendo.data.xml.js" server="gregoryalexander.com/wwwroot/" local="132034609789088324" remote="132034690800000000" Dst="2" />
<file name="kendo.dateinput.js" server="gregoryalexander.com/wwwroot/" local="132034609788808355" remote="132034690800000000" Dst="2" />
<file name="kendo.datepicker.js" server="gregoryalexander.com/wwwroot/" local="132034609787998170" remote="132034690800000000" Dst="2" />
<file name="kendo.datetimepicker.js" server="gregoryalexander.com/wwwroot/" local="132034609796430085" remote="132034690800000000" Dst="2" />
<file name="kendo.dialog.js" server="gregoryalexander.com/wwwroot/" local="132034609791978978" remote="132034690800000000" Dst="2" />
<file name="kendo.draganddrop.js" server="gregoryalexander.com/wwwroot/" local="132034609789338388" remote="132034690800000000" Dst="2" />
<file name="kendo.dropdownlist.js" server="gregoryalexander.com/wwwroot/" local="132034609788258230" remote="132034690800000000" Dst="2" />
<file name="kendo.editable.js" server="gregoryalexander.com/wwwroot/" local="132034609788128107" remote="132034690800000000" Dst="2" />
<file name="kendo.fx.js" server="gregoryalexander.com/wwwroot/" local="132034609794519568" remote="132034690800000000" Dst="2" />
<file name="kendo.listbox.js" server="gregoryalexander.com/wwwroot/" local="132034609791729017" remote="132034690800000000" Dst="2" />
<file name="kendo.listview.js" server="gregoryalexander.com/wwwroot/" local="132034609792379167" remote="132034690800000000" Dst="2" />
<file name="kendo.list.js" server="gregoryalexander.com/wwwroot/" local="132034609794919742" remote="132034690800000000" Dst="2" />
<file name="kendo.maskedtextbox.js" server="gregoryalexander.com/wwwroot/" local="132034609793359388" remote="132034690800000000" Dst="2" />
<file name="kendo.mobile.actionsheet.js" server="gregoryalexander.com/wwwroot/" local="132034609790128655" remote="132034690800000000" Dst="2" />
<file name="kendo.mobile.application.js" server="gregoryalexander.com/wwwroot/" local="132034609793609445" remote="132034690800000000" Dst="2" />
<file name="kendo.menu.js" server="gregoryalexander.com/wwwroot/" local="132034609792939202" remote="132034690800000000" Dst="2" />
<file name="kendo.mobile.button.js" server="gregoryalexander.com/wwwroot/" local="132034609796560118" remote="132034690800000000" Dst="2" />
<file name="kendo.mobile.buttongroup.js" server="gregoryalexander.com/wwwroot/" local="132034609793079328" remote="132034690800000000" Dst="2" />
<file name="kendo.mobile.collapsible.js" server="gregoryalexander.com/wwwroot/" local="132034609793209352" remote="132034690800000000" Dst="2" />
<file name="kendo.mobile.drawer.js" server="gregoryalexander.com/wwwroot/" local="132034609787467954" remote="132034690800000000" Dst="2" />
<file name="kendo.mobile.listview.js" server="gregoryalexander.com/wwwroot/" local="132034609795989897" remote="132034690800000000" Dst="2" />
<file name="kendo.mobile.loader.js" server="gregoryalexander.com/wwwroot/" local="132034609791368839" remote="132034690800000000" Dst="2" />
<file name="kendo.mobile.modalview.js" server="gregoryalexander.com/wwwroot/" local="132034609787077963" remote="132034690800000000" Dst="2" />
<file name="kendo.mobile.navbar.js" server="gregoryalexander.com/wwwroot/" local="132034609786837909" remote="132034690800000000" Dst="2" />
<file name="kendo.mobile.pane.js" server="gregoryalexander.com/wwwroot/" local="132034609788548292" remote="132034690800000000" Dst="2" />
<file name="kendo.mobile.popover.js" server="gregoryalexander.com/wwwroot/" local="132034609790688690" remote="132034690800000000" Dst="2" />
<file name="kendo.mobile.scroller.js" server="gregoryalexander.com/wwwroot/" local="132034609790248682" remote="132034690800000000" Dst="2" />
<file name="kendo.mobile.scrollview.js" server="gregoryalexander.com/wwwroot/" local="132034609793859412" remote="132034690800000000" Dst="2" />
<file name="kendo.mobile.shim.js" server="gregoryalexander.com/wwwroot/" local="132034609796730156" remote="132034690800000000" Dst="2" />
<file name="kendo.mobile.splitview.js" server="gregoryalexander.com/wwwroot/" local="132034609790568668" remote="132034690800000000" Dst="2" />
<file name="kendo.mobile.switch.js" server="gregoryalexander.com/wwwroot/" local="132034609796299959" remote="132034690800000000" Dst="2" />
<file name="kendo.mobile.tabstrip.js" server="gregoryalexander.com/wwwroot/" local="132034609793489330" remote="132034690800000000" Dst="2" />
<file name="kendo.mobile.view.js" server="gregoryalexander.com/wwwroot/" local="132034609787337933" remote="132034690800000000" Dst="2" />
<file name="kendo.multiselect.js" server="gregoryalexander.com/wwwroot/" local="132034609795849955" remote="132034690800000000" Dst="2" />
<file name="kendo.notification.js" server="gregoryalexander.com/wwwroot/" local="132034609791859047" remote="132034690800000000" Dst="2" />
<file name="kendo.numerictextbox.js" server="gregoryalexander.com/wwwroot/" local="132034609794779715" remote="132034690800000000" Dst="2" />
<file name="kendo.pager.js" server="gregoryalexander.com/wwwroot/" local="132034609788948385" remote="132034690800000000" Dst="2" />
<file name="kendo.panelbar.js" server="gregoryalexander.com/wwwroot/" local="132034609786697876" remote="132034690800000000" Dst="2" />
<file name="kendo.popup.js" server="gregoryalexander.com/wwwroot/" local="132034609791238812" remote="132034690800000000" Dst="2" />
<file name="kendo.progressbar.js" server="gregoryalexander.com/wwwroot/" local="132034609795069684" remote="132034690800000000" Dst="2" />
<file name="kendo.resizable.js" server="gregoryalexander.com/wwwroot/" local="132034609787598077" remote="132034690800000000" Dst="2" />
<file name="kendo.responsivepanel.js" server="gregoryalexander.com/wwwroot/" local="132034609795429862" remote="132034690800000000" Dst="2" />
<file name="kendo.router.js" server="gregoryalexander.com/wwwroot/" local="132034609792119107" remote="132034690800000000" Dst="2" />
<file name="kendo.selectable.js" server="gregoryalexander.com/wwwroot/" local="132034609786957842" remote="132034690800000000" Dst="2" />
<file name="kendo.slider.js" server="gregoryalexander.com/wwwroot/" local="132034609794199491" remote="132034690800000000" Dst="2" />
<file name="kendo.splitter.js" server="gregoryalexander.com/wwwroot/" local="132034609790848743" remote="132034690800000000" Dst="2" />
<file name="kendo.sortable.js" server="gregoryalexander.com/wwwroot/" local="132034609795569892" remote="132034690800000000" Dst="2" />
<file name="kendo.tabstrip.js" server="gregoryalexander.com/wwwroot/" local="132034609794029450" remote="132034690800000000" Dst="2" />
<file name="kendo.timepicker.js" server="gregoryalexander.com/wwwroot/" local="132034609792669230" remote="132034690800000000" Dst="2" />
<file name="kendo.tooltip.js" server="gregoryalexander.com/wwwroot/" local="132034609792789172" remote="132034690800000000" Dst="2" />
<file name="kendo.toolbar.js" server="gregoryalexander.com/wwwroot/" local="132034609791488963" remote="132034690800000000" Dst="2" />
<file name="kendo.touch.js" server="gregoryalexander.com/wwwroot/" local="132034609787207993" remote="132034690800000000" Dst="2" />
<file name="kendo.userevents.js" server="gregoryalexander.com/wwwroot/" local="132034609794649586" remote="132034690800000000" Dst="2" />
<file name="kendo.validator.js" server="gregoryalexander.com/wwwroot/" local="132034609795719834" remote="132034690800000000" Dst="2" />
<file name="kendo.view.js" server="gregoryalexander.com/wwwroot/" local="132034609789218354" remote="132034690800000000" Dst="2" />
<file name="kendo.timezones.js" server="gregoryalexander.com/wwwroot/" local="132034609795289829" remote="132034690800000000" Dst="2" />
<file name="kendo.window.js" server="gregoryalexander.com/wwwroot/" local="132034609787738116" remote="132034690800000000" Dst="2" />
<file name="kendo.virtuallist.js" server="gregoryalexander.com/wwwroot/" local="132034609789528443" remote="132034690800000000" Dst="2" />
<file name="kendo.ui.core.js" server="gregoryalexander.com/wwwroot/" local="132034609790008628" remote="132034690800000000" Dst="2" />
<file name="kendo.angular.js" server="ntc6-p2stl.ezhostingserver.com/wwwroot/" local="132034609792539200" remote="132034743600000000" Dst="2" />
<file name="kendo.autocomplete.js" server="ntc6-p2stl.ezhostingserver.com/wwwroot/" local="132034609787868043" remote="132034743600000000" Dst="2" />
<file name="jquery.js" server="ntc6-p2stl.ezhostingserver.com/wwwroot/" local="132034609791078777" remote="132034743600000000" Dst="2" />
<file name="kendo.binder.js" server="ntc6-p2stl.ezhostingserver.com/wwwroot/" local="132034609793729472" remote="132034743600000000" Dst="2" />
<file name="kendo.button.js" server="ntc6-p2stl.ezhostingserver.com/wwwroot/" local="132034609792249137" remote="132034743600000000" Dst="2" />
<file name="kendo.color.js" server="ntc6-p2stl.ezhostingserver.com/wwwroot/" local="132034609788418178" remote="132034743600000000" Dst="2" />
<file name="kendo.calendar.js" server="ntc6-p2stl.ezhostingserver.com/wwwroot/" local="132034609794339518" remote="132034743600000000" Dst="2" />
<file name="kendo.colorpicker.js" server="ntc6-p2stl.ezhostingserver.com/wwwroot/" local="132034609788668323" remote="132034743600000000" Dst="2" />
<file name="kendo.combobox.js" server="ntc6-p2stl.ezhostingserver.com/wwwroot/" local="132034609791608893" remote="132034743600000000" Dst="2" />
<file name="kendo.data.odata.js" server="ntc6-p2stl.ezhostingserver.com/wwwroot/" local="132034609796160028" remote="132034743600000000" Dst="2" />
<file name="kendo.core.js" server="ntc6-p2stl.ezhostingserver.com/wwwroot/" local="132034609790428723" remote="132034743600000000" Dst="2" />
<file name="kendo.data.js" server="ntc6-p2stl.ezhostingserver.com/wwwroot/" local="132034609789678551" remote="132034743600000000" Dst="2" />
<file name="kendo.data.signalr.js" server="ntc6-p2stl.ezhostingserver.com/wwwroot/" local="132034609786517742" remote="132034743600000000" Dst="2" />
<file name="kendo.data.xml.js" server="ntc6-p2stl.ezhostingserver.com/wwwroot/" local="132034609789088324" remote="132034743600000000" Dst="2" />
<file name="kendo.dateinput.js" server="ntc6-p2stl.ezhostingserver.com/wwwroot/" local="132034609788808355" remote="132034743600000000" Dst="2" />
<file name="kendo.datepicker.js" server="ntc6-p2stl.ezhostingserver.com/wwwroot/" local="132034609787998170" remote="132034743600000000" Dst="2" />
<file name="kendo.datetimepicker.js" server="ntc6-p2stl.ezhostingserver.com/wwwroot/" local="132034609796430085" remote="132034743600000000" Dst="2" />
<file name="kendo.dialog.js" server="ntc6-p2stl.ezhostingserver.com/wwwroot/" local="132034609791978978" remote="132034743600000000" Dst="2" />
<file name="kendo.draganddrop.js" server="ntc6-p2stl.ezhostingserver.com/wwwroot/" local="132034609789338388" remote="132034743600000000" Dst="2" />
<file name="kendo.dropdownlist.js" server="ntc6-p2stl.ezhostingserver.com/wwwroot/" local="132034609788258230" remote="132034743600000000" Dst="2" />
<file name="kendo.editable.js" server="ntc6-p2stl.ezhostingserver.com/wwwroot/" local="132034609788128107" remote="132034743600000000" Dst="2" />
<file name="kendo.fx.js" server="ntc6-p2stl.ezhostingserver.com/wwwroot/" local="132034609794519568" remote="132034743600000000" Dst="2" />
<file name="kendo.listbox.js" server="ntc6-p2stl.ezhostingserver.com/wwwroot/" local="132034609791729017" remote="132034743600000000" Dst="2" />
<file name="kendo.list.js" server="ntc6-p2stl.ezhostingserver.com/wwwroot/" local="132034609794919742" remote="132034743600000000" Dst="2" />
<file name="kendo.listview.js" server="ntc6-p2stl.ezhostingserver.com/wwwroot/" local="132034609792379167" remote="132034743600000000" Dst="2" />
<file name="kendo.maskedtextbox.js" server="ntc6-p2stl.ezhostingserver.com/wwwroot/" local="132034609793359388" remote="132034743600000000" Dst="2" />
<file name="kendo.mobile.actionsheet.js" server="ntc6-p2stl.ezhostingserver.com/wwwroot/" local="132034609790128655" remote="132034743600000000" Dst="2" />
<file name="kendo.menu.js" server="ntc6-p2stl.ezhostingserver.com/wwwroot/" local="132034609792939202" remote="132034743600000000" Dst="2" />
<file name="kendo.mobile.application.js" server="ntc6-p2stl.ezhostingserver.com/wwwroot/" local="132034609793609445" remote="132034743600000000" Dst="2" />
<file name="kendo.mobile.buttongroup.js" server="ntc6-p2stl.ezhostingserver.com/wwwroot/" local="132034609793079328" remote="132034743600000000" Dst="2" />
<file name="kendo.mobile.button.js" server="ntc6-p2stl.ezhostingserver.com/wwwroot/" local="132034609796560118" remote="132034743600000000" Dst="2" />
<file name="kendo.mobile.drawer.js" server="ntc6-p2stl.ezhostingserver.com/wwwroot/" local="132034609787467954" remote="132034743600000000" Dst="2" />
<file name="kendo.mobile.collapsible.js" server="ntc6-p2stl.ezhostingserver.com/wwwroot/" local="132034609793209352" remote="132034743600000000" Dst="2" />
<file name="kendo.mobile.listview.js" server="ntc6-p2stl.ezhostingserver.com/wwwroot/" local="132034609795989897" remote="132034743600000000" Dst="2" />
<file name="kendo.mobile.loader.js" server="ntc6-p2stl.ezhostingserver.com/wwwroot/" local="132034609791368839" remote="132034743600000000" Dst="2" />
<file name="kendo.mobile.modalview.js" server="ntc6-p2stl.ezhostingserver.com/wwwroot/" local="132034609787077963" remote="132034743600000000" Dst="2" />
<file name="kendo.mobile.navbar.js" server="ntc6-p2stl.ezhostingserver.com/wwwroot/" local="132034609786837909" remote="132034743600000000" Dst="2" />
<file name="kendo.mobile.pane.js" server="ntc6-p2stl.ezhostingserver.com/wwwroot/" local="132034609788548292" remote="132034743600000000" Dst="2" />
<file name="kendo.mobile.popover.js" server="ntc6-p2stl.ezhostingserver.com/wwwroot/" local="132034609790688690" remote="132034743600000000" Dst="2" />
<file name="kendo.mobile.scroller.js" server="ntc6-p2stl.ezhostingserver.com/wwwroot/" local="132034609790248682" remote="132034743600000000" Dst="2" />
<file name="kendo.mobile.scrollview.js" server="ntc6-p2stl.ezhostingserver.com/wwwroot/" local="132034609793859412" remote="132034743600000000" Dst="2" />
<file name="kendo.mobile.splitview.js" server="ntc6-p2stl.ezhostingserver.com/wwwroot/" local="132034609790568668" remote="132034743600000000" Dst="2" />
<file name="kendo.mobile.shim.js" server="ntc6-p2stl.ezhostingserver.com/wwwroot/" local="132034609796730156" remote="132034743600000000" Dst="2" />
<file name="kendo.mobile.switch.js" server="ntc6-p2stl.ezhostingserver.com/wwwroot/" local="132034609796299959" remote="132034743600000000" Dst="2" />
<file name="kendo.mobile.view.js" server="ntc6-p2stl.ezhostingserver.com/wwwroot/" local="132034609787337933" remote="132034743600000000" Dst="2" />
<file name="kendo.mobile.tabstrip.js" server="ntc6-p2stl.ezhostingserver.com/wwwroot/" local="132034609793489330" remote="132034743600000000" Dst="2" />
<file name="kendo.multiselect.js" server="ntc6-p2stl.ezhostingserver.com/wwwroot/" local="132034609795849955" remote="132034743600000000" Dst="2" />
<file name="kendo.notification.js" server="ntc6-p2stl.ezhostingserver.com/wwwroot/" local="132034609791859047" remote="132034743600000000" Dst="2" />
<file name="kendo.numerictextbox.js" server="ntc6-p2stl.ezhostingserver.com/wwwroot/" local="132034609794779715" remote="132034743600000000" Dst="2" />
<file name="kendo.pager.js" server="ntc6-p2stl.ezhostingserver.com/wwwroot/" local="132034609788948385" remote="132034743600000000" Dst="2" />
<file name="kendo.panelbar.js" server="ntc6-p2stl.ezhostingserver.com/wwwroot/" local="132034609786697876" remote="132034743600000000" Dst="2" />
<file name="kendo.popup.js" server="ntc6-p2stl.ezhostingserver.com/wwwroot/" local="132034609791238812" remote="132034743600000000" Dst="2" />
<file name="kendo.progressbar.js" server="ntc6-p2stl.ezhostingserver.com/wwwroot/" local="132034609795069684" remote="132034744200000000" Dst="2" />
<file name="kendo.resizable.js" server="ntc6-p2stl.ezhostingserver.com/wwwroot/" local="132034609787598077" remote="132034744200000000" Dst="2" />
<file name="kendo.responsivepanel.js" server="ntc6-p2stl.ezhostingserver.com/wwwroot/" local="132034609795429862" remote="132034744200000000" Dst="2" />
<file name="kendo.router.js" server="ntc6-p2stl.ezhostingserver.com/wwwroot/" local="132034609792119107" remote="132034744200000000" Dst="2" />
<file name="kendo.selectable.js" server="ntc6-p2stl.ezhostingserver.com/wwwroot/" local="132034609786957842" remote="132034744200000000" Dst="2" />
<file name="kendo.slider.js" server="ntc6-p2stl.ezhostingserver.com/wwwroot/" local="132034609794199491" remote="132034744200000000" Dst="2" />
<file name="kendo.sortable.js" server="ntc6-p2stl.ezhostingserver.com/wwwroot/" local="132034609795569892" remote="132034744200000000" Dst="2" />
<file name="kendo.splitter.js" server="ntc6-p2stl.ezhostingserver.com/wwwroot/" local="132034609790848743" remote="132034744200000000" Dst="2" />
<file name="kendo.tabstrip.js" server="ntc6-p2stl.ezhostingserver.com/wwwroot/" local="132034609794029450" remote="132034744200000000" Dst="2" />
<file name="kendo.timepicker.js" server="ntc6-p2stl.ezhostingserver.com/wwwroot/" local="132034609792669230" remote="132034744200000000" Dst="2" />
<file name="kendo.tooltip.js" server="ntc6-p2stl.ezhostingserver.com/wwwroot/" local="132034609792789172" remote="132034744200000000" Dst="2" />
<file name="kendo.toolbar.js" server="ntc6-p2stl.ezhostingserver.com/wwwroot/" local="132034609791488963" remote="132034744200000000" Dst="2" />
<file name="kendo.touch.js" server="ntc6-p2stl.ezhostingserver.com/wwwroot/" local="132034609787207993" remote="132034744200000000" Dst="2" />
<file name="kendo.userevents.js" server="ntc6-p2stl.ezhostingserver.com/wwwroot/" local="132034609794649586" remote="132034744200000000" Dst="2" />
<file name="kendo.validator.js" server="ntc6-p2stl.ezhostingserver.com/wwwroot/" local="132034609795719834" remote="132034744200000000" Dst="2" />
<file name="kendo.timezones.js" server="ntc6-p2stl.ezhostingserver.com/wwwroot/" local="132034609795289829" remote="132034744200000000" Dst="2" />
<file name="kendo.view.js" server="ntc6-p2stl.ezhostingserver.com/wwwroot/" local="132034609789218354" remote="132034744200000000" Dst="2" />
<file name="kendo.virtuallist.js" server="ntc6-p2stl.ezhostingserver.com/wwwroot/" local="132034609789528443" remote="132034744200000000" Dst="2" />
<file name="kendo.window.js" server="ntc6-p2stl.ezhostingserver.com/wwwroot/" local="132034609787738116" remote="132034744200000000" Dst="2" />
<file name="kendo.ui.core.js" server="ntc6-p2stl.ezhostingserver.com/wwwroot/" local="132034609790008628" remote="132034744200000000" Dst="2" />
<file name="kendo.angular.js" server="ftp.gregorysblog.org/wwwroot/" local="132046800144375490" remote="132047073600000000" Dst="2" />
<file name="kendo.autocomplete.js" server="ftp.gregorysblog.org/wwwroot/" local="132046800144505529" remote="132047073600000000" Dst="2" />
<file name="jquery.js" server="ftp.gregorysblog.org/wwwroot/" local="132046800144215455" remote="132047073600000000" Dst="2" />
<file name="kendo.binder.js" server="ftp.gregorysblog.org/wwwroot/" local="132046800144625556" remote="132047073600000000" Dst="2" />
<file name="kendo.button.js" server="ftp.gregorysblog.org/wwwroot/" local="132046800144765670" remote="132047073600000000" Dst="2" />
<file name="kendo.color.js" server="ftp.gregorysblog.org/wwwroot/" local="132046800145035639" remote="132047073600000000" Dst="2" />
<file name="kendo.calendar.js" server="ftp.gregorysblog.org/wwwroot/" local="132046800144895618" remote="132047073600000000" Dst="2" />
<file name="kendo.colorpicker.js" server="ftp.gregorysblog.org/wwwroot/" local="132046800145155666" remote="132047073600000000" Dst="2" />
<file name="kendo.combobox.js" server="ftp.gregorysblog.org/wwwroot/" local="132046800145285699" remote="132047073600000000" Dst="2" />
<file name="kendo.data.odata.js" server="ftp.gregorysblog.org/wwwroot/" local="132046800145725889" remote="132047073600000000" Dst="2" />
<file name="kendo.core.js" server="ftp.gregorysblog.org/wwwroot/" local="132046800145455736" remote="132047073600000000" Dst="2" />
<file name="kendo.data.js" server="ftp.gregorysblog.org/wwwroot/" local="132046800145595763" remote="132047073600000000" Dst="2" />
<file name="kendo.data.signalr.js" server="ftp.gregorysblog.org/wwwroot/" local="132046800145855828" remote="132047073600000000" Dst="2" />
<file name="kendo.data.xml.js" server="ftp.gregorysblog.org/wwwroot/" local="132046800145995867" remote="132047073600000000" Dst="2" />
<file name="kendo.dateinput.js" server="ftp.gregorysblog.org/wwwroot/" local="132046800146135981" remote="132047073600000000" Dst="2" />
<file name="kendo.datepicker.js" server="ftp.gregorysblog.org/wwwroot/" local="132046800146256008" remote="132047073600000000" Dst="2" />
<file name="kendo.datetimepicker.js" server="ftp.gregorysblog.org/wwwroot/" local="132046800146376035" remote="132047073600000000" Dst="2" />
<file name="kendo.dialog.js" server="ftp.gregorysblog.org/wwwroot/" local="132046800146485962" remote="132047073600000000" Dst="2" />
<file name="kendo.draganddrop.js" server="ftp.gregorysblog.org/wwwroot/" local="132046800146615995" remote="132047073600000000" Dst="2" />
<file name="kendo.dropdownlist.js" server="ftp.gregorysblog.org/wwwroot/" local="132046800146736016" remote="132047073600000000" Dst="2" />
<file name="kendo.editable.js" server="ftp.gregorysblog.org/wwwroot/" local="132046800146876049" remote="132047073600000000" Dst="2" />
<file name="kendo.fx.js" server="ftp.gregorysblog.org/wwwroot/" local="132046800147036081" remote="132047073600000000" Dst="2" />
<file name="kendo.listbox.js" server="ftp.gregorysblog.org/wwwroot/" local="132046800147276237" remote="132047073600000000" Dst="2" />
<file name="kendo.list.js" server="ftp.gregorysblog.org/wwwroot/" local="132046800147156111" remote="132047073600000000" Dst="2" />
<file name="kendo.listview.js" server="ftp.gregorysblog.org/wwwroot/" local="132046800147396195" remote="132047073600000000" Dst="2" />
<file name="kendo.maskedtextbox.js" server="ftp.gregorysblog.org/wwwroot/" local="132046800147566202" remote="132047073600000000" Dst="2" />
<file name="kendo.mobile.actionsheet.js" server="ftp.gregorysblog.org/wwwroot/" local="132046800147826277" remote="132047073600000000" Dst="2" />
<file name="kendo.menu.js" server="ftp.gregorysblog.org/wwwroot/" local="132046800147706334" remote="132047073600000000" Dst="2" />
<file name="kendo.mobile.button.js" server="ftp.gregorysblog.org/wwwroot/" local="132046800148076418" remote="132047073600000000" Dst="2" />
<file name="kendo.mobile.application.js" server="ftp.gregorysblog.org/wwwroot/" local="132046800147946391" remote="132047073600000000" Dst="2" />
<file name="kendo.mobile.buttongroup.js" server="ftp.gregorysblog.org/wwwroot/" local="132046800148216448" remote="132047073600000000" Dst="2" />
<file name="kendo.mobile.collapsible.js" server="ftp.gregorysblog.org/wwwroot/" local="132046800148366483" remote="132047073600000000" Dst="2" />
<file name="kendo.mobile.drawer.js" server="ftp.gregorysblog.org/wwwroot/" local="132046800148486416" remote="132047073600000000" Dst="2" />
<file name="kendo.mobile.listview.js" server="ftp.gregorysblog.org/wwwroot/" local="132046800148596441" remote="132047073600000000" Dst="2" />
<file name="kendo.mobile.modalview.js" server="ftp.gregorysblog.org/wwwroot/" local="132046800148836488" remote="132047073600000000" Dst="2" />
<file name="kendo.mobile.loader.js" server="ftp.gregorysblog.org/wwwroot/" local="132046800148716561" remote="132047073600000000" Dst="2" />
<file name="kendo.mobile.pane.js" server="ftp.gregorysblog.org/wwwroot/" local="132046800149096560" remote="132047073600000000" Dst="2" />
<file name="kendo.mobile.navbar.js" server="ftp.gregorysblog.org/wwwroot/" local="132046800148966618" remote="132047073600000000" Dst="2" />
<file name="kendo.mobile.popover.js" server="ftp.gregorysblog.org/wwwroot/" local="132046800149236677" remote="132047073600000000" Dst="2" />
<file name="kendo.mobile.scrollview.js" server="ftp.gregorysblog.org/wwwroot/" local="132046800149476637" remote="132047073600000000" Dst="2" />
<file name="kendo.mobile.scroller.js" server="ftp.gregorysblog.org/wwwroot/" local="132046800149366882" remote="132047073600000000" Dst="2" />
<file name="kendo.mobile.shim.js" server="ftp.gregorysblog.org/wwwroot/" local="132046800149636769" remote="132047073600000000" Dst="2" />
<file name="kendo.mobile.splitview.js" server="ftp.gregorysblog.org/wwwroot/" local="132046800149796801" remote="132047073600000000" Dst="2" />
<file name="kendo.mobile.switch.js" server="ftp.gregorysblog.org/wwwroot/" local="132046800149936743" remote="132047073600000000" Dst="2" />
<file name="kendo.mobile.tabstrip.js" server="ftp.gregorysblog.org/wwwroot/" local="132046800150066863" remote="132047073600000000" Dst="2" />
<file name="kendo.mobile.view.js" server="ftp.gregorysblog.org/wwwroot/" local="132046800150206899" remote="132047073600000000" Dst="2" />
<file name="kendo.multiselect.js" server="ftp.gregorysblog.org/wwwroot/" local="132046800150356931" remote="132047073600000000" Dst="2" />
<file name="kendo.notification.js" server="ftp.gregorysblog.org/wwwroot/" local="132046800150506873" remote="132047073600000000" Dst="2" />
<file name="kendo.numerictextbox.js" server="ftp.gregorysblog.org/wwwroot/" local="132046800150656920" remote="132047073600000000" Dst="2" />
<file name="kendo.pager.js" server="ftp.gregorysblog.org/wwwroot/" local="132046800150817036" remote="132047073600000000" Dst="2" />
<file name="kendo.panelbar.js" server="ftp.gregorysblog.org/wwwroot/" local="132046800150977071" remote="132047073600000000" Dst="2" />
<file name="kendo.popup.js" server="ftp.gregorysblog.org/wwwroot/" local="132046800151117004" remote="132047073600000000" Dst="2" />
<file name="kendo.progressbar.js" server="ftp.gregorysblog.org/wwwroot/" local="132046800151247040" remote="132047073600000000" Dst="2" />
<file name="kendo.resizable.js" server="ftp.gregorysblog.org/wwwroot/" local="132046800151377064" remote="132047073600000000" Dst="2" />
<file name="kendo.responsivepanel.js" server="ftp.gregorysblog.org/wwwroot/" local="132046800151507097" remote="132047073600000000" Dst="2" />
<file name="kendo.router.js" server="ftp.gregorysblog.org/wwwroot/" local="132046800151647223" remote="132047073600000000" Dst="2" />
<file name="kendo.selectable.js" server="ftp.gregorysblog.org/wwwroot/" local="132046800151767153" remote="132047073600000000" Dst="2" />
<file name="kendo.slider.js" server="ftp.gregorysblog.org/wwwroot/" local="132046800151927194" remote="132047073600000000" Dst="2" />
<file name="kendo.sortable.js" server="ftp.gregorysblog.org/wwwroot/" local="132046800152057314" remote="132047073600000000" Dst="2" />
<file name="kendo.splitter.js" server="ftp.gregorysblog.org/wwwroot/" local="132046800152197244" remote="132047073600000000" Dst="2" />
<file name="kendo.tabstrip.js" server="ftp.gregorysblog.org/wwwroot/" local="132046800152347291" remote="132047073600000000" Dst="2" />
<file name="kendo.timepicker.js" server="ftp.gregorysblog.org/wwwroot/" local="132046800152467406" remote="132047073600000000" Dst="2" />
<file name="kendo.tooltip.js" server="ftp.gregorysblog.org/wwwroot/" local="132046800152917412" remote="132047073600000000" Dst="2" />
<file name="kendo.toolbar.js" server="ftp.gregorysblog.org/wwwroot/" local="132046800152797482" remote="132047073600000000" Dst="2" />
<file name="kendo.touch.js" server="ftp.gregorysblog.org/wwwroot/" local="132046800153057442" remote="132047073600000000" Dst="2" />
<file name="kendo.userevents.js" server="ftp.gregorysblog.org/wwwroot/" local="132046800153507647" remote="132047073600000000" Dst="2" />
<file name="kendo.validator.js" server="ftp.gregorysblog.org/wwwroot/" local="132046800153637577" remote="132047073600000000" Dst="2" />
<file name="kendo.view.js" server="ftp.gregorysblog.org/wwwroot/" local="132046800153797618" remote="132047073600000000" Dst="2" />
<file name="kendo.timezones.js" server="ftp.gregorysblog.org/wwwroot/" local="132046800152677376" remote="132047073600000000" Dst="2" />
<file name="kendo.virtuallist.js" server="ftp.gregorysblog.org/wwwroot/" local="132046800153967752" remote="132047073600000000" Dst="2" />
<file name="kendo.window.js" server="ftp.gregorysblog.org/wwwroot/" local="132046800154107773" remote="132047073600000000" Dst="2" />
<file name="kendo.ui.core.js" server="ftp.gregorysblog.org/wwwroot/" local="132046800153377515" remote="132047073600000000" Dst="2" />
</dwsync>