<?xml version="1.0" encoding="utf-8" ?>
<dwsync>
<file name="ui.notify.css" server="gregoryalexander.com/wwwroot/" local="130778506667841456" remote="131979710400000000" Dst="2" />
<file name="alert.png" server="gregoryalexander.com/wwwroot/" local="130776772052354284" remote="131979710400000000" Dst="2" />
<file name="example.cfm" server="gregoryalexander.com/wwwroot/" local="130778532552468236" remote="131979710400000000" Dst="2" />
<file name="info.jpg" server="gregoryalexander.com/wwwroot/" local="130776856537751124" remote="131979710400000000" Dst="2" />
<file name="index.htm" server="gregoryalexander.com/wwwroot/" local="130778737243371960" remote="131979710400000000" Dst="2" />
<file name="info.gif" server="gregoryalexander.com/wwwroot/" local="130776853581589024" remote="131979710400000000" Dst="2" />
<file name="info1.jpg" server="gregoryalexander.com/wwwroot/" local="130778358410150220" remote="131979710400000000" Dst="2" />
<file name="infoRound.gif" server="gregoryalexander.com/wwwroot/" local="130778531390595132" remote="131979710400000000" Dst="2" />
<file name="infoRound15px.gif" server="gregoryalexander.com/wwwroot/" local="130778526556529108" remote="131979710400000000" Dst="2" />
<file name="notify.css" server="gregoryalexander.com/wwwroot/" local="130859007324186366" remote="131979710400000000" Dst="2" />
<file name="README.markdown" server="gregoryalexander.com/wwwroot/" local="130776772051106300" remote="131979710400000000" Dst="2" />
<file name="example.cfm" server="ntc6-p2stl.ezhostingserver.com/wwwroot/" local="130778532552468236" remote="132034733400000000" Dst="2" />
<file name="alert.png" server="ntc6-p2stl.ezhostingserver.com/wwwroot/" local="130776772052354284" remote="132034733400000000" Dst="2" />
<file name="index.htm" server="ntc6-p2stl.ezhostingserver.com/wwwroot/" local="130778737243371960" remote="132034733400000000" Dst="2" />
<file name="info.gif" server="ntc6-p2stl.ezhostingserver.com/wwwroot/" local="130776853581589024" remote="132034733400000000" Dst="2" />
<file name="info.jpg" server="ntc6-p2stl.ezhostingserver.com/wwwroot/" local="130776856537751124" remote="132034733400000000" Dst="2" />
<file name="info1.jpg" server="ntc6-p2stl.ezhostingserver.com/wwwroot/" local="130778358410150220" remote="132034733400000000" Dst="2" />
<file name="infoRound.gif" server="ntc6-p2stl.ezhostingserver.com/wwwroot/" local="130778531390595132" remote="132034733400000000" Dst="2" />
<file name="infoRound15px.gif" server="ntc6-p2stl.ezhostingserver.com/wwwroot/" local="130778526556529108" remote="132034733400000000" Dst="2" />
<file name="notify.css" server="ntc6-p2stl.ezhostingserver.com/wwwroot/" local="130859007324186366" remote="132034733400000000" Dst="2" />
<file name="README.markdown" server="ntc6-p2stl.ezhostingserver.com/wwwroot/" local="130776772051106300" remote="132034733400000000" Dst="2" />
<file name="ui.notify.css" server="ntc6-p2stl.ezhostingserver.com/wwwroot/" local="130778506667841456" remote="132034733400000000" Dst="2" />
<file name="alert.png" server="ftp.gregorysblog.org/wwwroot/" local="132046799904538304" remote="132047068200000000" Dst="2" />
<file name="example.cfm" server="ftp.gregorysblog.org/wwwroot/" local="132046799904638398" remote="132047068200000000" Dst="2" />
<file name="index.htm" server="ftp.gregorysblog.org/wwwroot/" local="132046799904808436" remote="132047068200000000" Dst="2" />
<file name="info.gif" server="ftp.gregorysblog.org/wwwroot/" local="132046799904888371" remote="132047068200000000" Dst="2" />
<file name="info.jpg" server="ftp.gregorysblog.org/wwwroot/" local="132046799905018530" remote="132047068200000000" Dst="2" />
<file name="info1.jpg" server="ftp.gregorysblog.org/wwwroot/" local="132046799905138557" remote="132047068200000000" Dst="2" />
<file name="infoRound.gif" server="ftp.gregorysblog.org/wwwroot/" local="132046799905228443" remote="132047068200000000" Dst="2" />
<file name="infoRound15px.gif" server="ftp.gregorysblog.org/wwwroot/" local="132046799905298462" remote="132047068200000000" Dst="2" />
<file name="notify.css" server="ftp.gregorysblog.org/wwwroot/" local="132046799905418492" remote="132047068200000000" Dst="2" />
<file name="README.markdown" server="ftp.gregorysblog.org/wwwroot/" local="132046799905478494" remote="132047068200000000" Dst="2" />
<file name="ui.notify.css" server="ftp.gregorysblog.org/wwwroot/" local="132046799905598515" remote="132047068200000000" Dst="2" />
</dwsync>