<?xml version="1.0" encoding="utf-8" ?>
<dwsync>
<file name="actionsheet.less" server="gregoryalexander.com/wwwroot/" local="132034609721833046" remote="132034690800000000" Dst="2" />
<file name="actionsheet.css" server="gregoryalexander.com/wwwroot/" local="132034610246422189" remote="132034690800000000" Dst="2" />
<file name="base.less" server="gregoryalexander.com/wwwroot/" local="132034609722133111" remote="132034690800000000" Dst="2" />
<file name="button.less" server="gregoryalexander.com/wwwroot/" local="132034609722723344" remote="132034690800000000" Dst="2" />
<file name="all.less" server="gregoryalexander.com/wwwroot/" local="132034609722423183" remote="132034690800000000" Dst="2" />
<file name="buttongroup.less" server="gregoryalexander.com/wwwroot/" local="132034609721693016" remote="132034690800000000" Dst="2" />
<file name="drawer.less" server="gregoryalexander.com/wwwroot/" local="132034609722653237" remote="132034690800000000" Dst="2" />
<file name="forms.less" server="gregoryalexander.com/wwwroot/" local="132034609722803267" remote="132034690800000000" Dst="2" />
<file name="buttongroup.css" server="gregoryalexander.com/wwwroot/" local="132034610255764411" remote="132034690800000000" Dst="2" />
<file name="light.less" server="gregoryalexander.com/wwwroot/" local="132034609722353166" remote="132034690800000000" Dst="2" />
<file name="listview.less" server="gregoryalexander.com/wwwroot/" local="132034609722583218" remote="132034690800000000" Dst="2" />
<file name="modalview.less" server="gregoryalexander.com/wwwroot/" local="132034609722883283" remote="132034690800000000" Dst="2" />
<file name="navbar.css" server="gregoryalexander.com/wwwroot/" local="132034610246412189" remote="132034690800000000" Dst="2" />
<file name="navbar.less" server="gregoryalexander.com/wwwroot/" local="132034609721763033" remote="132034690800000000" Dst="2" />
<file name="popover.css" server="gregoryalexander.com/wwwroot/" local="132034610246392177" remote="132034690800000000" Dst="2" />
<file name="popover.less" server="gregoryalexander.com/wwwroot/" local="132034609721542984" remote="132034690800000000" Dst="2" />
<file name="scroller.css" server="gregoryalexander.com/wwwroot/" local="132034610255864432" remote="132034690800000000" Dst="2" />
<file name="scroller.less" server="gregoryalexander.com/wwwroot/" local="132034609721993084" remote="132034690800000000" Dst="2" />
<file name="scrollview.css" server="gregoryalexander.com/wwwroot/" local="132034610255764411" remote="132034690800000000" Dst="2" />
<file name="scrollview.less" server="gregoryalexander.com/wwwroot/" local="132034609722203224" remote="132034690800000000" Dst="2" />
<file name="splitview.css" server="gregoryalexander.com/wwwroot/" local="132034610255804416" remote="132034690800000000" Dst="2" />
<file name="splitview.less" server="gregoryalexander.com/wwwroot/" local="132034609721913065" remote="132034690800000000" Dst="2" />
<file name="switch.css" server="gregoryalexander.com/wwwroot/" local="132034610255864432" remote="132034690800000000" Dst="2" />
<file name="switch.less" server="gregoryalexander.com/wwwroot/" local="132034609722053192" remote="132034690800000000" Dst="2" />
<file name="tabstrip.less" server="gregoryalexander.com/wwwroot/" local="132034609722273241" remote="132034690800000000" Dst="2" />
<file name="tabstrip.css" server="gregoryalexander.com/wwwroot/" local="132034610256054473" remote="132034690800000000" Dst="2" />
<file name="template.less" server="gregoryalexander.com/wwwroot/" local="132034609722503199" remote="132034690800000000" Dst="2" />
<file name="toolbar.less" server="gregoryalexander.com/wwwroot/" local="132034609721613091" remote="132034690800000000" Dst="2" />
<file name="toolbar.css" server="gregoryalexander.com/wwwroot/" local="132034610376511749" remote="132034690800000000" Dst="2" />
<file name="actionsheet.css" server="ntc6-p2stl.ezhostingserver.com/wwwroot/" local="132034610246422189" remote="132034744200000000" Dst="2" />
<file name="actionsheet.less" server="ntc6-p2stl.ezhostingserver.com/wwwroot/" local="132034609721833046" remote="132034744200000000" Dst="2" />
<file name="base.less" server="ntc6-p2stl.ezhostingserver.com/wwwroot/" local="132034609722133111" remote="132034744200000000" Dst="2" />
<file name="all.less" server="ntc6-p2stl.ezhostingserver.com/wwwroot/" local="132034609722423183" remote="132034744200000000" Dst="2" />
<file name="button.less" server="ntc6-p2stl.ezhostingserver.com/wwwroot/" local="132034609722723344" remote="132034744200000000" Dst="2" />
<file name="buttongroup.less" server="ntc6-p2stl.ezhostingserver.com/wwwroot/" local="132034609721693016" remote="132034744200000000" Dst="2" />
<file name="drawer.less" server="ntc6-p2stl.ezhostingserver.com/wwwroot/" local="132034609722653237" remote="132034744200000000" Dst="2" />
<file name="forms.less" server="ntc6-p2stl.ezhostingserver.com/wwwroot/" local="132034609722803267" remote="132034744200000000" Dst="2" />
<file name="buttongroup.css" server="ntc6-p2stl.ezhostingserver.com/wwwroot/" local="132034610255764411" remote="132034744200000000" Dst="2" />
<file name="light.less" server="ntc6-p2stl.ezhostingserver.com/wwwroot/" local="132034609722353166" remote="132034744200000000" Dst="2" />
<file name="listview.less" server="ntc6-p2stl.ezhostingserver.com/wwwroot/" local="132034609722583218" remote="132034744200000000" Dst="2" />
<file name="navbar.css" server="ntc6-p2stl.ezhostingserver.com/wwwroot/" local="132034610246412189" remote="132034744200000000" Dst="2" />
<file name="modalview.less" server="ntc6-p2stl.ezhostingserver.com/wwwroot/" local="132034609722883283" remote="132034744200000000" Dst="2" />
<file name="navbar.less" server="ntc6-p2stl.ezhostingserver.com/wwwroot/" local="132034609721763033" remote="132034744200000000" Dst="2" />
<file name="popover.css" server="ntc6-p2stl.ezhostingserver.com/wwwroot/" local="132034610246392177" remote="132034744200000000" Dst="2" />
<file name="popover.less" server="ntc6-p2stl.ezhostingserver.com/wwwroot/" local="132034609721542984" remote="132034744200000000" Dst="2" />
<file name="scroller.less" server="ntc6-p2stl.ezhostingserver.com/wwwroot/" local="132034609721993084" remote="132034744200000000" Dst="2" />
<file name="scroller.css" server="ntc6-p2stl.ezhostingserver.com/wwwroot/" local="132034610255864432" remote="132034744200000000" Dst="2" />
<file name="scrollview.css" server="ntc6-p2stl.ezhostingserver.com/wwwroot/" local="132034610255764411" remote="132034744200000000" Dst="2" />
<file name="scrollview.less" server="ntc6-p2stl.ezhostingserver.com/wwwroot/" local="132034609722203224" remote="132034744200000000" Dst="2" />
<file name="splitview.css" server="ntc6-p2stl.ezhostingserver.com/wwwroot/" local="132034610255804416" remote="132034744200000000" Dst="2" />
<file name="splitview.less" server="ntc6-p2stl.ezhostingserver.com/wwwroot/" local="132034609721913065" remote="132034744200000000" Dst="2" />
<file name="switch.css" server="ntc6-p2stl.ezhostingserver.com/wwwroot/" local="132034610255864432" remote="132034744200000000" Dst="2" />
<file name="switch.less" server="ntc6-p2stl.ezhostingserver.com/wwwroot/" local="132034609722053192" remote="132034744200000000" Dst="2" />
<file name="tabstrip.less" server="ntc6-p2stl.ezhostingserver.com/wwwroot/" local="132034609722273241" remote="132034744200000000" Dst="2" />
<file name="template.less" server="ntc6-p2stl.ezhostingserver.com/wwwroot/" local="132034609722503199" remote="132034744200000000" Dst="2" />
<file name="tabstrip.css" server="ntc6-p2stl.ezhostingserver.com/wwwroot/" local="132034610256054473" remote="132034744200000000" Dst="2" />
<file name="toolbar.css" server="ntc6-p2stl.ezhostingserver.com/wwwroot/" local="132034610376511749" remote="132034744200000000" Dst="2" />
<file name="toolbar.less" server="ntc6-p2stl.ezhostingserver.com/wwwroot/" local="132034609721613091" remote="132034744200000000" Dst="2" />
<file name="actionsheet.css" server="ftp.gregorysblog.org/wwwroot/" local="132046800279600358" remote="132047074200000000" Dst="2" />
<file name="actionsheet.less" server="ftp.gregorysblog.org/wwwroot/" local="132046800279680377" remote="132047074200000000" Dst="2" />
<file name="base.less" server="ftp.gregorysblog.org/wwwroot/" local="132046800279830403" remote="132047074200000000" Dst="2" />
<file name="all.less" server="ftp.gregorysblog.org/wwwroot/" local="132046800279752538" remote="132047074200000000" Dst="2" />
<file name="button.less" server="ftp.gregorysblog.org/wwwroot/" local="132046800279910437" remote="132047074200000000" Dst="2" />
<file name="buttongroup.less" server="ftp.gregorysblog.org/wwwroot/" local="132046800280100465" remote="132047074200000000" Dst="2" />
<file name="drawer.less" server="ftp.gregorysblog.org/wwwroot/" local="132046800280170490" remote="132047074200000000" Dst="2" />
<file name="buttongroup.css" server="ftp.gregorysblog.org/wwwroot/" local="132046800280020455" remote="132047074200000000" Dst="2" />
<file name="forms.less" server="ftp.gregorysblog.org/wwwroot/" local="132046800280250522" remote="132047074200000000" Dst="2" />
<file name="light.less" server="ftp.gregorysblog.org/wwwroot/" local="132046800280330513" remote="132047074200000000" Dst="2" />
<file name="listview.less" server="ftp.gregorysblog.org/wwwroot/" local="132046800280400629" remote="132047074200000000" Dst="2" />
<file name="modalview.less" server="ftp.gregorysblog.org/wwwroot/" local="132046800280480549" remote="132047074200000000" Dst="2" />
<file name="navbar.css" server="ftp.gregorysblog.org/wwwroot/" local="132046800280570570" remote="132047074200000000" Dst="2" />
<file name="navbar.less" server="ftp.gregorysblog.org/wwwroot/" local="132046800280650683" remote="132047074200000000" Dst="2" />
<file name="popover.css" server="ftp.gregorysblog.org/wwwroot/" local="132046800280750614" remote="132047074200000000" Dst="2" />
<file name="popover.less" server="ftp.gregorysblog.org/wwwroot/" local="132046800280850635" remote="132047074200000000" Dst="2" />
<file name="scroller.css" server="ftp.gregorysblog.org/wwwroot/" local="132046800280950663" remote="132047074200000000" Dst="2" />
<file name="scroller.less" server="ftp.gregorysblog.org/wwwroot/" local="132046800281030670" remote="132047074200000000" Dst="2" />
<file name="scrollview.css" server="ftp.gregorysblog.org/wwwroot/" local="132046800281140700" remote="132047074200000000" Dst="2" />
<file name="scrollview.less" server="ftp.gregorysblog.org/wwwroot/" local="132046800281220719" remote="132047074200000000" Dst="2" />
<file name="splitview.css" server="ftp.gregorysblog.org/wwwroot/" local="132046800281330740" remote="132047074200000000" Dst="2" />
<file name="splitview.less" server="ftp.gregorysblog.org/wwwroot/" local="132046800281390754" remote="132047074200000000" Dst="2" />
<file name="switch.css" server="ftp.gregorysblog.org/wwwroot/" local="132046800281490778" remote="132047074200000000" Dst="2" />
<file name="switch.less" server="ftp.gregorysblog.org/wwwroot/" local="132046800281560795" remote="132047074200000000" Dst="2" />
<file name="tabstrip.less" server="ftp.gregorysblog.org/wwwroot/" local="132046800281740835" remote="132047074200000000" Dst="2" />
<file name="template.less" server="ftp.gregorysblog.org/wwwroot/" local="132046800281810851" remote="132047074200000000" Dst="2" />
<file name="tabstrip.css" server="ftp.gregorysblog.org/wwwroot/" local="132046800281660819" remote="132047074200000000" Dst="2" />
<file name="toolbar.less" server="ftp.gregorysblog.org/wwwroot/" local="132046800282010906" remote="132047074200000000" Dst="2" />
<file name="toolbar.css" server="ftp.gregorysblog.org/wwwroot/" local="132046800281930869" remote="132047074200000000" Dst="2" />
</dwsync>